年月,基金統編,基金名稱,類型代號,幣別,淨值
200009,00965469,國際第一基金,2,TWD,10.19
200009,00968521,建弘福元基金,2,TWD,13.5
200009,00971096,建弘雙福基金,2,TWD,9.22
200009,00972476,荷銀鴻福基金,2,TWD,12.57
200009,00973762,永昌永昌基金,2,TWD,9.3
200009,00974024,景順中信和信基金,2,TWD,10.85
200009,00974039,怡富怡富基金,2,TWD,9.74
200009,00974050,保德信元富元富基金,2,TWD,20.9336
200009,00974066,寶來2001基金,2,TWD,18.0363
200009,00974241,新光台灣富貴基金,2,TWD,14.86
200009,00988316,荷銀光華基金,2,TWD,16.78
200009,00988701,建弘建弘基金,2,TWD,85.0
200009,00989005,匯豐匯豐基金,2,TWD,82.7
200009,01031298,匯豐龍鳳基金,2,TWD,18.47
200009,01031564,荷銀積極成長基金,2,TWD,7.75
200009,01031699,統一全天候基金,2,TWD,29.86
200009,01031852,永昌昌隆基金,2,TWD,11.09
200009,01031874,瑞銀小龍基金,2,TWD,9.2
200009,01032043,富邦幸福基金,2,TWD,9.806
200009,01032058,元大多福基金,2,TWD,22.76
200009,01032091,保誠威鋒基金,2,TWD,13.02
200009,01032162,怡富台灣增長基金,2,TWD,27.98
200009,01032183,保德信元富高成長基金,2,TWD,29.6145
200009,01032803,建弘萬得福基金,2,TWD,11.77
200009,01050013,匯豐成長基金,2,TWD,18.35
200009,01050148,國際國民基金,2,TWD,23.53
200009,17138140,友邦巨航基金,2,TWD,8.68
200009,17139204,元大新主流基金,2,TWD,8.13
200009,17140075,聯合哥倫布基金,2,TWD,11.35
200009,17140568,景順中信主流基金,2,TWD,8.75
200009,17141187,富鼎半導體科技基金,2,TWD,11.09
200009,17141335,金鼎科技金融基金,2,TWD,11.88
200009,17144889,金亞太雙響炮基金,2,TWD,7.09
200009,17144945,怡富價值成長基金,2,TWD,7.83
200009,17145070,寶來矽谷基金,2,TWD,8.048
200009,17145331,大眾精湛基金,2,TWD,8.93
200009,17146752,彰銀安泰成長精選基金,2,TWD,8.82
200009,17147078,日盛精選五虎基金,2,TWD,9.88
200009,17147915,倍立磐石基金,2,TWD,9.64
200009,17148301,花旗台灣心基金,2,TWD,8.2
200009,17152509,大華高科技基金,2,TWD,7.2
200009,17153269,瑞銀雅典娜基金,2,TWD,6.76
200009,17153795,富邦價值基金,2,TWD,6.4702
200009,17154324,建弘價值基金,2,TWD,6.37
200009,17154555,匯豐中華佳值基金,2,TWD,6.59
200009,17597236,聯邦精選科技基金,2,TWD,7.14
200009,17597600,阿波羅阿波羅基金,2,TWD,5.94
200009,17600534,荷銀高科技基金,2,TWD,6.63
200009,17601891,富鼎大三元基金,2,TWD,7.06
200009,17602625,保德信元富新世紀基金,2,TWD,6.7127
200009,17602821,盛華2000高科技基金,2,TWD,6.78
200009,17603899,保誠電通網基金,2,TWD,6.62
200009,17604124,德盛台灣大壩基金,2,TWD,7.3818
200009,17604341,新光摩天基金,2,TWD,6.47
200009,17605622,統一大滿貫基金,2,TWD,6.04
200009,17606299,國際金龍基金,2,TWD,6.29
200009,17607591,日盛高科技基金,2,TWD,7.0827
200009,17607889,友邦網路商務基金,2,TWD,6.66
200009,17608445,富邦網路基金,2,TWD,7.2029
200009,17608487,復華數位經濟基金,2,TWD,7.37
200009,17610006,永昌新銳星基金,2,TWD,7.44
200009,17612497,國泰國泰基金,2,TWD,7.6846
200009,18030218,富達台灣基金,2,TWD,7.36
200009,18031960,傳山高科技基金,2,TWD,8.49
200009,18033138,德信數位時代基金,2,TWD,8.0971
200009,18034832,盛華8888中小基金,2,TWD,9.5
200009,18036281,元大巴菲特基金,2,TWD,8.98
200009,18037182,中央國際精鑽基金,2,TWD,9.9
200009,18037937,彰銀安泰e科技精選基金,2,TWD,9.09
200009,19325252,瑞銀鐵木真基金,2,TWD,8.09
200009,19325844,元大開發基金,2,TWD,9.78
200009,19325979,盛華8899成長基金,2,TWD,9.61
200009,19328687,保誠台資概念基金,2,TWD,9.25
200009,19330712,倍立寶利基金,2,TWD,9.36
200009,19330754,彰銀安泰優質精選基金,2,TWD,13.14
200009,19337763,新光寶典三十基金,2,TWD,8.99
200009,19339447,聯邦價值基金,2,TWD,8.81
200009,19339782,群益創新科技基金,2,TWD,9.58
200009,19341318,建弘電子基金,2,TWD,9.31
200009,20080023,元大店頭基金,2,TWD,6.83
200009,20081352,群益店頭市場基金,2,TWD,17.36
200009,20081796,保誠金融基金,2,TWD,5.93
200009,20084317,日盛日盛基金,2,TWD,8.68
200009,20089782,景順中信店頭基金,2,TWD,6.89
200009,20092528,建弘店頭市場基金,2,TWD,7.04
200009,20094672,金鼎寶櫃基金,2,TWD,6.89
200009,20094820,友邦巨人基金,2,TWD,7.53
200009,20097447,保德信元富第一基金,2,TWD,10.8823
200009,73982057,金亞太基金,2,TWD,8.0
200009,73987671,匯豐台灣精典基金,2,TWD,8.88
200009,73988171,德信全方位基金,2,TWD,12.0923
200009,73988876,日盛小而美基金,2,TWD,6.8777
200009,73989002,建弘小型精選基金,2,TWD,19.34
200009,73989256,景順中信台灣科技基金,2,TWD,15.06
200009,73989501,怡富中小基金,2,TWD,15.33
200009,73990253,統一奔騰基金,2,TWD,11.81
200009,73990649,保德信元富科技島基金,2,TWD,17.9892
200009,73991154,大眾科技基金,2,TWD,11.96
200009,73991751,國際電子基金,2,TWD,13.18
200009,73991936,荷銀中小企業基金,2,TWD,5.32
200009,73992013,聯合領航科技基金,2,TWD,14.68
200009,73998071,新光店頭基金,2,TWD,15.27
200009,73998086,復華高成長基金,2,TWD,13.52
200009,73999260,金鼎行動基金,2,TWD,10.66
200009,73999515,台育泛亞高倍速基金,2,TWD,9.82
200009,76941376,匯豐成功基金,2,TWD,10.66
200009,76945871,保誠先鋒基金,2,TWD,9.92
200009,77537493,統一統信基金,2,TWD,11.31
200009,77537509,元大多元基金,2,TWD,11.04
200009,81580149,新光國家建設基金,2,TWD,14.72
200009,81581724,統一經建基金,2,TWD,10.42
200009,81583363,金鼎精銳基金,2,TWD,8.17
200009,81584335,元大高科技基金,2,TWD,11.02
200009,81584948,荷銀店頭基金,2,TWD,5.58
200009,81584953,永昌店頭基金,2,TWD,9.08
200009,81584975,日盛上選基金,2,TWD,11.08
200009,81584996,國際中小基金,2,TWD,12.95
200009,81585242,新光創新科技基金,2,TWD,9.1
200009,81585257,寶來地產基金,2,TWD,4.695
200009,81585475,富邦高成長基金,2,TWD,8.0563
200009,81585616,荷銀精選主流基金,2,TWD,6.43
200009,81585622,元大滿益基金,2,TWD,7.6
200009,81587889,復華復華基金,2,TWD,8.0
200009,81588310,聯合創世紀基金,2,TWD,9.51
200009,81588536,大眾大眾基金,2,TWD,11.4
200009,81589042,德信跨世紀基金,2,TWD,10.4637
200009,81591434,群益長安基金,2,TWD,11.25
200009,81594690,大華大華基金,2,TWD,9.79
200009,81595924,保誠中小型股基金,2,TWD,7.16
200009,83852687,光華安泰基金,2,TWD,7.6
200009,83863002,傳山永豐基金,2,TWD,13.24
200009,83863951,元大經貿基金,2,TWD,11.16
200009,83864570,友邦巨鵬基金,2,TWD,12.19
200009,83864683,富邦科技基金,2,TWD,14.4743
200009,83866508,保德信元富中小型股基金,2,TWD,18.0864
200009,92000533,新光台灣永發基金,2,TWD,13.1
200009,92001765,元大多多基金,2,TWD,12.45
200009,92002244,統一黑馬基金,2,TWD,14.26
200009,92002384,富邦精準基金,2,TWD,23.5959
200009,92003102,保誠高科技基金,2,TWD,20.88
200009,92003790,國際精選二十基金,2,TWD,9.96
200009,92004566,寶來績效基金,2,TWD,15.1567
200009,92006298,匯豐中華100基金,2,TWD,8.51
200009,92010477,富邦長紅基金,2,TWD,24.7506
200009,92010498,中信和豐股價指數基金,2,TWD,8.53
200009,92011433,瑞銀強勢基金,2,TWD,10.82
200009,92012025,怡富新興科技基金,2,TWD,29.33
200009,92012572,保誠外銷基金,2,TWD,18.11
200009,92012762,統一龍馬基金,2,TWD,16.97
200009,92013967,保德信元富金滿意基金,2,TWD,21.3939
200009,92016839,永昌前瞻科技基金,2,TWD,11.95
200009,92017794,匯豐龍騰電子基金,2,TWD,25.17
200009,92019174,寶泰先進科技基金,2,TWD,8.77
200009,92019786,景順中信潛力基金,2,TWD,14.8
200009,92026219,元大卓越基金,2,TWD,21.61
200009,97974078,富邦冠軍基金,2,TWD,18.0673
200009,97977878,統一店頭市場基金,2,TWD,8.63
200009,97978102,保誠掌櫃基金,2,TWD,10.2
200009,97980043,建弘福王基金,2,TWD,21.4
200009,97982984,金鼎概念型基金,2,TWD,9.98
200009,97983647,保誠元滿基金,2,TWD,5.92
200009,97984293,群益馬拉松基金,2,TWD,41.3
200009,97988636,保德信元富店頭市場基金,2,TWD,16.1139
200009,97990289,元大中國基金,2,TWD,7.44
200009,97990696,保誠菁華基金,2,TWD,20.29
200009,97991196,富邦８８基金,2,TWD,11.266
200009,97995664,匯豐店頭五十基金,2,TWD,6.3
200009,97997635,金鼎大利基金,2,TWD,15.73
200009,97998418,德信大富基金,2,TWD,14.6707
200009,97998803,新光競臻笠基金,2,TWD,15.51
200012,00965469,國際第一基金,2,TWD,7.07
200012,00968521,建弘福元基金,2,TWD,10.76
200012,00971096,建弘雙福基金,2,TWD,6.8
200012,00972476,荷銀鴻福基金,2,TWD,9.71
200012,00973762,永昌永昌基金,2,TWD,7.62
200012,00974024,景順中信和信基金,2,TWD,7.99
200012,00974039,怡富怡富基金,2,TWD,7.98
200012,00974050,保德信元富元富基金,2,TWD,13.7998
200012,00974066,寶來2001基金,2,TWD,14.5733
200012,00974241,新光台灣富貴基金,2,TWD,9.1
200012,00988316,荷銀光華基金,2,TWD,11.48
200012,00988701,建弘建弘基金,2,TWD,58.5
200012,00989005,匯豐匯豐基金,2,TWD,66.5587
200012,01031298,匯豐龍鳳基金,2,TWD,14.1463
200012,01031564,荷銀積極成長基金,2,TWD,4.84
200012,01031699,統一全天候基金,2,TWD,21.21
200012,01031852,永昌昌隆基金,2,TWD,8.17
200012,01031874,瑞銀小龍基金,2,TWD,6.41
200012,01032043,富邦幸福基金,2,TWD,6.34
200012,01032058,元大多福基金,2,TWD,14.28
200012,01032091,保誠威鋒基金,2,TWD,9.64
200012,01032162,怡富台灣增長基金,2,TWD,21.68
200012,01032183,保德信元富高成長基金,2,TWD,24.0184
200012,01032803,建弘萬得福基金,2,TWD,8.52
200012,01050013,匯豐成長基金,2,TWD,12.5055
200012,01050148,國際國民基金,2,TWD,16.65
200012,17139204,元大新主流基金,2,TWD,5.77
200012,17140075,聯合哥倫布基金,2,TWD,7.92
200012,17140568,景順中信主流基金,2,TWD,6.64
200012,17141187,富鼎半導體科技基金,2,TWD,7.48
200012,17141335,金鼎科技金融基金,2,TWD,8.14
200012,17144889,金亞太雙響炮基金,2,TWD,5.65
200012,17144945,怡富價值成長基金,2,TWD,5.98
200012,17145070,寶來矽谷基金,2,TWD,5.9847
200012,17145331,大眾精湛基金,2,TWD,6.2768
200012,17146752,彰銀安泰成長精選基金,2,TWD,6.2
200012,17147078,日盛精選五虎基金,2,TWD,6.47
200012,17147915,倍立磐石基金,2,TWD,5.96
200012,17148301,花旗台灣心基金,2,TWD,6.53
200012,17152509,大華高科技基金,2,TWD,5.37
200012,17153269,瑞銀雅典娜基金,2,TWD,5.89
200012,17153795,富邦價值基金,2,TWD,4.86
200012,17154324,建弘價值基金,2,TWD,5.52
200012,17154555,匯豐中華佳值基金,2,TWD,5.684
200012,17597236,聯邦精選科技基金,2,TWD,4.59
200012,17597600,阿波羅阿波羅基金,2,TWD,4.5
200012,17600534,荷銀高科技基金,2,TWD,4.34
200012,17601891,富鼎大三元基金,2,TWD,5.07
200012,17602625,保德信元富新世紀基金,2,TWD,4.3467
200012,17602821,盛華2000高科技基金,2,TWD,4.89
200012,17603899,保誠電通網基金,2,TWD,4.67
200012,17604124,德盛台灣大壩基金,2,TWD,5.8555
200012,17604341,新光摩天基金,2,TWD,5.14
200012,17605622,統一大滿貫基金,2,TWD,3.49
200012,17606299,國際金龍基金,2,TWD,4.47
200012,17607591,日盛高科技基金,2,TWD,4.8174
200012,17607889,友邦網路商務基金,2,TWD,4.18
200012,17608445,富邦網路基金,2,TWD,4.72
200012,17608487,復華數位經濟基金,2,TWD,5.61
200012,17610006,永昌新銳星基金,2,TWD,5.17
200012,17612497,國泰國泰基金,2,TWD,5.9566
200012,18030218,富達台灣基金,2,TWD,5.32
200012,18031960,傳山高科技基金,2,TWD,7.12
200012,18033138,德信數位時代基金,2,TWD,5.8654
200012,18034832,盛華8888中小基金,2,TWD,7.24
200012,18036281,元大巴菲特基金,2,TWD,7.17
200012,18036297,景順中信新價值基金,2,TWD,10.07
200012,18037182,中央國際精鑽基金,2,TWD,8.53
200012,18037937,彰銀安泰e科技精選基金,2,TWD,6.7
200012,18038149,德盛優選大壩基金,2,TWD,9.8111
200012,18040665,倍立高科技基金,2,TWD,9.21
200012,18475372,台育高科技基金,2,TWD,10.02
200012,19325252,瑞銀鐵木真基金,2,TWD,5.81
200012,19325844,元大開發基金,2,TWD,6.56
200012,19325979,盛華8899成長基金,2,TWD,6.66
200012,19328687,保誠台資概念基金,2,TWD,8.3
200012,19330712,倍立寶利基金,2,TWD,6.15
200012,19330754,彰銀安泰優質精選基金,2,TWD,9.85
200012,19339447,聯邦價值基金,2,TWD,6.33
200012,19339782,群益創新科技基金,2,TWD,7.06
200012,19341318,建弘電子基金,2,TWD,5.63
200012,20080023,元大店頭基金,2,TWD,4.35
200012,20081352,群益店頭市場基金,2,TWD,13.21
200012,20081796,保誠金融基金,2,TWD,4.32
200012,20084317,日盛日盛基金,2,TWD,6.01
200012,20089782,景順中信店頭基金,2,TWD,4.37
200012,20092528,建弘店頭市場基金,2,TWD,4.21
200012,20094672,金鼎寶櫃基金,2,TWD,3.89
200012,20094820,友邦巨人基金,2,TWD,5.29
200012,20097447,保德信元富第一基金,2,TWD,7.9902
200012,73982057,金亞太基金,2,TWD,6.32
200012,73987671,匯豐台灣精典基金,2,TWD,6.9115
200012,73988051,富鼎富鼎基金,2,TWD,5.79
200012,73988171,德信全方位基金,2,TWD,8.314
200012,73988876,日盛小而美基金,2,TWD,4.55
200012,73989002,建弘小型精選基金,2,TWD,15.76
200012,73989256,景順中信台灣科技基金,2,TWD,10.88
200012,73989501,怡富中小基金,2,TWD,9.6
200012,73990253,統一奔騰基金,2,TWD,8.05
200012,73990649,保德信元富科技島基金,2,TWD,12.3085
200012,73991154,大眾科技基金,2,TWD,8.1947
200012,73991751,國際電子基金,2,TWD,9.06
200012,73991936,荷銀中小企業基金,2,TWD,3.42
200012,73992013,聯合領航科技基金,2,TWD,10.15
200012,73998071,新光店頭基金,2,TWD,10.69
200012,73998086,復華高成長基金,2,TWD,11.36
200012,73999260,金鼎行動基金,2,TWD,6.81
200012,73999515,台育泛亞高倍速基金,2,TWD,6.98
200012,76941376,匯豐成功基金,2,TWD,7.9678
200012,76945871,保誠先鋒基金,2,TWD,7.47
200012,77537493,統一統信基金,2,TWD,8.09
200012,77537509,元大多元基金,2,TWD,6.51
200012,81580149,新光國家建設基金,2,TWD,11.0
200012,81581724,統一經建基金,2,TWD,7.11
200012,81583363,金鼎精銳基金,2,TWD,5.31
200012,81584335,元大高科技基金,2,TWD,7.18
200012,81584948,荷銀店頭基金,2,TWD,3.44
200012,81584953,永昌店頭基金,2,TWD,6.37
200012,81584975,日盛上選基金,2,TWD,7.9
200012,81584996,國際中小基金,2,TWD,9.48
200012,81585242,新光創新科技基金,2,TWD,6.15
200012,81585257,寶來地產基金,2,TWD,4.1476
200012,81585475,富邦高成長基金,2,TWD,4.79
200012,81585616,荷銀精選主流基金,2,TWD,5.02
200012,81585622,元大滿益基金,2,TWD,4.98
200012,81587889,復華復華基金,2,TWD,5.78
200012,81588310,聯合創世紀基金,2,TWD,6.87
200012,81588536,大眾大眾基金,2,TWD,9.1172
200012,81589042,德信跨世紀基金,2,TWD,5.7675
200012,81591434,群益長安基金,2,TWD,9.05
200012,81594690,大華大華基金,2,TWD,7.31
200012,81595924,保誠中小型股基金,2,TWD,4.53
200012,83863002,傳山永豐基金,2,TWD,10.24
200012,83863951,元大經貿基金,2,TWD,7.84
200012,83864570,友邦巨鵬基金,2,TWD,8.17
200012,83864683,富邦科技基金,2,TWD,10.78
200012,83866508,保德信元富中小型股基金,2,TWD,11.5333
200012,92000533,新光台灣永發基金,2,TWD,9.69
200012,92001765,元大多多基金,2,TWD,8.58
200012,92002244,統一黑馬基金,2,TWD,10.02
200012,92002384,富邦精準基金,2,TWD,15.76
200012,92003102,保誠高科技基金,2,TWD,15.41
200012,92003790,國際精選二十基金,2,TWD,6.19
200012,92004566,寶來績效基金,2,TWD,11.3251
200012,92006298,匯豐中華100基金,2,TWD,7.1314
200012,92010477,富邦長紅基金,2,TWD,18.13
200012,92010498,中信和豐股價指數基金,2,TWD,6.4
200012,92011433,瑞銀強勢基金,2,TWD,7.69
200012,92012025,怡富新興科技基金,2,TWD,23.15
200012,92012572,保誠外銷基金,2,TWD,14.01
200012,92012762,統一龍馬基金,2,TWD,12.51
200012,92013967,保德信元富金滿意基金,2,TWD,13.1963
200012,92016839,永昌前瞻科技基金,2,TWD,7.91
200012,92017794,匯豐龍騰電子基金,2,TWD,18.2674
200012,92019786,景順中信潛力基金,2,TWD,10.86
200012,92026219,元大卓越基金,2,TWD,14.9
200012,97974078,富邦冠軍基金,2,TWD,11.96
200012,97977878,統一店頭市場基金,2,TWD,5.56
200012,97978102,保誠掌櫃基金,2,TWD,7.26
200012,97980043,建弘福王基金,2,TWD,16.14
200012,97982984,金鼎概念型基金,2,TWD,7.54
200012,97983647,保誠元滿基金,2,TWD,4.03
200012,97984293,群益馬拉松基金,2,TWD,29.81
200012,97988636,保德信元富店頭市場基金,2,TWD,10.1699
200012,97990289,元大中國基金,2,TWD,5.49
200012,97990696,保誠菁華基金,2,TWD,14.58
200012,97991196,富邦８８基金,2,TWD,8.02
200012,97995664,匯豐店頭五十基金,2,TWD,4.0859
200012,97997635,金鼎大利基金,2,TWD,11.02
200012,97998803,新光競臻笠基金,2,TWD,11.18
200103,00965469,國際第一基金,2,TWD,8.75
200103,00968521,建弘福元基金,2,TWD,11.2
200103,00971096,建弘雙福基金,2,TWD,8.21
200103,00972476,荷銀鴻福基金,2,TWD,9.74
200103,00973762,永昌永昌基金,2,TWD,8.9
200103,00974024,中信和信基金,2,TWD,9.93
200103,00974039,怡富怡富基金,2,TWD,10.77
200103,00974050,保德信元富元富基金,2,TWD,18.16
200103,00974066,寶來2001基金,2,TWD,18.06
200103,00974241,新光台灣富貴基金,2,TWD,13.11
200103,00988316,荷銀光華基金,2,TWD,14.18
200103,00988701,建弘建弘基金,2,TWD,69.1
200103,00989005,中華中華基金,2,TWD,88.0
200103,01031298,中華龍鳳基金,2,TWD,18.54
200103,01031564,荷銀積極成長基金,2,TWD,6.28
200103,01031699,統一全天候基金,2,TWD,29.32
200103,01031852,永昌昌隆基金,2,TWD,9.24
200103,01031874,瑞銀小龍基金,2,TWD,8.17
200103,01032043,富邦幸福基金,2,TWD,8.68
200103,01032058,元大多福基金,2,TWD,17.44
200103,01032091,保誠威鋒基金,2,TWD,12.03
200103,01032162,怡富台灣增長基金,2,TWD,28.59
200103,01032183,保德信元富高成長基金,2,TWD,29.36
200103,01032803,建弘萬得福基金,2,TWD,10.87
200103,01050013,中華成長基金,2,TWD,16.71
200103,01050148,國際國民基金,2,TWD,20.92
200103,17139204,元大新主流基金,2,TWD,7.0
200103,17140075,聯合哥倫布基金,2,TWD,10.28
200103,17140568,中信主流基金,2,TWD,8.06
200103,17141187,富鼎半導體科技基金,2,TWD,9.33
200103,17141335,金鼎科技金融基金,2,TWD,12.0
200103,17144889,金亞太雙響炮基金,2,TWD,6.68
200103,17144945,怡富價值成長基金,2,TWD,7.52
200103,17145070,寶來矽谷基金,2,TWD,7.37
200103,17145331,大眾精湛基金,2,TWD,8.19
200103,17146752,彰銀喬治亞成長精選基金,2,TWD,8.32
200103,17147078,日盛精選五虎基金,2,TWD,7.54
200103,17147915,倍立磐石基金,2,TWD,9.15
200103,17148301,富邦台灣心基金,2,TWD,7.82
200103,17152509,大華高科技基金,2,TWD,6.5
200103,17153269,瑞銀雅典娜基金,2,TWD,7.32
200103,17153795,富邦價值基金,2,TWD,6.08
200103,17154324,建弘價值基金,2,TWD,6.72
200103,17154555,中華佳值基金,2,TWD,7.45
200103,17597236,聯邦精選科技基金,2,TWD,6.17
200103,17597600,阿波羅阿波羅基金,2,TWD,5.74
200103,17600534,荷銀高科技基金,2,TWD,5.4
200103,17601891,富鼎大三元基金,2,TWD,5.74
200103,17602625,保德信元富新世紀基金,2,TWD,6.29
200103,17602821,盛華2000高科技基金,2,TWD,6.66
200103,17603899,保誠電通網基金,2,TWD,5.81
200103,17604124,德盛台灣大壩基金,2,TWD,6.7
200103,17604341,新光摩天基金,2,TWD,5.63
200103,17605622,統一大滿貫基金,2,TWD,4.9
200103,17606299,國際金龍基金,2,TWD,5.44
200103,17607591,日盛高科技基金,2,TWD,7.06
200103,17607889,友邦網路商務基金,2,TWD,6.02
200103,17608445,富邦網路基金,2,TWD,5.92
200103,17608487,復華數位經濟基金,2,TWD,6.97
200103,17610006,永昌新銳星基金,2,TWD,6.64
200103,17612497,國泰國泰基金,2,TWD,7.21
200103,18030218,富達台灣基金,2,TWD,6.53
200103,18031960,傳山高科技基金,2,TWD,8.17
200103,18033138,德信數位時代基金,2,TWD,8.26
200103,18034832,盛華8888中小基金,2,TWD,9.08
200103,18036281,元大巴菲特基金,2,TWD,8.91
200103,18036297,中信新價值基金,2,TWD,10.58
200103,18037182,中央國際精鑽基金,2,TWD,9.68
200103,18037937,彰銀喬治亞e科技精選基金,2,TWD,8.38
200103,18038149,德盛優選大壩基金,2,TWD,10.01
200103,18040102,富鼎新興中小基金,2,TWD,10.01
200103,18040665,倍立高科技基金,2,TWD,13.1
200103,18041778,統一中小優質基金,2,TWD,10.13
200103,18043059,國泰中小成長基金,2,TWD,10.71
200103,18475372,台育高科技基金,2,TWD,10.15
200103,18488290,新光新興中小基金,2,TWD,10.01
200103,19325252,瑞銀鐵木真基金,2,TWD,8.4
200103,19325844,元大開發基金,2,TWD,7.9
200103,19325979,盛華八八九九成長基金,2,TWD,7.78
200103,19328687,保誠台資概念基金,2,TWD,10.53
200103,19330712,倍立寶利基金,2,TWD,7.96
200103,19330754,彰銀喬治亞優質精選基金,2,TWD,13.34
200103,19339447,聯邦價值基金,2,TWD,8.58
200103,19339782,群益創新科技基金,2,TWD,9.25
200103,19341318,建弘電子基金,2,TWD,7.95
200103,20080023,元大店頭基金,2,TWD,6.02
200103,20081352,群益店頭市場基金,2,TWD,17.6
200103,20081796,保誠金融基金,2,TWD,5.16
200103,20084317,日盛日盛基金,2,TWD,7.31
200103,20089782,中信店頭基金,2,TWD,5.67
200103,20092528,建弘店頭市場基金,2,TWD,5.66
200103,20094672,金鼎寶櫃基金,2,TWD,6.31
200103,20094820,友邦巨人基金,2,TWD,6.42
200103,20097447,保德信元富第一基金,2,TWD,10.47
200103,73982057,金亞太基金,2,TWD,7.82
200103,73987671,中華台灣精典基金,2,TWD,8.74
200103,73988051,富鼎富鼎基金,2,TWD,6.85
200103,73988171,德信全方位基金,2,TWD,10.31
200103,73988876,日盛小而美基金,2,TWD,5.57
200103,73989002,建弘小型精選基金,2,TWD,18.38
200103,73989256,中信台灣科技基金,2,TWD,14.26
200103,73989501,怡富中小基金,2,TWD,15.07
200103,73990253,統一奔騰基金,2,TWD,11.47
200103,73990649,保德信元富科技島基金,2,TWD,15.28
200103,73991154,大眾科技基金,2,TWD,10.17
200103,73991751,國際電子基金,2,TWD,12.67
200103,73991936,荷銀中小企業基金,2,TWD,5.15
200103,73992013,聯合領航科技基金,2,TWD,12.5
200103,73998071,新光店頭基金,2,TWD,15.28
200103,73998086,復華高成長基金,2,TWD,14.2
200103,73999260,金鼎行動基金,2,TWD,9.58
200103,73999515,台育泛亞高倍速基金,2,TWD,8.77
200103,76941376,中華成功基金,2,TWD,10.22
200103,76945871,保誠先鋒基金,2,TWD,10.6
200103,77537493,統一統信基金,2,TWD,12.13
200103,77537509,元大多元基金,2,TWD,9.02
200103,81580149,新光國家建設基金,2,TWD,13.33
200103,81581724,統一經建基金,2,TWD,10.37
200103,81583363,金鼎精銳基金,2,TWD,7.71
200103,81584335,元大高科技基金,2,TWD,9.91
200103,81584948,荷銀店頭基金,2,TWD,5.16
200103,81584953,永昌店頭基金,2,TWD,7.94
200103,81584975,日盛上選基金,2,TWD,10.89
200103,81584996,國際店頭基金,2,TWD,13.47
200103,81585242,新光創新科技基金,2,TWD,7.59
200103,81585257,寶來地產基金,2,TWD,4.26
200103,81585475,富邦高成長基金,2,TWD,6.49
200103,81585622,元大滿益基金,2,TWD,6.37
200103,81587889,復華復華基金,2,TWD,6.84
200103,81588310,聯合創世紀基金,2,TWD,8.89
200103,81588536,大眾大眾基金,2,TWD,11.75
200103,81589042,德信跨世紀基金,2,TWD,7.28
200103,81591434,群益長安基金,2,TWD,11.63
200103,81594690,大華大華基金,2,TWD,9.86
200103,81595924,保誠中小型股基金,2,TWD,7.24
200103,83863002,傳山永豐基金,2,TWD,13.44
200103,83863951,元大經貿基金,2,TWD,9.87
200103,83864570,友邦巨鵬基金,2,TWD,10.45
200103,83864683,富邦科技基金,2,TWD,14.53
200103,83866508,保德信元富中小型股基金,2,TWD,16.39
200103,92000533,新光台灣永發基金,2,TWD,12.53
200103,92001765,元大多多基金,2,TWD,11.16
200103,92002244,統一黑馬基金,2,TWD,14.07
200103,92002384,富邦精準基金,2,TWD,20.66
200103,92003102,保誠高科技基金,2,TWD,21.75
200103,92003790,國際精選二十基金,2,TWD,7.04
200103,92004566,寶來績效基金,2,TWD,13.7
200103,92006298,中華中華100基金,2,TWD,8.07
200103,92010477,富邦長紅基金,2,TWD,23.43
200103,92010498,中信和豐股價指數基金,2,TWD,7.62
200103,92011433,瑞銀強勢基金,2,TWD,9.58
200103,92012025,怡富新興科技基金,2,TWD,27.23
200103,92012572,保誠外銷基金,2,TWD,24.28
200103,92012762,統一龍馬基金,2,TWD,17.71
200103,92013967,保德信元富金滿意基金,2,TWD,21.61
200103,92016839,永昌前瞻科技基金,2,TWD,9.17
200103,92017794,中華龍騰電子基金,2,TWD,22.46
200103,92019786,中信潛力基金,2,TWD,12.57
200103,92026219,元大卓越基金,2,TWD,18.63
200103,97974078,富邦冠軍基金,2,TWD,15.09
200103,97977878,統一店頭市場基金,2,TWD,8.19
200103,97978102,保誠掌櫃基金,2,TWD,9.03
200103,97980043,建弘福王基金,2,TWD,18.97
200103,97982984,金鼎概念型基金,2,TWD,11.33
200103,97983647,保誠元滿基金,2,TWD,5.11
200103,97984293,群益馬拉松基金,2,TWD,38.29
200103,97988636,保德信元富店頭市場基金,2,TWD,15.7
200103,97990289,元大中國基金,2,TWD,6.47
200103,97990696,保誠菁華基金,2,TWD,18.67
200103,97991196,富邦８８基金,2,TWD,10.17
200103,97995664,中華店頭五十基金,2,TWD,5.61
200103,97997635,金鼎大利基金,2,TWD,14.73
200103,97998803,新光競臻笠基金,2,TWD,13.9
200106,00965469,國際第一基金,2,TWD,7.51
200106,00968521,建弘福元基金,2,TWD,9.74
200106,00971096,建弘雙福基金,2,TWD,7.14
200106,00973762,永昌永昌基金,2,TWD,7.46
200106,00974024,中信和信基金,2,TWD,8.48
200106,00974039,怡富怡富基金,2,TWD,9.49
200106,00974050,保德信元富元富基金,2,TWD,15.82
200106,00974066,寶來2001基金,2,TWD,14.88
200106,00974241,新光台灣富貴基金,2,TWD,11.0
200106,00988316,荷銀光華基金,2,TWD,12.6
200106,00988701,建弘建弘基金,2,TWD,55.3
200106,00989005,中華中華基金,2,TWD,77.2
200106,01031298,中華龍鳳基金,2,TWD,15.68
200106,01031564,荷銀積極成長基金,2,TWD,5.24
200106,01031699,統一全天候基金,2,TWD,24.14
200106,01031852,永昌昌隆基金,2,TWD,7.86
200106,01031874,瑞銀小龍基金,2,TWD,6.62
200106,01032043,富邦幸福基金,2,TWD,7.2
200106,01032058,元大多福基金,2,TWD,13.82
200106,01032091,保誠威鋒基金,2,TWD,9.96
200106,01032162,怡富台灣增長基金,2,TWD,24.87
200106,01032183,保德信元富高成長基金,2,TWD,24.58
200106,01032803,建弘萬得福基金,2,TWD,9.12
200106,01050013,中華成長基金,2,TWD,13.99
200106,01050148,國際國民基金,2,TWD,17.29
200106,17139204,元大新主流基金,2,TWD,5.74
200106,17140075,聯合哥倫布基金,2,TWD,8.71
200106,17140568,中信主流基金,2,TWD,6.84
200106,17141187,富鼎半導體科技基金,2,TWD,7.56
200106,17141335,金鼎科技金融基金,2,TWD,10.12
200106,17144889,金亞太雙響炮基金,2,TWD,5.75
200106,17144945,怡富價值成長基金,2,TWD,6.54
200106,17145070,寶來矽谷基金,2,TWD,6.17
200106,17145331,大眾精湛基金,2,TWD,7.01
200106,17146752,彰銀喬治亞成長精選基金,2,TWD,7.09
200106,17147078,日盛精選五虎基金,2,TWD,6.73
200106,17147915,倍立磐石基金,2,TWD,8.1
200106,17148301,富邦台灣心基金,2,TWD,6.75
200106,17152509,大華高科技基金,2,TWD,5.75
200106,17153269,瑞銀雅典娜基金,2,TWD,6.36
200106,17153795,富邦價值基金,2,TWD,5.3
200106,17154324,建弘價值基金,2,TWD,5.79
200106,17154555,中華佳值基金,2,TWD,6.03
200106,17597236,聯邦精選科技基金,2,TWD,5.51
200106,17597600,阿波羅阿波羅基金,2,TWD,5.03
200106,17600534,荷銀高科技基金,2,TWD,4.72
200106,17601891,富鼎大三元基金,2,TWD,5.1
200106,17602625,保德信元富新世紀基金,2,TWD,5.2
200106,17602821,盛華2000高科技基金,2,TWD,5.52
200106,17603899,保誠電通網基金,2,TWD,5.16
200106,17604124,德盛台灣大壩基金,2,TWD,5.72
200106,17604341,新光摩天基金,2,TWD,4.78
200106,17605622,統一大滿貫基金,2,TWD,4.3
200106,17606299,國際金龍基金,2,TWD,4.72
200106,17607591,日盛高科技基金,2,TWD,6.01
200106,17607889,友邦網路商務基金,2,TWD,4.76
200106,17608445,富邦網路基金,2,TWD,4.99
200106,17608487,復華數位經濟基金,2,TWD,6.15
200106,17610006,永昌新銳星基金,2,TWD,5.78
200106,17612497,國泰國泰基金,2,TWD,6.19
200106,18030218,富達台灣基金,2,TWD,5.68
200106,18031960,傳山高科技基金,2,TWD,6.77
200106,18033138,德信數位時代基金,2,TWD,7.12
200106,18034832,盛華8888中小基金,2,TWD,7.98
200106,18036281,元大巴菲特基金,2,TWD,7.55
200106,18036297,中信新價值基金,2,TWD,9.14
200106,18037182,中央國際精鑽基金,2,TWD,8.07
200106,18037937,彰銀喬治亞e科技精選基金,2,TWD,7.33
200106,18038149,德盛優選大壩基金,2,TWD,8.6
200106,18040102,富鼎新興中小基金,2,TWD,9.95
200106,18040665,倍立高科技基金,2,TWD,11.78
200106,18041778,統一中小優質基金,2,TWD,8.91
200106,18043059,國泰中小成長基金,2,TWD,9.39
200106,18475372,台育高科技基金,2,TWD,8.22
200106,18480065,德盛科技大壩基金,2,TWD,8.69
200106,18488279,復華中小精選基金,2,TWD,9.87
200106,18488290,新光新興中小基金,2,TWD,9.37
200106,18488469,彰銀喬治亞中小精選基金,2,TWD,9.49
200106,18489707,傳山永盛基金,2,TWD,10.03
200106,18492956,蘇黎世媽祖基金,2,TWD,9.83
200106,18495497,富鼎大台灣基金,2,TWD,10.02
200106,18496290,聯邦中國龍基金,2,TWD,10.01
200106,19325252,瑞銀鐵木真基金,2,TWD,7.04
200106,19325844,元大開發基金,2,TWD,6.62
200106,19325979,盛華八八九九成長基金,2,TWD,6.3
200106,19328687,保誠台資概念基金,2,TWD,9.43
200106,19330712,倍立寶利基金,2,TWD,6.83
200106,19330754,彰銀喬治亞優質精選基金,2,TWD,11.56
200106,19339447,聯邦價值基金,2,TWD,7.21
200106,19339782,群益創新科技基金,2,TWD,7.89
200106,19341318,建弘電子基金,2,TWD,6.78
200106,20080023,元大店頭基金,2,TWD,4.93
200106,20081352,群益店頭市場基金,2,TWD,15.52
200106,20081796,保誠金融基金,2,TWD,4.39
200106,20084317,日盛日盛基金,2,TWD,6.18
200106,20089782,中信店頭基金,2,TWD,4.92
200106,20092528,建弘店頭市場基金,2,TWD,4.81
200106,20094672,金鼎寶櫃基金,2,TWD,5.29
200106,20094820,友邦巨人基金,2,TWD,5.44
200106,20097447,保德信元富第一基金,2,TWD,9.14
200106,73982057,金亞太基金,2,TWD,6.87
200106,73987671,中華台灣精典基金,2,TWD,7.73
200106,73988051,富鼎富鼎基金,2,TWD,5.91
200106,73988171,德信全方位基金,2,TWD,8.38
200106,73988876,日盛小而美基金,2,TWD,5.01
200106,73989002,建弘小型精選基金,2,TWD,16.12
200106,73989256,中信台灣科技基金,2,TWD,12.67
200106,73989501,怡富中小基金,2,TWD,13.05
200106,73990253,統一奔騰基金,2,TWD,10.4
200106,73990649,保德信元富科技島基金,2,TWD,13.14
200106,73991154,大眾科技基金,2,TWD,8.46
200106,73991751,國際電子基金,2,TWD,10.58
200106,73991936,荷銀中小企業基金,2,TWD,3.64
200106,73992013,聯合領航科技基金,2,TWD,10.73
200106,73998071,新光店頭基金,2,TWD,12.77
200106,73998086,復華高成長基金,2,TWD,12.69
200106,73999260,金鼎行動基金,2,TWD,7.81
200106,73999515,台育泛亞高倍速基金,2,TWD,7.19
200106,76941376,中華成功基金,2,TWD,9.31
200106,76945871,保誠先鋒基金,2,TWD,8.97
200106,77537493,統一統信基金,2,TWD,10.87
200106,77537509,元大多元基金,2,TWD,7.61
200106,81580149,新光國家建設基金,2,TWD,11.62
200106,81581724,統一經建基金,2,TWD,9.37
200106,81583363,金鼎精銳基金,2,TWD,6.35
200106,81584335,元大高科技基金,2,TWD,8.0
200106,81584948,荷銀店頭基金,2,TWD,3.7
200106,81584953,永昌店頭基金,2,TWD,6.69
200106,81584975,日盛上選基金,2,TWD,9.24
200106,81584996,國際店頭基金,2,TWD,10.72
200106,81585242,新光創新科技基金,2,TWD,6.24
200106,81585257,寶來地產基金,2,TWD,3.55
200106,81585475,富邦高成長基金,2,TWD,5.09
200106,81585622,元大滿益基金,2,TWD,5.35
200106,81587889,復華復華基金,2,TWD,5.92
200106,81588310,聯合創世紀基金,2,TWD,7.61
200106,81588536,大眾大眾基金,2,TWD,10.0
200106,81589042,德信跨世紀基金,2,TWD,5.64
200106,81591434,群益長安基金,2,TWD,10.04
200106,81594690,大華大華基金,2,TWD,8.27
200106,81595924,保誠中小型股基金,2,TWD,6.64
200106,83863002,傳山永豐基金,2,TWD,11.44
200106,83863951,元大經貿基金,2,TWD,8.5
200106,83864570,友邦巨鵬基金,2,TWD,8.62
200106,83864683,富邦科技基金,2,TWD,11.92
200106,83866508,保德信元富中小型股基金,2,TWD,14.44
200106,92000533,新光台灣永發基金,2,TWD,10.39
200106,92001765,元大多多基金,2,TWD,9.22
200106,92002244,統一黑馬基金,2,TWD,12.44
200106,92002384,富邦精準基金,2,TWD,17.84
200106,92003102,保誠高科技基金,2,TWD,18.4
200106,92003790,國際精選二十基金,2,TWD,5.84
200106,92004566,寶來績效基金,2,TWD,11.43
200106,92006298,中華中華100基金,2,TWD,6.88
200106,92010477,富邦長紅基金,2,TWD,19.97
200106,92011433,瑞銀強勢基金,2,TWD,7.75
200106,92012025,怡富新興科技基金,2,TWD,23.48
200106,92012572,保誠外銷基金,2,TWD,20.35
200106,92012762,統一龍馬基金,2,TWD,16.01
200106,92013967,保德信元富金滿意基金,2,TWD,17.7
200106,92016839,永昌前瞻科技基金,2,TWD,7.47
200106,92017794,中華龍騰電子基金,2,TWD,19.02
200106,92019786,中信潛力基金,2,TWD,10.89
200106,92026219,元大卓越基金,2,TWD,16.12
200106,97974078,富邦冠軍基金,2,TWD,12.95
200106,97977878,統一店頭市場基金,2,TWD,7.0
200106,97978102,保誠掌櫃基金,2,TWD,7.9
200106,97980043,建弘福王基金,2,TWD,15.92
200106,97982984,金鼎概念型基金,2,TWD,9.96
200106,97983647,保誠元滿基金,2,TWD,4.5
200106,97984293,群益馬拉松基金,2,TWD,32.57
200106,97988636,保德信元富店頭市場基金,2,TWD,12.07
200106,97990289,元大中國基金,2,TWD,4.93
200106,97990696,保誠菁華基金,2,TWD,15.69
200106,97991196,富邦８８基金,2,TWD,8.35
200106,97995664,中華店頭五十基金,2,TWD,4.77
200106,97997635,金鼎大利基金,2,TWD,12.47
200106,97998803,新光競臻笠基金,2,TWD,11.59
200109,00965469,國際第一基金,2,TWD,5.56
200109,00968521,建弘福元基金,2,TWD,7.31
200109,00971096,建弘雙福基金,2,TWD,5.28
200109,00973762,永昌永昌基金,2,TWD,5.88
200109,00974024,景順中信和信基金,2,TWD,5.91
200109,00974039,怡富怡富基金,2,TWD,7.09
200109,00974050,保德信元富元富基金,2,TWD,11.49
200109,00974066,寶來2001基金,2,TWD,10.86
200109,00974241,新光台灣富貴基金,2,TWD,8.45
200109,00988316,荷銀光華基金,2,TWD,8.96
200109,00989005,中華中華基金,2,TWD,55.8
200109,01031298,中華龍鳳基金,2,TWD,11.29
200109,01031564,荷銀積極成長基金,2,TWD,3.8
200109,01031699,統一全天候基金,2,TWD,18.32
200109,01031852,永昌昌隆基金,2,TWD,5.75
200109,01031874,瑞銀小龍基金,2,TWD,4.83
200109,01032043,富邦幸福基金,2,TWD,5.12
200109,01032058,元大多福基金,2,TWD,10.11
200109,01032091,保誠威鋒基金,2,TWD,7.23
200109,01032162,怡富台灣增長基金,2,TWD,16.9
200109,01032183,保德信元富高成長基金,2,TWD,20.02
200109,01032803,建弘萬得福基金,2,TWD,6.91
200109,01050013,中華成長基金,2,TWD,9.89
200109,01050148,國際國民基金,2,TWD,13.33
200109,13528977,保德信元富台商全方位基金,2,TWD,10.0
200109,17139204,元大新主流基金,2,TWD,4.25
200109,17140075,聯合哥倫布基金,2,TWD,6.28
200109,17140568,景順中信主流基金,2,TWD,5.24
200109,17141187,富鼎半導體科技基金,2,TWD,5.5
200109,17141335,金鼎科技金融基金,2,TWD,7.11
200109,17144889,金亞太雙響炮基金,2,TWD,4.39
200109,17144945,怡富價值成長基金,2,TWD,4.81
200109,17145070,寶來矽谷基金,2,TWD,4.75
200109,17145331,大眾精湛基金,2,TWD,5.08
200109,17146752,彰銀喬治亞成長精選基金,2,TWD,5.27
200109,17147078,日盛精選五虎基金,2,TWD,5.17
200109,17147915,倍立磐石基金,2,TWD,6.3
200109,17148301,富邦台灣心基金,2,TWD,4.98
200109,17152509,大華高科技基金,2,TWD,4.37
200109,17153269,瑞銀雅典娜基金,2,TWD,5.33
200109,17153795,富邦價值基金,2,TWD,4.25
200109,17154324,建弘價值基金,2,TWD,4.64
200109,17154555,中華佳值基金,2,TWD,4.52
200109,17597236,聯邦精選科技基金,2,TWD,4.17
200109,17597600,阿波羅阿波羅基金,2,TWD,3.78
200109,17600534,荷銀高科技基金,2,TWD,3.45
200109,17601891,富鼎大三元基金,2,TWD,3.79
200109,17602625,保德信元富新世紀基金,2,TWD,3.63
200109,17602821,盛華2000高科技基金,2,TWD,3.92
200109,17603899,保誠電通網基金,2,TWD,3.92
200109,17604124,德盛台灣大壩基金,2,TWD,3.79
200109,17604341,新光摩天基金,2,TWD,3.77
200109,17605622,統一大滿貫基金,2,TWD,3.08
200109,17606299,國際金龍基金,2,TWD,3.24
200109,17607591,日盛高科技基金,2,TWD,3.89
200109,17607889,友邦網路商務基金,2,TWD,3.18
200109,17608445,富邦網路基金,2,TWD,3.36
200109,17608487,復華數位經濟基金,2,TWD,4.77
200109,17610006,永昌新銳星基金,2,TWD,4.3
200109,17612497,國泰國泰基金,2,TWD,4.72
200109,18030218,富達台灣基金,2,TWD,4.21
200109,18031960,傳山高科技基金,2,TWD,4.79
200109,18033138,德信數位時代基金,2,TWD,5.41
200109,18034832,盛華8888中小基金,2,TWD,5.88
200109,18036281,元大巴菲特基金,2,TWD,6.25
200109,18036297,景順中信新價值基金,2,TWD,7.51
200109,18037182,中央國際精鑽基金,2,TWD,5.81
200109,18037937,彰銀喬治亞e科技精選基金,2,TWD,4.98
200109,18038149,德盛優選大壩基金,2,TWD,6.75
200109,18040102,富鼎新興中小基金,2,TWD,8.34
200109,18040665,倍立高科技基金,2,TWD,8.57
200109,18041778,統一中小優質基金,2,TWD,7.06
200109,18043059,國泰中小成長基金,2,TWD,7.0
200109,18475372,台育高科技基金,2,TWD,5.66
200109,18480065,德盛科技大壩基金,2,TWD,6.32
200109,18488279,復華中小精選基金,2,TWD,8.77
200109,18488290,新光新興中小基金,2,TWD,7.3
200109,18488469,彰銀喬治亞中小精選基金,2,TWD,7.22
200109,18489707,傳山永盛基金,2,TWD,8.66
200109,18492956,蘇黎世媽祖基金,2,TWD,7.88
200109,18495497,富鼎大台灣基金,2,TWD,8.07
200109,18496290,聯邦中國龍基金,2,TWD,8.35
200109,18496849,大眾創業家基金,2,TWD,10.01
200109,18499732,遠東大聯台灣旗艦基金,2,TWD,9.23
200109,19325252,瑞銀鐵木真基金,2,TWD,5.28
200109,19325844,元大開發基金,2,TWD,4.66
200109,19325979,盛華八八九九成長基金,2,TWD,4.34
200109,19328687,保誠台資概念基金,2,TWD,7.24
200109,19330712,倍立寶利基金,2,TWD,4.97
200109,19330754,彰銀喬治亞優質精選基金,2,TWD,8.3
200109,19339447,聯邦價值基金,2,TWD,5.3
200109,19339782,群益創新科技基金,2,TWD,6.12
200109,19341318,建弘電子基金,2,TWD,5.21
200109,20080023,元大店頭基金,2,TWD,3.73
200109,20081352,群益店頭市場基金,2,TWD,12.02
200109,20081796,保誠金融基金,2,TWD,3.7
200109,20084317,日盛日盛基金,2,TWD,4.55
200109,20089782,景順中信店頭基金,2,TWD,3.63
200109,20092528,建弘店頭市場基金,2,TWD,3.42
200109,20094672,金鼎寶櫃基金,2,TWD,3.72
200109,20094820,友邦巨人基金,2,TWD,4.0
200109,20097447,保德信元富第一基金,2,TWD,6.64
200109,73982057,金亞太基金,2,TWD,5.59
200109,73987671,中華台灣精典基金,2,TWD,5.68
200109,73988051,富鼎富鼎基金,2,TWD,4.38
200109,73988171,德信全方位基金,2,TWD,6.31
200109,73988876,日盛小而美基金,2,TWD,3.75
200109,73989002,建弘小型精選基金,2,TWD,12.32
200109,73989256,景順中信台灣科技基金,2,TWD,9.43
200109,73989501,怡富中小基金,2,TWD,8.91
200109,73990253,統一奔騰基金,2,TWD,8.21
200109,73990649,保德信元富科技島基金,2,TWD,9.52
200109,73991154,大眾科技基金,2,TWD,6.19
200109,73991751,國際電子基金,2,TWD,8.33
200109,73991936,荷銀中小企業基金,2,TWD,2.5
200109,73992013,聯合領航科技基金,2,TWD,7.4
200109,73998071,新光店頭基金,2,TWD,9.39
200109,73998086,復華高成長基金,2,TWD,10.07
200109,73999260,金鼎行動基金,2,TWD,5.56
200109,73999515,台育泛亞高倍速基金,2,TWD,5.21
200109,76941376,中華成功基金,2,TWD,6.68
200109,76945871,保誠先鋒基金,2,TWD,7.3
200109,77537493,統一統信基金,2,TWD,7.88
200109,77537509,元大多元基金,2,TWD,5.65
200109,81580149,新光國家建設基金,2,TWD,9.03
200109,81581724,統一經建基金,2,TWD,7.25
200109,81583363,金鼎精銳基金,2,TWD,4.74
200109,81584335,元大高科技基金,2,TWD,5.59
200109,81584948,荷銀店頭基金,2,TWD,2.26
200109,81584953,永昌店頭基金,2,TWD,4.97
200109,81584975,日盛上選基金,2,TWD,6.76
200109,81584996,國際店頭基金,2,TWD,7.25
200109,81585242,新光創新科技基金,2,TWD,4.64
200109,81585257,寶來地產基金,2,TWD,2.82
200109,81585475,富邦高成長基金,2,TWD,3.68
200109,81585622,元大滿益基金,2,TWD,4.18
200109,81587889,復華復華基金,2,TWD,4.41
200109,81588310,聯合創世紀基金,2,TWD,5.55
200109,81588536,大眾大眾基金,2,TWD,7.7
200109,81589042,德信跨世紀基金,2,TWD,3.86
200109,81591434,群益長安基金,2,TWD,7.4
200109,81594690,大華大華基金,2,TWD,6.29
200109,81595924,保誠中小型股基金,2,TWD,4.87
200109,83863002,傳山永豐基金,2,TWD,8.05
200109,83863951,元大經貿基金,2,TWD,6.15
200109,83864570,友邦巨鵬基金,2,TWD,5.96
200109,83864683,富邦科技基金,2,TWD,8.7
200109,83866508,保德信元富中小型股基金,2,TWD,11.05
200109,92000533,新光台灣永發基金,2,TWD,7.99
200109,92001765,元大多多基金,2,TWD,7.02
200109,92002244,統一黑馬基金,2,TWD,9.7
200109,92002384,富邦精準基金,2,TWD,14.0
200109,92003102,保誠高科技基金,2,TWD,14.84
200109,92003790,國際精選二十基金,2,TWD,4.18
200109,92004566,寶來績效基金,2,TWD,8.82
200109,92006298,中華中華100基金,2,TWD,5.22
200109,92010477,富邦長紅基金,2,TWD,14.28
200109,92011433,瑞銀強勢基金,2,TWD,5.58
200109,92012025,怡富新興科技基金,2,TWD,17.19
200109,92012572,保誠外銷基金,2,TWD,15.8
200109,92012762,統一龍馬基金,2,TWD,11.91
200109,92013967,保德信元富金滿意基金,2,TWD,13.41
200109,92016839,永昌前瞻科技基金,2,TWD,5.42
200109,92017794,中華龍騰電子基金,2,TWD,12.53
200109,92019786,景順中信潛力基金,2,TWD,8.1
200109,92026219,元大卓越基金,2,TWD,12.15
200109,97974078,富邦冠軍基金,2,TWD,9.74
200109,97977878,統一店頭市場基金,2,TWD,5.1
200109,97978102,保誠掌櫃基金,2,TWD,5.48
200109,97980043,建弘福王基金,2,TWD,11.54
200109,97982984,金鼎概念型基金,2,TWD,7.44
200109,97983647,保誠元滿基金,2,TWD,3.42
200109,97984293,群益馬拉松基金,2,TWD,23.49
200109,97988636,保德信元富店頭市場基金,2,TWD,8.97
200109,97990289,元大中國基金,2,TWD,3.6
200109,97990696,保誠菁華基金,2,TWD,11.41
200109,97991196,富邦８８基金,2,TWD,6.26
200109,97995664,中華店頭五十基金,2,TWD,3.35
200109,97997635,金鼎大利基金,2,TWD,9.54
200109,97998803,新光競臻笠基金,2,TWD,8.75
200112,00965469,國際第一基金,2,TWD,8.36
200112,00968521,建弘福元基金,2,TWD,11.75
200112,00971096,建弘雙福基金,2,TWD,8.12
200112,00973762,永昌永昌基金,2,TWD,7.7
200112,00974024,景順中信和信基金,2,TWD,9.71
200112,00974039,怡富怡富基金,2,TWD,9.7
200112,00974050,保德信元富元富基金,2,TWD,16.34
200112,00974066,寶來2001基金,2,TWD,16.33
200112,00974241,新光台灣富貴基金,2,TWD,15.21
200112,00988316,荷銀光華基金,2,TWD,13.36
200112,00989005,中華中華基金,2,TWD,103.3
200112,01031298,中華龍鳳基金,2,TWD,19.4
200112,01031564,荷銀積極成長基金,2,TWD,5.73
200112,01031699,統一全天候基金,2,TWD,28.93
200112,01031852,永昌昌隆基金,2,TWD,9.03
200112,01031874,瑞銀小龍基金,2,TWD,7.38
200112,01032043,富邦幸福基金,2,TWD,8.01
200112,01032058,元大多福基金,2,TWD,15.2
200112,01032091,保誠威鋒基金,2,TWD,11.82
200112,01032162,怡富台灣增長基金,2,TWD,23.47
200112,01032183,保德信元富高成長基金,2,TWD,25.44
200112,01032803,建弘萬得福基金,2,TWD,11.56
200112,01050013,中華成長基金,2,TWD,16.48
200112,01050148,國際國民基金,2,TWD,19.91
200112,13528977,保德信元富台商全方位基金,2,TWD,13.01
200112,13539952,凱基開創基金,2,TWD,11.01
200112,13984165,富達台灣成長基金,2,TWD,10.8
200112,17139204,元大新主流基金,2,TWD,6.52
200112,17140075,聯合哥倫布基金,2,TWD,9.66
200112,17140568,景順中信主流基金,2,TWD,8.05
200112,17141187,富鼎半導體科技基金,2,TWD,8.42
200112,17141335,金鼎科技金融基金,2,TWD,12.5
200112,17144889,金亞太雙響炮基金,2,TWD,6.81
200112,17144945,怡富價值成長基金,2,TWD,6.64
200112,17145070,寶來矽谷基金,2,TWD,7.35
200112,17145331,大眾精湛基金,2,TWD,7.77
200112,17146752,彰銀安泰成長精選基金,2,TWD,7.71
200112,17147078,日盛精選五虎基金,2,TWD,6.47
200112,17147915,倍立磐石基金,2,TWD,10.56
200112,17148301,富邦台灣心基金,2,TWD,7.56
200112,17152509,大華高科技基金,2,TWD,6.55
200112,17153269,瑞銀雅典娜基金,2,TWD,7.21
200112,17153795,富邦價值基金,2,TWD,3.58
200112,17154324,建弘價值基金,2,TWD,6.41
200112,17597236,聯邦精選科技基金,2,TWD,6.69
200112,17597600,阿波羅阿波羅基金,2,TWD,6.29
200112,17600534,荷銀高科技基金,2,TWD,5.11
200112,17601891,富鼎大三元基金,2,TWD,5.74
200112,17602625,保德信元富新世紀基金,2,TWD,5.38
200112,17602821,盛華2000高科技基金,2,TWD,6.53
200112,17603899,保誠電通網基金,2,TWD,6.0
200112,17604124,德盛台灣大壩基金,2,TWD,5.9
200112,17604341,新光摩天基金,2,TWD,6.09
200112,17605622,統一大滿貫基金,2,TWD,4.65
200112,17606299,國際金龍基金,2,TWD,4.94
200112,17607591,日盛高科技基金,2,TWD,6.16
200112,17607889,友邦網路商務基金,2,TWD,5.0
200112,17608445,富邦網路基金,2,TWD,4.78
200112,17608487,復華數位經濟基金,2,TWD,7.28
200112,17610006,永昌新銳星基金,2,TWD,6.41
200112,17612497,國泰國泰基金,2,TWD,7.09
200112,18030218,富達台灣基金,2,TWD,6.36
200112,18031960,傳山高科技基金,2,TWD,7.53
200112,18033138,德信數位時代基金,2,TWD,7.51
200112,18034832,盛華8888中小基金,2,TWD,9.77
200112,18036281,元大巴菲特基金,2,TWD,8.73
200112,18036297,景順中信新價值基金,2,TWD,9.68
200112,18037182,中央國際精鑽基金,2,TWD,6.44
200112,18037937,彰銀安泰e科技精選基金,2,TWD,7.23
200112,18038149,德盛優選大壩基金,2,TWD,9.15
200112,18040102,富鼎新興中小基金,2,TWD,11.59
200112,18040665,倍立高科技基金,2,TWD,13.48
200112,18041778,統一中小優質基金,2,TWD,11.11
200112,18043059,國泰中小成長基金,2,TWD,10.45
200112,18475372,台育高科技基金,2,TWD,7.42
200112,18480065,德盛科技大壩基金,2,TWD,9.86
200112,18488279,復華中小精選基金,2,TWD,12.15
200112,18488290,新光新興中小基金,2,TWD,11.93
200112,18488469,彰銀安泰中小精選基金,2,TWD,10.94
200112,18489707,傳山永盛基金,2,TWD,8.76
200112,18492956,蘇黎世媽祖基金,2,TWD,11.67
200112,18495497,富鼎大台灣基金,2,TWD,10.85
200112,18496290,聯邦中國龍基金,2,TWD,11.84
200112,18496849,大眾創業家基金,2,TWD,12.81
200112,18499629,阿波羅諾貝爾基金,2,TWD,10.13
200112,18499732,遠東大聯台灣旗艦基金,2,TWD,12.2
200112,19325252,瑞銀鐵木真基金,2,TWD,8.15
200112,19325979,盛華八八九九成長基金,2,TWD,5.86
200112,19330712,倍立寶利基金,2,TWD,7.55
200112,19330754,彰銀安泰優質精選基金,2,TWD,12.32
200112,19339447,聯邦價值基金,2,TWD,8.52
200112,19339782,群益創新科技基金,2,TWD,10.99
200112,19341318,建弘電子基金,2,TWD,9.03
200112,20080023,元大店頭基金,2,TWD,5.97
200112,20081352,群益店頭市場基金,2,TWD,19.93
200112,20081796,保誠金融基金,2,TWD,4.55
200112,20084317,日盛日盛基金,2,TWD,7.59
200112,20089782,景順中信店頭基金,2,TWD,5.48
200112,20092528,建弘店頭市場基金,2,TWD,5.77
200112,20094672,金鼎寶櫃基金,2,TWD,6.42
200112,20094820,友邦巨人基金,2,TWD,6.08
200112,20097447,保德信元富第一基金,2,TWD,9.8
200112,73982057,金亞太基金,2,TWD,8.99
200112,73987671,中華台灣精典基金,2,TWD,10.15
200112,73988051,富鼎富鼎基金,2,TWD,6.77
200112,73988171,德信全方位基金,2,TWD,9.64
200112,73988876,日盛小而美基金,2,TWD,5.89
200112,73989002,建弘小型精選基金,2,TWD,18.94
200112,73989256,景順中信台灣科技基金,2,TWD,14.96
200112,73989501,怡富中小基金,2,TWD,15.06
200112,73990253,統一奔騰基金,2,TWD,12.75
200112,73990649,保德信元富科技島基金,2,TWD,15.01
200112,73991154,大眾科技基金,2,TWD,9.25
200112,73991751,國際電子基金,2,TWD,13.38
200112,73992013,聯合領航科技基金,2,TWD,11.38
200112,73998071,新光店頭基金,2,TWD,15.76
200112,73998086,復華高成長基金,2,TWD,13.32
200112,73999260,金鼎行動基金,2,TWD,7.21
200112,76941376,中華成功基金,2,TWD,11.77
200112,77537493,統一統信基金,2,TWD,12.29
200112,77537509,元大多元基金,2,TWD,8.56
200112,81580149,新光國家建設基金,2,TWD,15.11
200112,81581724,統一經建基金,2,TWD,11.14
200112,81583363,金鼎精銳基金,2,TWD,6.74
200112,81584335,元大高科技基金,2,TWD,8.81
200112,81584953,永昌店頭基金,2,TWD,7.21
200112,81584975,日盛上選基金,2,TWD,11.78
200112,81584996,國際店頭基金,2,TWD,11.67
200112,81585242,新光創新科技基金,2,TWD,7.71
200112,81585475,富邦高成長基金,2,TWD,5.82
200112,81585622,元大滿益基金,2,TWD,6.0
200112,81587889,復華復華基金,2,TWD,6.3
200112,81588310,聯合創世紀基金,2,TWD,8.61
200112,81588536,大眾大眾基金,2,TWD,11.72
200112,81589042,德信跨世紀基金,2,TWD,3.94
200112,81591434,群益長安基金,2,TWD,13.07
200112,81594690,大華大華基金,2,TWD,9.51
200112,81595924,保誠中小型股基金,2,TWD,8.17
200112,83863002,傳山永豐基金,2,TWD,12.74
200112,83863951,元大經貿基金,2,TWD,9.63
200112,83864570,友邦巨鵬基金,2,TWD,7.49
200112,83864683,富邦科技基金,2,TWD,13.75
200112,83866508,保德信元富中小型股基金,2,TWD,16.44
200112,92000533,新光台灣永發基金,2,TWD,12.61
200112,92001765,元大多多基金,2,TWD,10.51
200112,92002244,統一黑馬基金,2,TWD,14.74
200112,92002384,富邦精準基金,2,TWD,22.71
200112,92003102,保誠高科技基金,2,TWD,24.09
200112,92003790,國際精選二十基金,2,TWD,6.52
200112,92004566,寶來績效基金,2,TWD,14.46
200112,92006298,中華中華100基金,2,TWD,7.59
200112,92010477,富邦長紅基金,2,TWD,20.82
200112,92011433,瑞銀強勢基金,2,TWD,8.41
200112,92012025,怡富新興科技基金,2,TWD,26.76
200112,92012572,保誠外銷基金,2,TWD,25.31
200112,92012762,統一龍馬基金,2,TWD,18.95
200112,92013967,保德信元富金滿意基金,2,TWD,22.71
200112,92016839,永昌前瞻科技基金,2,TWD,8.23
200112,92017794,中華龍騰電子基金,2,TWD,21.22
200112,92019786,景順中信潛力基金,2,TWD,12.82
200112,92026219,元大卓越基金,2,TWD,18.89
200112,97974078,富邦冠軍基金,2,TWD,14.0
200112,97977878,統一店頭市場基金,2,TWD,7.25
200112,97978102,保誠掌櫃基金,2,TWD,8.73
200112,97980043,建弘福王基金,2,TWD,15.16
200112,97982984,金鼎概念型基金,2,TWD,11.82
200112,97983647,保誠元滿基金,2,TWD,5.33
200112,97984293,群益馬拉松基金,2,TWD,39.27
200112,97988636,保德信元富店頭市場基金,2,TWD,14.28
200112,97990696,保誠菁華基金,2,TWD,17.52
200112,97995664,中華店頭五十基金,2,TWD,5.81
200112,97997635,金鼎大利基金,2,TWD,16.43
200112,97998803,新光競臻笠基金,2,TWD,14.56
200203,00965469,國際第一基金,2,TWD,9.39
200203,00968521,建弘福元基金,2,TWD,11.47
200203,00971096,建弘雙福基金,2,TWD,8.97
200203,00973762,永昌永昌基金,2,TWD,8.94
200203,00974024,景順中信和信基金,2,TWD,10.65
200203,00974039,怡富怡富基金,2,TWD,10.79
200203,00974050,保德信元富元富基金,2,TWD,16.72
200203,00974066,寶來2001基金,2,TWD,18.04
200203,00974241,新光台灣富貴基金,2,TWD,16.79
200203,00988316,荷銀光華基金,2,TWD,13.59
200203,00989005,匯豐匯豐基金,2,TWD,112.3
200203,01031298,匯豐龍鳳基金,2,TWD,20.1
200203,01031564,荷銀積極成長基金,2,TWD,6.13
200203,01031699,統一全天候基金,2,TWD,30.79
200203,01031852,永昌昌隆基金,2,TWD,9.51
200203,01031874,瑞銀小龍基金,2,TWD,7.88
200203,01032058,元大多福基金,2,TWD,16.75
200203,01032162,怡富台灣增長基金,2,TWD,26.14
200203,01032183,保德信元富高成長基金,2,TWD,25.38
200203,01032803,建弘萬得福基金,2,TWD,12.43
200203,01050013,匯豐成長基金,2,TWD,17.13
200203,01050148,國際國民基金,2,TWD,21.75
200203,13528977,保德信元富台商全方位基金,2,TWD,13.95
200203,13539952,凱基開創基金,2,TWD,11.8
200203,13984165,富達台灣成長基金,2,TWD,11.88
200203,13998344,大華中小基金,2,TWD,11.81
200203,14293674,玉山登峰基金,2,TWD,10.2
200203,14293695,盛華2008華商基金,2,TWD,10.03
200203,17139204,元大新主流基金,2,TWD,6.84
200203,17140075,聯合哥倫布基金,2,TWD,10.73
200203,17140568,景順中信主流基金,2,TWD,8.81
200203,17141187,富鼎半導體科技基金,2,TWD,9.51
200203,17141335,金鼎科技金融基金,2,TWD,12.85
200203,17144889,金亞太雙響炮基金,2,TWD,7.54
200203,17144945,怡富價值成長基金,2,TWD,7.77
200203,17145070,寶來矽谷基金,2,TWD,7.62
200203,17145331,大眾精湛基金,2,TWD,9.01
200203,17146752,彰銀安泰成長精選基金,2,TWD,8.3
200203,17147078,日盛精選五虎基金,2,TWD,8.13
200203,17147915,倍立磐石基金,2,TWD,12.08
200203,17148301,富邦台灣心基金,2,TWD,8.18
200203,17152509,大華高科技基金,2,TWD,8.09
200203,17153269,瑞銀雅典娜基金,2,TWD,7.38
200203,17153795,富邦價值基金,2,TWD,6.49
200203,17154324,建弘價值基金,2,TWD,7.19
200203,17597236,聯邦精選科技基金,2,TWD,7.5
200203,17597600,阿波羅阿波羅基金,2,TWD,6.66
200203,17600534,荷銀高科技基金,2,TWD,5.46
200203,17601891,富鼎大三元基金,2,TWD,6.24
200203,17602625,保德信元富新世紀基金,2,TWD,5.75
200203,17602821,盛華2000高科技基金,2,TWD,7.11
200203,17603899,保誠電通網基金,2,TWD,6.57
200203,17604124,德盛台灣大壩基金,2,TWD,6.24
200203,17604341,新光摩天基金,2,TWD,6.62
200203,17605622,統一大滿貫基金,2,TWD,5.0
200203,17606299,國際金龍基金,2,TWD,5.71
200203,17607591,日盛高科技基金,2,TWD,6.5
200203,17607889,友邦網路商務基金,2,TWD,5.44
200203,17608445,富邦網路基金,2,TWD,5.06
200203,17608487,復華數位經濟基金,2,TWD,8.25
200203,17610006,永昌新銳星基金,2,TWD,6.8
200203,17612497,國泰國泰基金,2,TWD,7.59
200203,18030218,富達台灣基金,2,TWD,6.81
200203,18031960,傳山高科技基金,2,TWD,7.95
200203,18033138,德信數位時代基金,2,TWD,8.29
200203,18034832,盛華8888中小基金,2,TWD,10.49
200203,18036281,元大巴菲特基金,2,TWD,9.55
200203,18037182,中央國際精鑽基金,2,TWD,6.85
200203,18037937,彰銀安泰e科技精選基金,2,TWD,7.59
200203,18038149,德盛優選大壩基金,2,TWD,9.48
200203,18040665,倍立高科技基金,2,TWD,15.17
200203,18041778,統一中小優質基金,2,TWD,11.76
200203,18043059,國泰中小成長基金,2,TWD,11.24
200203,18434464,蘇黎世飛龍成長基金,2,TWD,9.84
200203,18475372,台育高科技基金,2,TWD,7.66
200203,18480065,德盛科技大壩基金,2,TWD,10.62
200203,18488279,復華中小精選基金,2,TWD,13.46
200203,18488290,新光新興中小基金,2,TWD,13.41
200203,18488469,彰銀安泰中小精選基金,2,TWD,12.16
200203,18492956,蘇黎世媽祖基金,2,TWD,11.94
200203,18495497,富鼎大台灣基金,2,TWD,11.66
200203,18496290,聯邦中國龍基金,2,TWD,13.74
200203,18496849,大眾創業家基金,2,TWD,14.12
200203,18499629,阿波羅諾貝爾基金,2,TWD,10.38
200203,18499732,遠東大聯台灣旗艦基金,2,TWD,12.53
200203,19291128,國泰大中華基金,2,TWD,10.41
200203,19325252,瑞銀鐵木真基金,2,TWD,8.65
200203,19325979,盛華8899成長基金,2,TWD,6.11
200203,19330712,倍立寶利基金,2,TWD,8.34
200203,19330754,彰銀安泰優質精選基金,2,TWD,13.52
200203,19339447,聯邦價值基金,2,TWD,9.24
200203,19339782,群益創新科技基金,2,TWD,12.16
200203,19341318,建弘電子基金,2,TWD,9.93
200203,20080023,元大店頭基金,2,TWD,6.36
200203,20081352,群益店頭市場基金,2,TWD,23.36
200203,20084317,日盛日盛基金,2,TWD,8.26
200203,20089782,景順中信店頭基金,2,TWD,5.77
200203,20092528,建弘店頭市場基金,2,TWD,6.1
200203,20094672,金鼎寶櫃基金,2,TWD,7.2
200203,20094820,友邦巨人基金,2,TWD,6.54
200203,20097447,保德信元富第一基金,2,TWD,10.5
200203,73982057,金亞太基金,2,TWD,9.64
200203,73987671,匯豐台灣精典基金,2,TWD,11.15
200203,73988051,富鼎富鼎基金,2,TWD,7.05
200203,73988171,德信全方位基金,2,TWD,10.03
200203,73988876,日盛小而美基金,2,TWD,6.38
200203,73989002,建弘小型精選基金,2,TWD,18.88
200203,73989256,景順中信台灣科技基金,2,TWD,16.7
200203,73989501,怡富中小基金,2,TWD,17.28
200203,73990253,統一奔騰基金,2,TWD,14.2
200203,73990649,保德信元富科技島基金,2,TWD,16.87
200203,73991154,大眾科技基金,2,TWD,10.21
200203,73991751,國際電子基金,2,TWD,15.66
200203,73992013,聯合領航科技基金,2,TWD,12.88
200203,73998071,新光店頭基金,2,TWD,18.1
200203,73998086,復華高成長基金,2,TWD,14.94
200203,73999260,金鼎行動基金,2,TWD,8.44
200203,76941376,匯豐成功基金,2,TWD,12.94
200203,77537493,統一統信基金,2,TWD,13.39
200203,77537509,元大多元基金,2,TWD,9.01
200203,81580149,新光國家建設基金,2,TWD,15.35
200203,81581724,統一經建基金,2,TWD,12.01
200203,81584335,元大高科技基金,2,TWD,9.4
200203,81584975,日盛上選基金,2,TWD,13.22
200203,81584996,國際中小基金,2,TWD,12.3
200203,81585242,新光創新科技基金,2,TWD,8.44
200203,81585475,富邦高成長基金,2,TWD,6.54
200203,81585622,元大滿益基金,2,TWD,6.3
200203,81587889,復華復華基金,2,TWD,6.76
200203,81588310,聯合創世紀基金,2,TWD,9.69
200203,81588536,大眾大眾基金,2,TWD,12.91
200203,81591434,群益長安基金,2,TWD,14.89
200203,81594690,大華大華基金,2,TWD,12.01
200203,81595924,保誠中小型股基金,2,TWD,8.81
200203,83863002,傳山永豐基金,2,TWD,15.07
200203,83863951,元大經貿基金,2,TWD,10.31
200203,83864570,友邦巨鵬基金,2,TWD,8.03
200203,83864683,富邦科技基金,2,TWD,14.93
200203,83866508,保德信元富中小型股基金,2,TWD,17.7
200203,92000533,新光台灣永發基金,2,TWD,13.54
200203,92001765,元大多多基金,2,TWD,11.18
200203,92002244,統一黑馬基金,2,TWD,15.7
200203,92002384,富邦精準基金,2,TWD,25.72
200203,92003102,保誠高科技基金,2,TWD,26.0
200203,92003790,國際精選二十基金,2,TWD,7.95
200203,92004566,寶來績效基金,2,TWD,15.72
200203,92006298,匯豐中華100基金,2,TWD,8.11
200203,92010477,富邦長紅基金,2,TWD,23.89
200203,92011433,瑞銀強勢基金,2,TWD,8.92
200203,92012025,怡富新興科技基金,2,TWD,29.58
200203,92012572,保誠外銷基金,2,TWD,26.35
200203,92012762,統一龍馬基金,2,TWD,21.01
200203,92013967,保德信元富金滿意基金,2,TWD,23.66
200203,92016839,永昌前瞻科技基金,2,TWD,9.15
200203,92017794,匯豐龍騰電子基金,2,TWD,23.07
200203,92019786,景順中信潛力基金,2,TWD,14.0
200203,92026219,元大卓越基金,2,TWD,20.37
200203,97974078,富邦冠軍基金,2,TWD,14.9
200203,97977878,統一店頭市場基金,2,TWD,7.97
200203,97978102,保誠掌櫃基金,2,TWD,9.65
200203,97980043,建弘福王基金,2,TWD,15.91
200203,97982984,金鼎概念型基金,2,TWD,12.8
200203,97983647,保誠元滿基金,2,TWD,5.8
200203,97984293,群益馬拉松基金,2,TWD,46.15
200203,97988636,保德信元富店頭市場基金,2,TWD,15.87
200203,97990696,保誠菁華基金,2,TWD,18.63
200203,97995664,匯豐店頭五十基金,2,TWD,6.29
200203,97997635,金鼎大利基金,2,TWD,19.39
200203,97998803,新光競臻笠基金,2,TWD,16.0
200206,00965469,國際第一基金,2,TWD,7.36
200206,00968521,建弘福元基金,2,TWD,9.02
200206,00971096,建弘雙福基金,2,TWD,6.51
200206,00973762,永昌永昌基金,2,TWD,6.7
200206,00974024,景順中信和信基金,2,TWD,7.81
200206,00974039,怡富怡富基金,2,TWD,8.52
200206,00974050,保德信元富元富基金,2,TWD,12.25
200206,00974066,寶來2001基金,2,TWD,14.33
200206,00974241,新光台灣富貴基金,2,TWD,14.87
200206,00988316,荷銀光華基金,2,TWD,10.17
200206,00989005,匯豐匯豐基金,2,TWD,87.1
200206,01031298,匯豐龍鳳基金,2,TWD,15.25
200206,01031564,荷銀積極成長基金,2,TWD,4.56
200206,01031699,統一全天候基金,2,TWD,23.8
200206,01031852,永昌昌隆基金,2,TWD,7.37
200206,01031874,瑞銀小龍基金,2,TWD,6.31
200206,01032058,元大多福基金,2,TWD,12.62
200206,01032162,怡富台灣增長基金,2,TWD,20.57
200206,01032183,保德信元富高成長基金,2,TWD,21.15
200206,01032803,建弘萬得福基金,2,TWD,9.51
200206,01050013,匯豐成長基金,2,TWD,13.39
200206,01050148,國際國民基金,2,TWD,17.2
200206,13528977,保德信元富台商全方位基金,2,TWD,10.06
200206,13539952,凱基開創基金,2,TWD,8.78
200206,13984165,富達台灣成長基金,2,TWD,10.82
200206,13986924,新光大三通基金,2,TWD,9.4
200206,13998344,大華中小基金,2,TWD,10.1
200206,14293674,玉山登峰基金,2,TWD,8.87
200206,14293695,盛華2008華商基金,2,TWD,7.54
200206,14541724,凱基創星基金,2,TWD,8.14
200206,14542287,寶來精準中小基金,2,TWD,7.87
200206,14545897,遠東大聯科技基金,2,TWD,7.41
200206,14548769,富鼎寶馬基金,2,TWD,8.63
200206,14694495,中興台灣基金,2,TWD,9.77
200206,17139204,元大新主流基金,2,TWD,5.56
200206,17140075,聯合哥倫布基金,2,TWD,7.56
200206,17140568,景順中信主流基金,2,TWD,6.72
200206,17141187,富鼎半導體科技基金,2,TWD,7.01
200206,17141335,金鼎科技金融基金,2,TWD,9.8
200206,17144889,金亞太雙響炮基金,2,TWD,6.09
200206,17144945,怡富價值成長基金,2,TWD,6.73
200206,17145070,寶來矽谷基金,2,TWD,5.67
200206,17145331,大眾精湛基金,2,TWD,6.8
200206,17146752,彰銀安泰成長精選基金,2,TWD,6.26
200206,17147078,日盛精選五虎基金,2,TWD,6.84
200206,17147915,倍立磐石基金,2,TWD,9.13
200206,17148301,富邦台灣心基金,2,TWD,6.56
200206,17152509,大華高科技基金,2,TWD,6.38
200206,17153269,瑞銀雅典娜基金,2,TWD,6.43
200206,17153795,富邦價值基金,2,TWD,4.93
200206,17154324,建弘價值基金,2,TWD,5.91
200206,17597236,聯邦精選科技基金,2,TWD,5.59
200206,17597600,阿波羅阿波羅基金,2,TWD,5.28
200206,17600534,荷銀高科技基金,2,TWD,4.01
200206,17601891,富鼎大三元基金,2,TWD,4.65
200206,17602625,保德信元富新世紀基金,2,TWD,4.22
200206,17602821,盛華2000高科技基金,2,TWD,5.46
200206,17603899,保誠電通網基金,2,TWD,4.91
200206,17604124,德盛台灣大壩基金,2,TWD,4.85
200206,17604341,新光摩天基金,2,TWD,5.28
200206,17605622,統一大滿貫基金,2,TWD,4.07
200206,17606299,國際金龍基金,2,TWD,4.67
200206,17607591,日盛高科技基金,2,TWD,4.9
200206,17607889,友邦網路商務基金,2,TWD,4.13
200206,17608445,富邦網路基金,2,TWD,3.76
200206,17608487,復華數位經濟基金,2,TWD,6.59
200206,17610006,永昌新銳星基金,2,TWD,5.07
200206,17612497,國泰國泰基金,2,TWD,5.32
200206,18030218,富達台灣基金,2,TWD,5.5
200206,18031960,傳山高科技基金,2,TWD,6.04
200206,18033138,德信數位時代基金,2,TWD,6.4
200206,18034832,盛華8888中小基金,2,TWD,7.57
200206,18036281,元大巴菲特基金,2,TWD,8.79
200206,18037182,中央國際精鑽基金,2,TWD,5.55
200206,18037937,彰銀安泰e科技精選基金,2,TWD,5.52
200206,18038149,德盛優選大壩基金,2,TWD,8.34
200206,18040665,倍立高科技基金,2,TWD,11.37
200206,18041778,統一中小優質基金,2,TWD,9.27
200206,18043059,國泰中小成長基金,2,TWD,8.56
200206,18434464,蘇黎世飛龍成長基金,2,TWD,7.3
200206,18475372,台育高科技基金,2,TWD,5.89
200206,18480065,德盛科技大壩基金,2,TWD,8.08
200206,18488279,復華中小精選基金,2,TWD,10.3
200206,18488290,新光新興中小基金,2,TWD,11.18
200206,18488469,彰銀安泰中小精選基金,2,TWD,8.89
200206,18492956,蘇黎世媽祖基金,2,TWD,8.76
200206,18495497,富鼎大台灣基金,2,TWD,8.21
200206,18496290,聯邦中國龍基金,2,TWD,10.4
200206,18496849,大眾創業家基金,2,TWD,11.59
200206,18499629,阿波羅諾貝爾基金,2,TWD,8.24
200206,18499732,遠東大聯台灣旗艦基金,2,TWD,9.67
200206,19291128,國泰大中華基金,2,TWD,7.76
200206,19325252,瑞銀鐵木真基金,2,TWD,7.18
200206,19325979,盛華8899成長基金,2,TWD,4.23
200206,19330712,倍立寶利基金,2,TWD,6.36
200206,19330754,彰銀安泰優質精選基金,2,TWD,9.73
200206,19339447,聯邦價值基金,2,TWD,6.53
200206,19339782,群益創新科技基金,2,TWD,9.32
200206,19341318,建弘電子基金,2,TWD,7.53
200206,20080023,元大店頭基金,2,TWD,4.76
200206,20081352,群益店頭市場基金,2,TWD,18.82
200206,20084317,日盛日盛基金,2,TWD,6.32
200206,20089782,景順中信店頭基金,2,TWD,4.45
200206,20092528,建弘店頭市場基金,2,TWD,4.56
200206,20094672,金鼎寶櫃基金,2,TWD,5.68
200206,20094820,友邦巨人基金,2,TWD,5.44
200206,20097447,保德信元富第一基金,2,TWD,7.78
200206,73982057,金亞太基金,2,TWD,7.37
200206,73987671,匯豐台灣精典基金,2,TWD,8.88
200206,73988051,富鼎富鼎基金,2,TWD,5.58
200206,73988171,德信全方位基金,2,TWD,7.32
200206,73988876,日盛小而美基金,2,TWD,4.71
200206,73989002,建弘小型精選基金,2,TWD,14.48
200206,73989256,景順中信台灣科技基金,2,TWD,12.72
200206,73989501,怡富中小基金,2,TWD,12.07
200206,73990253,統一奔騰基金,2,TWD,11.17
200206,73990649,保德信元富科技島基金,2,TWD,12.97
200206,73991154,大眾科技基金,2,TWD,7.69
200206,73991751,國際電子基金,2,TWD,12.03
200206,73992013,聯合領航科技基金,2,TWD,9.51
200206,73998071,新光店頭基金,2,TWD,14.96
200206,73998086,復華高成長基金,2,TWD,10.86
200206,73999260,金鼎行動基金,2,TWD,6.95
200206,76941376,匯豐成功基金,2,TWD,9.84
200206,77537493,統一統信基金,2,TWD,10.99
200206,77537509,元大多元基金,2,TWD,7.2
200206,81580149,新光國家建設基金,2,TWD,13.65
200206,81581724,統一經建基金,2,TWD,9.14
200206,81584335,元大高科技基金,2,TWD,7.08
200206,81584975,日盛上選基金,2,TWD,9.89
200206,81584996,國際中小基金,2,TWD,9.51
200206,81585242,新光創新科技基金,2,TWD,6.73
200206,81585475,富邦高成長基金,2,TWD,4.99
200206,81585622,元大滿益基金,2,TWD,5.02
200206,81587889,復華復華基金,2,TWD,4.83
200206,81588310,聯合創世紀基金,2,TWD,7.4
200206,81588536,大眾大眾基金,2,TWD,10.22
200206,81591434,群益長安基金,2,TWD,11.81
200206,81594690,大華大華基金,2,TWD,9.94
200206,81595924,保誠中小型股基金,2,TWD,6.73
200206,83863002,傳山永豐基金,2,TWD,11.6
200206,83863951,元大經貿基金,2,TWD,8.28
200206,83864570,友邦巨鵬基金,2,TWD,6.29
200206,83864683,富邦科技基金,2,TWD,11.34
200206,83866508,保德信元富中小型股基金,2,TWD,12.71
200206,92000533,新光台灣永發基金,2,TWD,10.67
200206,92001765,元大多多基金,2,TWD,9.07
200206,92002244,統一黑馬基金,2,TWD,12.43
200206,92002384,富邦精準基金,2,TWD,19.91
200206,92003102,保誠高科技基金,2,TWD,19.56
200206,92003790,國際精選二十基金,2,TWD,6.71
200206,92004566,寶來績效基金,2,TWD,12.45
200206,92006298,匯豐中華100基金,2,TWD,6.8
200206,92010477,富邦長紅基金,2,TWD,18.07
200206,92011433,瑞銀強勢基金,2,TWD,7.17
200206,92012025,怡富新興科技基金,2,TWD,22.82
200206,92012572,保誠外銷基金,2,TWD,19.34
200206,92012762,統一龍馬基金,2,TWD,16.79
200206,92013967,保德信元富金滿意基金,2,TWD,16.98
200206,92016839,永昌前瞻科技基金,2,TWD,6.88
200206,92017794,匯豐龍騰電子基金,2,TWD,16.89
200206,92019786,景順中信潛力基金,2,TWD,11.5
200206,92026219,元大卓越基金,2,TWD,15.49
200206,92028997,群益中小型股基金,2,TWD,12.96
200206,97974078,富邦冠軍基金,2,TWD,11.43
200206,97977878,統一店頭市場基金,2,TWD,7.04
200206,97978102,保誠掌櫃基金,2,TWD,7.08
200206,97980043,建弘福王基金,2,TWD,11.64
200206,97982984,金鼎概念型基金,2,TWD,10.05
200206,97983647,保誠元滿基金,2,TWD,4.26
200206,97984293,群益馬拉松基金,2,TWD,35.44
200206,97988636,保德信元富店頭市場基金,2,TWD,11.67
200206,97990696,保誠菁華基金,2,TWD,14.38
200206,97995664,匯豐店頭五十基金,2,TWD,4.86
200206,97997635,金鼎大利基金,2,TWD,14.78
200206,97998803,新光競臻笠基金,2,TWD,14.27
200209,00965469,國際第一基金,2,TWD,6.69
200209,00968521,建弘福元基金,2,TWD,7.92
200209,00971096,建弘雙福基金,2,TWD,6.18
200209,00973762,永昌永昌基金,2,TWD,6.12
200209,00974024,景順中信和信基金,2,TWD,7.25
200209,00974039,怡富怡富基金,2,TWD,7.89
200209,00974066,寶來2001基金,2,TWD,12.96
200209,00974241,新光台灣富貴基金,2,TWD,14.33
200209,00988316,荷銀光華基金,2,TWD,9.48
200209,00989005,匯豐匯豐基金,2,TWD,79.1
200209,01031298,匯豐龍鳳基金,2,TWD,13.9
200209,01031564,荷銀積極成長基金,2,TWD,4.17
200209,01031699,統一全天候基金,2,TWD,22.74
200209,01031852,永昌昌隆基金,2,TWD,6.77
200209,01031874,瑞銀小龍基金,2,TWD,5.6
200209,01032058,元大多福基金,2,TWD,11.5
200209,01032162,怡富台灣增長基金,2,TWD,19.04
200209,01032183,保德信元富高成長基金,2,TWD,19.61
200209,01032803,建弘萬得福基金,2,TWD,8.57
200209,01050013,匯豐成長基金,2,TWD,12.35
200209,01050148,國際國民基金,2,TWD,15.58
200209,13528977,保德信元富台商全方位基金,2,TWD,9.23
200209,13539952,凱基開創基金,2,TWD,8.64
200209,13984165,富達台灣成長基金,2,TWD,9.29
200209,13986924,新光大三通基金,2,TWD,8.6
200209,13998344,大華中小基金,2,TWD,10.2
200209,14293674,玉山登峰基金,2,TWD,8.22
200209,14293695,盛華2008華商基金,2,TWD,6.68
200209,14541724,凱基創星基金,2,TWD,7.73
200209,14542287,寶來精準中小基金,2,TWD,7.01
200209,14545897,遠東大聯科技基金,2,TWD,6.24
200209,14548769,富鼎寶馬基金,2,TWD,7.24
200209,14693572,聯邦台灣創新基金,2,TWD,9.56
200209,14694495,中興台灣基金,2,TWD,8.82
200209,14703109,國票遠見基金,2,TWD,9.72
200209,14705562,國泰科技生化基金,2,TWD,9.06
200209,14911296,統一飛躍成長基金,2,TWD,9.55
200209,17139204,元大新主流基金,2,TWD,5.45
200209,17140075,聯合哥倫布基金,2,TWD,7.71
200209,17140568,景順中信主流基金,2,TWD,6.09
200209,17141187,富鼎半導體科技基金,2,TWD,6.14
200209,17141335,金鼎科技金融基金,2,TWD,9.4
200209,17144889,金亞太雙響炮基金,2,TWD,5.49
200209,17144945,怡富價值成長基金,2,TWD,5.94
200209,17145070,寶來矽谷基金,2,TWD,4.98
200209,17145331,大眾精湛基金,2,TWD,6.44
200209,17146752,彰銀安泰成長精選基金,2,TWD,5.49
200209,17147078,日盛精選五虎基金,2,TWD,6.06
200209,17147915,倍立磐石基金,2,TWD,8.92
200209,17148301,富邦台灣心基金,2,TWD,5.4
200209,17152509,大華高科技基金,2,TWD,6.19
200209,17153269,瑞銀雅典娜基金,2,TWD,5.78
200209,17153795,富邦價值基金,2,TWD,4.3
200209,17154324,建弘價值基金,2,TWD,5.46
200209,17597236,聯邦精選科技基金,2,TWD,4.97
200209,17597600,阿波羅阿波羅基金,2,TWD,4.82
200209,17600534,荷銀高科技基金,2,TWD,3.84
200209,17601891,富鼎大三元基金,2,TWD,3.86
200209,17602625,保德信元富新世紀基金,2,TWD,3.84
200209,17602821,盛華2000高科技基金,2,TWD,4.89
200209,17603899,保誠電通網基金,2,TWD,4.74
200209,17604124,德盛台灣大壩基金,2,TWD,4.18
200209,17604341,新光摩天基金,2,TWD,4.78
200209,17605622,統一大滿貫基金,2,TWD,4.28
200209,17606299,國際金龍基金,2,TWD,4.58
200209,17607591,日盛高科技基金,2,TWD,4.11
200209,17607889,友邦網路商務基金,2,TWD,3.66
200209,17608445,富邦網路基金,2,TWD,3.59
200209,17608487,復華數位經濟基金,2,TWD,6.3
200209,17610006,永昌新銳星基金,2,TWD,4.7
200209,17612497,國泰國泰基金,2,TWD,4.86
200209,18030218,富達台灣基金,2,TWD,4.62
200209,18031960,傳山高科技基金,2,TWD,5.67
200209,18033138,德信數位時代基金,2,TWD,5.99
200209,18034832,盛華8888中小基金,2,TWD,6.82
200209,18036281,元大巴菲特基金,2,TWD,8.74
200209,18037182,中央國際精鑽基金,2,TWD,5.19
200209,18037937,彰銀安泰e科技精選基金,2,TWD,4.84
200209,18038149,德盛優選大壩基金,2,TWD,7.36
200209,18040665,倍立高科技基金,2,TWD,10.66
200209,18041778,統一中小優質基金,2,TWD,8.8
200209,18043059,國泰中小成長基金,2,TWD,8.37
200209,18434464,蘇黎世飛龍成長基金,2,TWD,6.48
200209,18475372,台育高科技基金,2,TWD,5.18
200209,18480065,德盛科技大壩基金,2,TWD,7.05
200209,18488279,復華中小精選基金,2,TWD,9.69
200209,18488290,新光新興中小基金,2,TWD,10.13
200209,18488469,彰銀安泰中小精選基金,2,TWD,7.96
200209,18492956,蘇黎世媽祖基金,2,TWD,7.49
200209,18496290,聯邦中國龍基金,2,TWD,9.5
200209,18496849,大眾創業家基金,2,TWD,10.96
200209,18499629,阿波羅諾貝爾基金,2,TWD,7.34
200209,18499732,遠東大聯台灣旗艦基金,2,TWD,8.28
200209,19291128,國泰大中華基金,2,TWD,7.23
200209,19325252,瑞銀鐵木真基金,2,TWD,6.31
200209,19325979,盛華8899成長基金,2,TWD,3.53
200209,19330712,倍立寶利基金,2,TWD,6.2
200209,19330754,彰銀安泰優質精選基金,2,TWD,8.03
200209,19339447,聯邦價值基金,2,TWD,5.75
200209,19339782,群益創新科技基金,2,TWD,8.0
200209,19341318,建弘電子基金,2,TWD,7.16
200209,20080023,元大店頭基金,2,TWD,4.16
200209,20081352,群益店頭市場基金,2,TWD,16.69
200209,20084317,日盛日盛基金,2,TWD,5.26
200209,20089782,景順中信店頭基金,2,TWD,4.31
200209,20092528,建弘店頭市場基金,2,TWD,4.2
200209,20094672,金鼎寶櫃基金,2,TWD,5.45
200209,20094820,友邦巨人基金,2,TWD,4.72
200209,20097447,保德信元富第一基金,2,TWD,7.4
200209,73982057,金亞太基金,2,TWD,7.04
200209,73987671,匯豐台灣精典基金,2,TWD,8.14
200209,73988051,富鼎富鼎基金,2,TWD,4.71
200209,73988171,德信全方位基金,2,TWD,6.81
200209,73988876,日盛小而美基金,2,TWD,4.41
200209,73989002,建弘小型精選基金,2,TWD,13.0
200209,73989256,景順中信台灣科技基金,2,TWD,11.56
200209,73989501,怡富中小基金,2,TWD,11.38
200209,73990253,統一奔騰基金,2,TWD,10.42
200209,73990649,保德信元富科技島基金,2,TWD,11.68
200209,73991154,大眾科技基金,2,TWD,7.01
200209,73991751,國際電子基金,2,TWD,10.99
200209,73992013,聯合領航科技基金,2,TWD,7.99
200209,73998071,新光店頭基金,2,TWD,13.0
200209,73998086,復華高成長基金,2,TWD,9.48
200209,73999260,金鼎行動基金,2,TWD,6.54
200209,76941376,匯豐成功基金,2,TWD,9.0
200209,77537493,統一統信基金,2,TWD,11.16
200209,77537509,元大多元基金,2,TWD,6.84
200209,81580149,新光國家建設基金,2,TWD,12.31
200209,81581724,統一經建基金,2,TWD,8.5
200209,81584335,元大高科技基金,2,TWD,6.62
200209,81584975,日盛上選基金,2,TWD,8.83
200209,81584996,國際中小基金,2,TWD,9.05
200209,81585242,新光創新科技基金,2,TWD,6.68
200209,81585475,富邦高成長基金,2,TWD,4.64
200209,81585622,元大滿益基金,2,TWD,4.77
200209,81587889,復華復華基金,2,TWD,4.07
200209,81588310,聯合創世紀基金,2,TWD,6.79
200209,81588536,大眾大眾基金,2,TWD,9.41
200209,81591434,群益長安基金,2,TWD,9.8
200209,81594690,大華大華基金,2,TWD,9.63
200209,81595924,保誠中小型股基金,2,TWD,6.53
200209,83863002,傳山永豐基金,2,TWD,10.74
200209,83863951,元大經貿基金,2,TWD,7.53
200209,83864570,友邦巨鵬基金,2,TWD,5.5
200209,83864683,富邦科技基金,2,TWD,9.94
200209,83866508,保德信元富中小型股基金,2,TWD,12.54
200209,92000533,新光台灣永發基金,2,TWD,9.01
200209,92001765,元大多多基金,2,TWD,8.57
200209,92002244,統一黑馬基金,2,TWD,11.31
200209,92002384,富邦精準基金,2,TWD,19.49
200209,92003102,保誠高科技基金,2,TWD,19.8
200209,92003790,國際精選二十基金,2,TWD,6.48
200209,92004566,寶來績效基金,2,TWD,11.6
200209,92006298,匯豐中華100基金,2,TWD,5.87
200209,92010477,富邦長紅基金,2,TWD,17.34
200209,92011433,瑞銀強勢基金,2,TWD,6.34
200209,92012025,怡富新興科技基金,2,TWD,20.77
200209,92012572,保誠外銷基金,2,TWD,17.41
200209,92012762,統一龍馬基金,2,TWD,16.48
200209,92013967,保德信元富金滿意基金,2,TWD,16.46
200209,92016839,永昌前瞻科技基金,2,TWD,6.4
200209,92017794,匯豐龍騰電子基金,2,TWD,15.2
200209,92019786,景順中信潛力基金,2,TWD,10.53
200209,92026219,元大卓越基金,2,TWD,14.46
200209,92028997,群益中小型股基金,2,TWD,12.63
200209,97972846,德信大發基金,2,TWD,5.96
200209,97974078,富邦冠軍基金,2,TWD,10.03
200209,97977878,統一店頭市場基金,2,TWD,6.32
200209,97978102,保誠掌櫃基金,2,TWD,6.82
200209,97980043,建弘福王基金,2,TWD,10.55
200209,97982984,金鼎概念型基金,2,TWD,9.61
200209,97983647,保誠元滿基金,2,TWD,4.07
200209,97984293,群益馬拉松基金,2,TWD,29.69
200209,97988636,保德信元富店頭市場基金,2,TWD,10.01
200209,97990696,保誠菁華基金,2,TWD,13.54
200209,97995664,匯豐店頭五十基金,2,TWD,4.12
200209,97997635,金鼎大利基金,2,TWD,13.75
200209,97998803,新光競臻笠基金,2,TWD,13.83
200212,00965469,國際第一基金,2,TWD,6.08
200212,00968521,建弘福元基金,2,TWD,7.93
200212,00971096,建弘雙福基金,2,TWD,5.7
200212,00973762,永昌永昌基金,2,TWD,5.71
200212,00974024,景順中信和信基金,2,TWD,7.18
200212,00974039,怡富怡富基金,2,TWD,8.1
200212,00974066,寶來2001基金,2,TWD,14.01
200212,00974241,新光台灣富貴基金,2,TWD,16.84
200212,00988316,荷銀光華基金,2,TWD,9.4
200212,00989005,匯豐匯豐基金,2,TWD,78.7
200212,01031298,匯豐龍鳳基金,2,TWD,14.38
200212,01031564,荷銀積極成長基金,2,TWD,3.96
200212,01031699,統一全天候基金,2,TWD,21.98
200212,01031852,永昌昌隆基金,2,TWD,6.47
200212,01031874,瑞銀小龍基金,2,TWD,5.74
200212,01032058,元大多福基金,2,TWD,11.81
200212,01032162,怡富台灣增長基金,2,TWD,19.48
200212,01032183,保德信元富高成長基金,2,TWD,23.22
200212,01032803,建弘萬得福基金,2,TWD,8.08
200212,01050013,匯豐成長基金,2,TWD,12.26
200212,01050148,國際國民基金,2,TWD,14.73
200212,13528977,保德信元富台商全方位基金,2,TWD,9.07
200212,13539952,凱基開創基金,2,TWD,8.49
200212,13984165,富達台灣成長基金,2,TWD,10.37
200212,13986924,新光大三通基金,2,TWD,9.31
200212,13998344,大華中小基金,2,TWD,10.64
200212,14293674,玉山登峰基金,2,TWD,8.3
200212,14293695,盛華2008華商基金,2,TWD,6.7
200212,14541724,凱基創星基金,2,TWD,7.71
200212,14542287,寶來精準中小基金,2,TWD,7.26
200212,14545897,遠東大聯科技基金,2,TWD,5.93
200212,14548769,富鼎寶馬基金,2,TWD,7.45
200212,14693572,聯邦台灣創新基金,2,TWD,8.41
200212,14694495,中興台灣基金,2,TWD,8.89
200212,14703109,國票遠見基金,2,TWD,9.35
200212,14705562,國泰科技生化基金,2,TWD,9.03
200212,14911296,統一飛躍成長基金,2,TWD,9.54
200212,15562844,凱基先進基金,2,TWD,9.52
200212,15569831,中央國際交銀高科技基金,2,TWD,9.11
200212,15733973,第一富蘭克林第一富基金,2,TWD,9.95
200212,17139204,元大新主流基金,2,TWD,5.95
200212,17140075,聯合哥倫布基金,2,TWD,7.04
200212,17140568,景順中信主流基金,2,TWD,6.3
200212,17141187,富鼎半導體科技基金,2,TWD,6.41
200212,17141335,金鼎科技金融基金,2,TWD,9.14
200212,17144889,金亞太雙響炮基金,2,TWD,5.25
200212,17144945,怡富價值成長基金,2,TWD,6.73
200212,17145070,寶來矽谷基金,2,TWD,5.18
200212,17145331,大眾精湛基金,2,TWD,6.21
200212,17146752,彰銀安泰成長精選基金,2,TWD,5.64
200212,17147078,日盛精選五虎基金,2,TWD,6.49
200212,17147915,倍立磐石基金,2,TWD,8.42
200212,17148301,富邦台灣心基金,2,TWD,5.65
200212,17152509,大華高科技基金,2,TWD,6.5
200212,17153795,富邦價值基金,2,TWD,4.71
200212,17154324,建弘價值基金,2,TWD,5.83
200212,17597236,聯邦精選科技基金,2,TWD,4.71
200212,17597600,阿波羅阿波羅基金,2,TWD,5.06
200212,17600534,荷銀高科技基金,2,TWD,3.58
200212,17601891,富鼎大三元基金,2,TWD,3.91
200212,17602625,保德信元富新世紀基金,2,TWD,3.76
200212,17602821,盛華2000高科技基金,2,TWD,4.96
200212,17603899,保誠電通網基金,2,TWD,4.85
200212,17604124,德盛台灣大壩基金,2,TWD,3.93
200212,17604341,新光摩天基金,2,TWD,5.48
200212,17605622,統一大滿貫基金,2,TWD,4.37
200212,17606299,國際金龍基金,2,TWD,4.45
200212,17607591,日盛高科技基金,2,TWD,3.71
200212,17607889,友邦網路商務基金,2,TWD,3.53
200212,17608445,富邦網路基金,2,TWD,3.51
200212,17608487,復華數位經濟基金,2,TWD,6.35
200212,17610006,永昌新銳星基金,2,TWD,4.22
200212,17612497,國泰國泰基金,2,TWD,4.95
200212,18030218,富達台灣基金,2,TWD,4.78
200212,18031960,傳山高科技基金,2,TWD,5.56
200212,18033138,德信數位時代基金,2,TWD,6.07
200212,18034832,盛華8888中小基金,2,TWD,6.62
200212,18036281,元大巴菲特基金,2,TWD,9.64
200212,18037182,中央國際精鑽基金,2,TWD,4.69
200212,18037937,彰銀安泰e科技精選基金,2,TWD,4.64
200212,18038149,德盛優選大壩基金,2,TWD,7.59
200212,18040665,倍立高科技基金,2,TWD,10.28
200212,18043059,國泰中小成長基金,2,TWD,8.61
200212,18434464,蘇黎世飛龍成長基金,2,TWD,6.46
200212,18475372,台育高科技基金,2,TWD,4.93
200212,18480065,德盛科技大壩基金,2,TWD,6.51
200212,18488279,復華中小精選基金,2,TWD,9.82
200212,18488290,新光新興中小基金,2,TWD,11.35
200212,18488469,彰銀安泰中小精選基金,2,TWD,7.58
200212,18492956,蘇黎世媽祖基金,2,TWD,7.68
200212,18496290,聯邦中國龍基金,2,TWD,9.27
200212,18496849,大眾創業家基金,2,TWD,10.66
200212,18499732,遠東大聯台灣旗艦基金,2,TWD,8.85
200212,19291128,國泰大中華基金,2,TWD,7.7
200212,19325252,瑞銀鐵木真基金,2,TWD,6.32
200212,19325979,盛華8899成長基金,2,TWD,3.56
200212,19330712,倍立寶利基金,2,TWD,5.87
200212,19330754,彰銀安泰優質精選基金,2,TWD,8.24
200212,19339447,聯邦價值基金,2,TWD,5.42
200212,19339782,群益創新科技基金,2,TWD,8.07
200212,19341318,建弘電子基金,2,TWD,7.12
200212,20080023,元大店頭基金,2,TWD,4.16
200212,20081352,群益店頭市場基金,2,TWD,17.18
200212,20084317,日盛日盛基金,2,TWD,5.38
200212,20089782,景順中信店頭基金,2,TWD,4.53
200212,20092528,建弘店頭市場基金,2,TWD,4.02
200212,20094672,金鼎寶櫃基金,2,TWD,5.34
200212,20094820,友邦巨人基金,2,TWD,4.86
200212,20097447,保德信元富第一基金,2,TWD,7.12
200212,73982057,金亞太基金,2,TWD,6.62
200212,73987671,匯豐台灣精典基金,2,TWD,8.04
200212,73988051,富鼎富鼎基金,2,TWD,4.86
200212,73988171,德信全方位基金,2,TWD,6.62
200212,73988876,日盛小而美基金,2,TWD,4.56
200212,73989002,建弘小型精選基金,2,TWD,12.69
200212,73989256,景順中信台灣科技基金,2,TWD,10.98
200212,73989501,怡富中小基金,2,TWD,11.49
200212,73990253,統一奔騰基金,2,TWD,10.15
200212,73990649,保德信元富科技島基金,2,TWD,11.33
200212,73991154,大眾科技基金,2,TWD,6.38
200212,73991751,國際電子基金,2,TWD,10.68
200212,73992013,聯合領航科技基金,2,TWD,7.48
200212,73998071,新光店頭基金,2,TWD,13.05
200212,73998086,復華高成長基金,2,TWD,9.47
200212,73999260,金鼎行動基金,2,TWD,6.09
200212,76941376,匯豐成功基金,2,TWD,9.3
200212,77537493,統一統信基金,2,TWD,11.19
200212,77537509,元大多元基金,2,TWD,7.53
200212,81580149,新光國家建設基金,2,TWD,12.91
200212,81581724,統一經建基金,2,TWD,7.9
200212,81584335,元大高科技基金,2,TWD,6.85
200212,81584975,日盛上選基金,2,TWD,9.43
200212,81584996,國際中小基金,2,TWD,8.16
200212,81585242,新光創新科技基金,2,TWD,7.35
200212,81585475,富邦高成長基金,2,TWD,4.86
200212,81585622,元大滿益基金,2,TWD,5.26
200212,81587889,復華復華基金,2,TWD,3.9
200212,81588310,聯合創世紀基金,2,TWD,7.37
200212,81588536,大眾大眾基金,2,TWD,9.36
200212,81591434,群益長安基金,2,TWD,9.94
200212,81594690,大華大華基金,2,TWD,10.56
200212,81595924,保誠中小型股基金,2,TWD,6.57
200212,83863002,傳山永豐基金,2,TWD,10.71
200212,83863951,元大經貿基金,2,TWD,8.03
200212,83864570,友邦巨鵬基金,2,TWD,4.9
200212,83864683,富邦科技基金,2,TWD,9.9
200212,83866508,保德信元富中小型股基金,2,TWD,11.98
200212,92000533,新光台灣永發基金,2,TWD,9.18
200212,92001765,元大多多基金,2,TWD,9.01
200212,92002244,統一黑馬基金,2,TWD,10.83
200212,92002384,富邦精準基金,2,TWD,20.54
200212,92003102,保誠高科技基金,2,TWD,19.9
200212,92003790,國際精選二十基金,2,TWD,6.45
200212,92004566,寶來績效基金,2,TWD,12.52
200212,92010477,富邦長紅基金,2,TWD,17.94
200212,92011433,瑞銀強勢基金,2,TWD,6.51
200212,92012025,怡富新興科技基金,2,TWD,20.77
200212,92012572,保誠外銷基金,2,TWD,18.18
200212,92012762,統一龍馬基金,2,TWD,15.74
200212,92013967,保德信元富金滿意基金,2,TWD,15.42
200212,92016839,永昌前瞻科技基金,2,TWD,6.09
200212,92017794,匯豐龍騰電子基金,2,TWD,14.36
200212,92019786,景順中信潛力基金,2,TWD,10.69
200212,92026219,元大卓越基金,2,TWD,15.16
200212,92028997,群益中小型股基金,2,TWD,12.43
200212,97972846,德信大發基金,2,TWD,6.91
200212,97974078,富邦冠軍基金,2,TWD,10.54
200212,97977878,統一店頭市場基金,2,TWD,6.3
200212,97978102,保誠掌櫃基金,2,TWD,7.0
200212,97980043,建弘福王基金,2,TWD,10.68
200212,97982984,金鼎概念型基金,2,TWD,9.36
200212,97983647,保誠元滿基金,2,TWD,3.91
200212,97984293,群益馬拉松基金,2,TWD,29.0
200212,97988636,保德信元富店頭市場基金,2,TWD,9.31
200212,97990696,保誠菁華基金,2,TWD,15.27
200212,97995664,匯豐店頭五十基金,2,TWD,4.06
200212,97997635,金鼎大利基金,2,TWD,13.45
200212,97998803,新光競臻笠基金,2,TWD,16.41
200303,00965469,國際第一基金,2,TWD,5.44
200303,00968521,建弘福元基金,2,TWD,7.06
200303,00971096,建弘雙福基金,2,TWD,5.16
200303,00973762,永昌永昌基金,2,TWD,4.68
200303,00974024,景順中信和信基金,2,TWD,6.75
200303,00974039,怡富基金,2,TWD,7.43
200303,00974066,寶來2001基金,2,TWD,13.32
200303,00974241,新光台灣富貴基金,2,TWD,15.17
200303,00988316,荷銀光華基金,2,TWD,8.61
200303,00989005,匯豐匯豐基金,2,TWD,71.0
200303,01031298,匯豐龍鳳基金,2,TWD,13.34
200303,01031564,荷銀積極成長基金,2,TWD,3.55
200303,01031699,統一全天候基金,2,TWD,20.93
200303,01031852,永昌昌隆基金,2,TWD,5.72
200303,01031874,瑞銀小龍基金,2,TWD,5.09
200303,01032058,元大多福基金,2,TWD,10.82
200303,01032162,怡富台灣增長基金,2,TWD,17.83
200303,01032183,保德信元富高成長基金,2,TWD,21.63
200303,01032803,建弘萬得福基金,2,TWD,7.49
200303,01050013,匯豐成長基金,2,TWD,10.7
200303,01050148,國際國民基金,2,TWD,12.57
200303,13528977,保德信元富台商全方位基金,2,TWD,8.24
200303,13539952,凱基開創基金,2,TWD,7.5
200303,13984165,富達台灣成長基金,2,TWD,10.23
200303,13986924,新光大三通基金,2,TWD,8.16
200303,13998344,大華中小基金,2,TWD,9.35
200303,14293674,玉山登峰基金,2,TWD,7.6
200303,14293695,盛華2008華商基金,2,TWD,6.35
200303,14541724,凱基創星基金,2,TWD,6.89
200303,14542287,寶來精準中小基金,2,TWD,7.17
200303,14545897,遠東大聯科技基金,2,TWD,5.42
200303,14548769,富鼎寶馬基金,2,TWD,6.53
200303,14693572,聯邦台灣創新基金,2,TWD,7.55
200303,14694495,中興台灣基金,2,TWD,8.46
200303,14703109,國票遠見基金,2,TWD,8.7
200303,14705562,國泰科技生化基金,2,TWD,8.48
200303,14911296,統一飛躍成長基金,2,TWD,9.1
200303,15562844,凱基先進基金,2,TWD,8.47
200303,15569831,中央國際交銀高科技基金,2,TWD,7.92
200303,15588302,景順台灣精選成長基金,2,TWD,9.64
200303,15733565,永昌台商世紀基金,2,TWD,9.83
200303,15733973,第一富蘭克林第一富基金,2,TWD,8.78
200303,15739619,建弘大中華基金,2,TWD,9.54
200303,17139204,元大新主流基金,2,TWD,5.38
200303,17140075,聯合哥倫布基金,2,TWD,5.69
200303,17140568,景順中信主流基金,2,TWD,5.97
200303,17141187,富鼎半導體科技基金,2,TWD,5.56
200303,17141335,金鼎科技金融基金,2,TWD,9.0
200303,17144889,金亞太雙響炮基金,2,TWD,4.54
200303,17144945,怡富價值成長基金,2,TWD,6.62
200303,17145070,寶來矽谷基金,2,TWD,5.04
200303,17145331,大眾精湛基金,2,TWD,5.62
200303,17146752,彰銀安泰成長精選基金,2,TWD,5.06
200303,17147078,日盛精選五虎基金,2,TWD,5.95
200303,17147915,倍立磐石基金,2,TWD,7.53
200303,17148301,富邦台灣心基金,2,TWD,5.44
200303,17152509,大華高科技基金,2,TWD,5.5
200303,17153795,富邦價值基金,2,TWD,4.47
200303,17154324,建弘價值基金,2,TWD,5.5
200303,17597236,聯邦精選科技基金,2,TWD,4.32
200303,17597600,阿波羅阿波羅基金,2,TWD,4.79
200303,17600534,荷銀高科技基金,2,TWD,3.21
200303,17601891,富鼎大三元基金,2,TWD,3.36
200303,17602625,保德信元富新世紀基金,2,TWD,3.44
200303,17602821,盛華2000高科技基金,2,TWD,4.63
200303,17603899,保誠電通網基金,2,TWD,4.39
200303,17604124,德盛台灣大壩基金,2,TWD,3.86
200303,17604341,新光摩天基金,2,TWD,5.23
200303,17605622,統一大滿貫基金,2,TWD,4.05
200303,17606299,國際金龍基金,2,TWD,4.06
200303,17607591,日盛高科技基金,2,TWD,3.31
200303,17607889,友邦網路商務基金,2,TWD,3.29
200303,17608445,富邦網路基金,2,TWD,3.06
200303,17608487,復華數位經濟基金,2,TWD,6.09
200303,17610006,永昌新銳星基金,2,TWD,3.45
200303,17612497,國泰國泰基金,2,TWD,4.54
200303,18030218,富達台灣基金,2,TWD,4.58
200303,18031960,傳山高科技基金,2,TWD,5.28
200303,18033138,德信數位時代基金,2,TWD,5.68
200303,18034832,盛華8888中小基金,2,TWD,6.25
200303,18036281,元大巴菲特基金,2,TWD,8.77
200303,18037937,彰銀安泰e科技精選基金,2,TWD,4.25
200303,18038149,德盛優選大壩基金,2,TWD,7.25
200303,18040665,倍立高科技基金,2,TWD,9.13
200303,18043059,國泰中小成長基金,2,TWD,8.07
200303,18434464,蘇黎世飛龍成長基金,2,TWD,6.16
200303,18475372,台育高科技基金,2,TWD,4.64
200303,18480065,德盛科技大壩基金,2,TWD,6.2
200303,18488279,復華中小精選基金,2,TWD,8.96
200303,18488290,新光新興中小基金,2,TWD,10.33
200303,18488469,彰銀安泰中小精選基金,2,TWD,6.47
200303,18492956,蘇黎世媽祖基金,2,TWD,7.27
200303,18496290,聯邦中國龍基金,2,TWD,8.95
200303,18496849,大眾創業家基金,2,TWD,8.95
200303,18499732,遠東大聯台灣旗艦基金,2,TWD,8.28
200303,19291128,國泰大中華基金,2,TWD,7.07
200303,19325252,瑞銀鐵木真基金,2,TWD,5.58
200303,19325979,盛華8899成長基金,2,TWD,3.47
200303,19330712,倍立寶利基金,2,TWD,5.53
200303,19330754,彰銀安泰優質精選基金,2,TWD,7.73
200303,19339447,聯邦價值基金,2,TWD,5.17
200303,19339782,群益創新科技基金,2,TWD,7.31
200303,19341318,建弘電子基金,2,TWD,6.41
200303,20080023,元大店頭基金,2,TWD,3.64
200303,20081352,群益店頭市場基金,2,TWD,15.46
200303,20084317,日盛日盛基金,2,TWD,4.87
200303,20089782,景順中信店頭基金,2,TWD,4.02
200303,20092528,建弘店頭市場基金,2,TWD,3.49
200303,20094672,金鼎寶櫃基金,2,TWD,4.86
200303,20094820,友邦巨人基金,2,TWD,4.56
200303,20097447,保德信元富第一基金,2,TWD,6.5
200303,73982057,金亞太基金,2,TWD,6.23
200303,73987671,匯豐台灣精典基金,2,TWD,7.25
200303,73988051,富鼎富鼎基金,2,TWD,4.0
200303,73988171,德信全方位基金,2,TWD,6.0
200303,73988876,日盛小而美基金,2,TWD,3.76
200303,73989002,建弘小型精選基金,2,TWD,11.06
200303,73989256,景順中信台灣科技基金,2,TWD,10.57
200303,73989501,怡富中小基金,2,TWD,10.94
200303,73990253,統一奔騰基金,2,TWD,9.01
200303,73990649,保德信元富科技島基金,2,TWD,10.28
200303,73991154,大眾科技基金,2,TWD,5.45
200303,73991751,國際電子基金,2,TWD,9.77
200303,73992013,聯合領航科技基金,2,TWD,6.93
200303,73998071,新光店頭基金,2,TWD,11.81
200303,73998086,復華高成長基金,2,TWD,9.2
200303,73999260,金鼎行動基金,2,TWD,5.58
200303,76941376,匯豐成功基金,2,TWD,8.65
200303,77537493,統一統信基金,2,TWD,10.65
200303,77537509,元大多元基金,2,TWD,6.82
200303,80892778,中興中小型基金,2,TWD,10.0
200303,80894446,大眾中國通基金,2,TWD,9.88
200303,81580149,新光國家建設基金,2,TWD,11.59
200303,81581724,統一經建基金,2,TWD,7.19
200303,81584335,元大高科技基金,2,TWD,6.29
200303,81584975,日盛上選基金,2,TWD,8.5
200303,81584996,國際中小基金,2,TWD,7.23
200303,81585242,新光創新科技基金,2,TWD,6.71
200303,81585475,富邦高成長基金,2,TWD,4.57
200303,81585622,法華滿益基金,2,TWD,4.77
200303,81587889,復華復華基金,2,TWD,3.67
200303,81588310,聯合創世紀基金,2,TWD,6.46
200303,81588536,大眾大眾基金,2,TWD,8.64
200303,81591434,群益長安基金,2,TWD,8.56
200303,81594690,大華大華基金,2,TWD,9.75
200303,81595924,保誠中小型股基金,2,TWD,5.78
200303,83863002,傳山永豐基金,2,TWD,10.31
200303,83863951,元大經貿基金,2,TWD,7.4
200303,83864570,友邦巨鵬基金,2,TWD,4.54
200303,83864683,富邦科技基金,2,TWD,8.99
200303,83866508,保德信元富中小型股基金,2,TWD,10.08
200303,92000533,新光台灣永發基金,2,TWD,8.35
200303,92001765,元大多多基金,2,TWD,8.23
200303,92002244,統一黑馬基金,2,TWD,9.94
200303,92002384,富邦精準基金,2,TWD,19.12
200303,92003102,保誠高科技基金,2,TWD,17.27
200303,92003790,國際精選二十基金,2,TWD,5.81
200303,92004566,寶來績效基金,2,TWD,12.48
200303,92010477,富邦長紅基金,2,TWD,16.94
200303,92011433,瑞銀強勢基金,2,TWD,5.8
200303,92012025,怡富新興科技基金,2,TWD,19.39
200303,92012572,保誠外銷基金,2,TWD,17.3
200303,92012762,統一龍馬基金,2,TWD,14.26
200303,92013967,保德信元富金滿意基金,2,TWD,13.99
200303,92016839,永昌前瞻科技基金,2,TWD,5.72
200303,92017794,匯豐龍騰電子基金,2,TWD,12.81
200303,92019786,景順中信潛力基金,2,TWD,10.01
200303,92026219,元大卓越基金,2,TWD,13.85
200303,92028997,群益中小型股基金,2,TWD,11.45
200303,97972846,德信大發基金,2,TWD,6.72
200303,97974078,富邦冠軍基金,2,TWD,9.8
200303,97977878,統一店頭市場基金,2,TWD,5.59
200303,97978102,保誠掌櫃基金,2,TWD,6.03
200303,97980043,建弘福王基金,2,TWD,9.27
200303,97982984,金鼎概念型基金,2,TWD,8.62
200303,97983647,保誠元滿基金,2,TWD,3.63
200303,97984293,群益馬拉松基金,2,TWD,26.25
200303,97988636,保德信元富店頭市場基金,2,TWD,8.24
200303,97990696,保誠菁華基金,2,TWD,14.5
200303,97995664,匯豐店頭五十基金,2,TWD,3.6
200303,97997635,金鼎大利基金,2,TWD,11.81
200303,97998803,新光競臻笠基金,2,TWD,14.75
200306,00965469,國際第一基金,2,TWD,5.62
200306,00968521,建弘福元基金,2,TWD,7.68
200306,00971096,建弘雙福基金,2,TWD,5.76
200306,00973762,永昌永昌基金,2,TWD,4.97
200306,00974024,景順中信和信基金,2,TWD,7.31
200306,00974039,怡富基金,2,TWD,8.08
200306,00974066,寶來2001基金,2,TWD,14.77
200306,00974241,新光台灣富貴基金,2,TWD,18.65
200306,00988316,荷銀光華基金,2,TWD,9.65
200306,00989005,匯豐匯豐基金,2,TWD,78.5
200306,01031298,匯豐龍鳳基金,2,TWD,15.15
200306,01031564,荷銀積極成長基金,2,TWD,3.82
200306,01031699,統一全天候基金,2,TWD,23.64
200306,01031852,永昌昌隆基金,2,TWD,6.27
200306,01031874,瑞銀小龍基金,2,TWD,5.13
200306,01032058,元大多福基金,2,TWD,12.7
200306,01032162,怡富台灣增長基金,2,TWD,19.36
200306,01032183,保德信元富高成長基金,2,TWD,22.19
200306,01032803,建弘萬得福基金,2,TWD,8.14
200306,01050013,匯豐成長基金,2,TWD,11.69
200306,01050148,國際國民基金,2,TWD,14.89
200306,13528977,保德信元富台商全方位基金,2,TWD,9.26
200306,13539952,凱基開創基金,2,TWD,9.31
200306,13984165,富達台灣成長基金,2,TWD,11.42
200306,13986924,新光大三通基金,2,TWD,9.35
200306,13998344,大華中小基金,2,TWD,10.21
200306,14293674,玉山登峰基金,2,TWD,8.22
200306,14293695,盛華2008華商基金,2,TWD,6.59
200306,14541724,凱基創星基金,2,TWD,7.98
200306,14542287,寶來精準中小基金,2,TWD,7.47
200306,14545897,遠東大聯科技基金,2,TWD,6.34
200306,14548769,富鼎寶馬基金,2,TWD,6.48
200306,14693572,聯邦台灣創新基金,2,TWD,8.23
200306,14694495,中興台灣基金,2,TWD,8.95
200306,14703109,國票遠見基金,2,TWD,9.56
200306,14705562,國泰科技生化基金,2,TWD,9.17
200306,14911296,統一飛躍成長基金,2,TWD,9.59
200306,15562844,凱基先進基金,2,TWD,9.71
200306,15569831,中央國際交銀高科技基金,2,TWD,8.71
200306,15588302,景順台灣精選成長基金,2,TWD,10.25
200306,15733565,永昌台商世紀基金,2,TWD,9.85
200306,15733973,第一富蘭克林第一富基金,2,TWD,9.76
200306,15739619,建弘大中華基金,2,TWD,9.6
200306,17139204,元大新主流基金,2,TWD,6.02
200306,17140075,聯合哥倫布基金,2,TWD,6.69
200306,17140568,景順中信主流基金,2,TWD,6.51
200306,17141187,富鼎半導體科技基金,2,TWD,5.72
200306,17141335,金鼎科技金融基金,2,TWD,9.75
200306,17144889,金復華雙響炮基金,2,TWD,5.12
200306,17144945,怡富價值成長基金,2,TWD,6.99
200306,17145070,寶來矽谷基金,2,TWD,5.43
200306,17146752,彰銀安泰成長精選基金,2,TWD,5.56
200306,17147078,日盛精選五虎基金,2,TWD,6.91
200306,17147915,倍立磐石基金,2,TWD,8.92
200306,17148301,富邦台灣心基金,2,TWD,6.05
200306,17152509,大華高科技基金,2,TWD,5.84
200306,17153795,富邦價值基金,2,TWD,5.06
200306,17154324,建弘價值基金,2,TWD,6.03
200306,17597236,聯邦精選科技基金,2,TWD,4.88
200306,17597600,台壽保阿波羅基金,2,TWD,5.35
200306,17600534,荷銀高科技基金,2,TWD,3.79
200306,17601891,富鼎大三元基金,2,TWD,3.45
200306,17602625,保德信元富新世紀基金,2,TWD,3.94
200306,17602821,盛華2000高科技基金,2,TWD,5.15
200306,17603899,保誠電通網基金,2,TWD,4.85
200306,17604124,德盛台灣大壩基金,2,TWD,4.24
200306,17604341,新光摩天基金,2,TWD,5.97
200306,17605622,統一大滿貫基金,2,TWD,4.26
200306,17606299,國際金龍基金,2,TWD,4.35
200306,17607591,日盛高科技基金,2,TWD,3.82
200306,17607889,友邦網路商務基金,2,TWD,3.64
200306,17608445,富邦網路基金,2,TWD,3.24
200306,17608487,復華數位經濟基金,2,TWD,6.55
200306,17610006,永昌新銳星基金,2,TWD,3.65
200306,17612497,國泰國泰基金,2,TWD,5.06
200306,18030218,富達台灣基金,2,TWD,5.04
200306,18031960,傳山高科技基金,2,TWD,5.83
200306,18033138,德信數位時代基金,2,TWD,6.27
200306,18034832,盛華8888中小基金,2,TWD,6.89
200306,18036281,元大巴菲特基金,2,TWD,9.7
200306,18037937,彰銀安泰e科技精選基金,2,TWD,4.82
200306,18040665,倍立高科技基金,2,TWD,11.36
200306,18043059,國泰中小成長基金,2,TWD,9.14
200306,18434464,台壽保飛龍成長基金,2,TWD,6.65
200306,18475372,台育高科技基金,2,TWD,5.01
200306,18480065,德盛科技大壩基金,2,TWD,7.15
200306,18488279,復華中小精選基金,2,TWD,9.71
200306,18488290,新光新興中小基金,2,TWD,12.1
200306,18488469,彰銀安泰中小精選基金,2,TWD,7.28
200306,18492956,台壽保媽祖基金,2,TWD,7.92
200306,18496290,聯邦中國龍基金,2,TWD,9.71
200306,18499732,遠東大聯台灣旗艦基金,2,TWD,9.22
200306,19291128,國泰大中華基金,2,TWD,7.54
200306,19325252,瑞銀鐵木真基金,2,TWD,6.3
200306,19325979,盛華8899成長基金,2,TWD,3.82
200306,19330712,倍立寶利基金,2,TWD,6.92
200306,19330754,彰銀安泰優質精選基金,2,TWD,8.59
200306,19339447,聯邦價值基金,2,TWD,5.82
200306,19339782,群益創新科技基金,2,TWD,8.16
200306,19341318,建弘電子基金,2,TWD,7.35
200306,20080023,元大店頭基金,2,TWD,4.05
200306,20081352,群益店頭市場基金,2,TWD,16.54
200306,20084317,日盛日盛基金,2,TWD,5.49
200306,20089782,景順中信店頭基金,2,TWD,4.43
200306,20092528,建弘店頭市場基金,2,TWD,3.96
200306,20094672,金鼎寶櫃基金,2,TWD,5.57
200306,20094820,友邦巨人基金,2,TWD,4.96
200306,20097447,保德信元富第一基金,2,TWD,7.32
200306,73982057,金復華基金,2,TWD,6.62
200306,73987671,匯豐台灣精典基金,2,TWD,7.92
200306,73988171,德信全方位基金,2,TWD,6.61
200306,73988876,日盛小而美基金,2,TWD,4.32
200306,73989002,建弘小型基金,2,TWD,12.06
200306,73989256,景順中信台灣科技基金,2,TWD,12.3
200306,73989501,怡富中小基金,2,TWD,12.33
200306,73990253,統一奔騰基金,2,TWD,9.81
200306,73990649,保德信元富科技島基金,2,TWD,11.35
200306,73991154,大眾科技基金,2,TWD,6.34
200306,73991751,國際電子基金,2,TWD,11.52
200306,73992013,聯合領航科技基金,2,TWD,8.02
200306,73998071,新光店頭基金,2,TWD,15.59
200306,73998086,復華高成長基金,2,TWD,9.95
200306,73999260,金鼎行動基金,2,TWD,6.49
200306,76941376,匯豐成功基金,2,TWD,9.86
200306,77537493,統一統信基金,2,TWD,11.04
200306,77537509,元大多元基金,2,TWD,7.31
200306,80892778,中興中小型基金,2,TWD,10.56
200306,80894446,大眾中國通基金,2,TWD,10.85
200306,81580149,新光國家建設基金,2,TWD,14.22
200306,81581724,統一經建基金,2,TWD,8.17
200306,81584335,元大高科技基金,2,TWD,7.24
200306,81584975,日盛上選基金,2,TWD,9.93
200306,81584996,國際中小基金,2,TWD,7.96
200306,81585242,新光創新科技基金,2,TWD,7.81
200306,81585475,富邦高成長基金,2,TWD,4.92
200306,81585622,法華滿益基金,2,TWD,5.08
200306,81587889,復華復華基金,2,TWD,4.35
200306,81588310,聯合創世紀基金,2,TWD,7.12
200306,81588536,大眾大眾基金,2,TWD,10.68
200306,81591434,群益長安基金,2,TWD,9.18
200306,81594690,大華基金,2,TWD,10.2
200306,81595924,保誠中小型股基金,2,TWD,6.46
200306,83863002,傳山永豐基金,2,TWD,11.28
200306,83863951,元大經貿基金,2,TWD,8.37
200306,83864570,友邦巨鵬基金,2,TWD,4.88
200306,83864683,富邦科技基金,2,TWD,10.61
200306,83866508,保德信元富中小型股基金,2,TWD,12.0
200306,92000533,新光台灣永發基金,2,TWD,9.06
200306,92001765,元大多多基金,2,TWD,9.59
200306,92002244,統一黑馬基金,2,TWD,10.67
200306,92002384,富邦精準基金,2,TWD,20.66
200306,92003102,保誠高科技基金,2,TWD,19.56
200306,92003790,國際精選二十基金,2,TWD,6.55
200306,92004566,寶來績效基金,2,TWD,13.28
200306,92010477,富邦長紅基金,2,TWD,18.1
200306,92011433,瑞銀強勢基金,2,TWD,6.62
200306,92012025,怡富新興科技基金,2,TWD,21.64
200306,92012572,保誠外銷基金,2,TWD,18.24
200306,92012762,統一龍馬基金,2,TWD,15.26
200306,92013967,保德信元富金滿意基金,2,TWD,15.75
200306,92016839,永昌前瞻科技基金,2,TWD,6.3
200306,92017794,匯豐龍騰電子基金,2,TWD,14.74
200306,92019786,景順中信潛力基金,2,TWD,10.87
200306,92026219,元大卓越基金,2,TWD,16.03
200306,92028997,群益中小型股基金,2,TWD,13.13
200306,94987141,倍立中概基金,2,TWD,10.53
200306,94991068,日盛新台商基金,2,TWD,10.66
200306,97972846,德信大發基金,2,TWD,7.31
200306,97974078,富邦冠軍基金,2,TWD,10.4
200306,97977878,統一店頭市場基金,2,TWD,6.3
200306,97978102,保誠掌櫃基金,2,TWD,7.36
200306,97980043,建弘福王基金,2,TWD,10.75
200306,97982984,金鼎概念型基金,2,TWD,9.37
200306,97983647,保誠元滿基金,2,TWD,3.86
200306,97984293,群益馬拉松基金,2,TWD,28.12
200306,97988636,保德信元富店頭市場基金,2,TWD,8.87
200306,97990696,保誠菁華基金,2,TWD,15.57
200306,97995664,匯豐店頭五十基金,2,TWD,4.07
200306,97997635,金鼎大利基金,2,TWD,12.93
200306,97998803,新光競臻笠基金,2,TWD,18.02
200309,00965469,國際第一基金,2,TWD,6.6
200309,00968521,建弘福元基金,2,TWD,9.16
200309,00971096,建弘雙福基金,2,TWD,6.1
200309,00973762,永昌永昌基金,2,TWD,5.81
200309,00974024,景順中信和信基金,2,TWD,8.73
200309,00974039,怡富基金,2,TWD,9.09
200309,00974066,寶來2001基金,2,TWD,16.86
200309,00974241,新光台灣富貴基金,2,TWD,19.43
200309,00988316,荷銀光華基金,2,TWD,11.22
200309,00989005,匯豐匯豐基金,2,TWD,89.6
200309,01031298,匯豐龍鳳基金,2,TWD,18.05
200309,01031564,荷銀積極成長基金,2,TWD,4.29
200309,01031699,統一全天候基金,2,TWD,27.7
200309,01031852,永昌昌隆基金,2,TWD,7.36
200309,01031874,瑞銀小龍基金,2,TWD,5.5
200309,01032058,元大多福基金,2,TWD,15.75
200309,01032162,怡富台灣增長基金,2,TWD,22.01
200309,01032183,保德信元富高成長基金,2,TWD,24.66
200309,01032803,建弘萬得福基金,2,TWD,9.66
200309,01050013,匯豐成長基金,2,TWD,12.83
200309,01050148,國際國民基金,2,TWD,18.43
200309,13528977,保德信元富台商全方位基金,2,TWD,10.38
200309,13539952,凱基開創基金,2,TWD,12.02
200309,13984165,富達台灣成長基金,2,TWD,13.14
200309,13986924,新光大三通基金,2,TWD,10.99
200309,13998344,大華中小基金,2,TWD,11.63
200309,14293674,玉山登峰基金,2,TWD,8.9
200309,14293695,盛華2008華商基金,2,TWD,7.34
200309,14541724,凱基創星基金,2,TWD,8.75
200309,14542287,寶來精準中小基金,2,TWD,8.97
200309,14545897,遠東大聯科技基金,2,TWD,7.95
200309,14548769,富鼎寶馬基金,2,TWD,7.28
200309,14693572,聯邦台灣創新基金,2,TWD,9.35
200309,14694495,中興台灣基金,2,TWD,10.06
200309,14703109,國票遠見基金,2,TWD,10.8
200309,14705562,國泰科技生化基金,2,TWD,10.48
200309,14911296,統一飛躍成長基金,2,TWD,10.37
200309,15562844,凱基先進基金,2,TWD,12.89
200309,15569831,兆豐國際交銀高科技基金,2,TWD,9.8
200309,15588302,景順台灣精選成長基金,2,TWD,12.3
200309,15733565,永昌台商世紀基金,2,TWD,11.18
200309,15733973,第一富蘭克林第一富基金,2,TWD,10.44
200309,15739619,建弘大中華基金,2,TWD,10.34
200309,17139204,元大新主流基金,2,TWD,7.19
200309,17140075,聯合哥倫布基金,2,TWD,7.93
200309,17140568,景順中信主流基金,2,TWD,7.85
200309,17141187,富鼎半導體科技基金,2,TWD,6.79
200309,17141335,金鼎科技金融基金,2,TWD,10.83
200309,17144889,金復華雙響炮基金,2,TWD,5.79
200309,17144945,怡富價值成長基金,2,TWD,7.97
200309,17145070,寶來矽谷基金,2,TWD,6.76
200309,17146752,彰銀安泰成長精選基金,2,TWD,6.56
200309,17147078,日盛精選五虎基金,2,TWD,8.24
200309,17147915,倍立磐石基金,2,TWD,9.82
200309,17148301,富邦台灣心基金,2,TWD,6.97
200309,17152509,大華高科技基金,2,TWD,6.77
200309,17153795,富邦價值基金,2,TWD,5.81
200309,17154324,建弘價值基金,2,TWD,6.66
200309,17597236,聯邦精選科技基金,2,TWD,5.37
200309,17597600,台壽保阿波羅基金,2,TWD,6.09
200309,17600534,荷銀高科技基金,2,TWD,4.59
200309,17601891,富鼎大三元基金,2,TWD,3.9
200309,17602625,保德信元富新世紀基金,2,TWD,4.9
200309,17602821,盛華2000高科技基金,2,TWD,6.39
200309,17603899,保誠電通網基金,2,TWD,5.65
200309,17604124,德盛台灣大壩基金,2,TWD,4.93
200309,17604341,新光摩天基金,2,TWD,6.68
200309,17605622,統一大滿貫基金,2,TWD,4.67
200309,17606299,國際金龍基金,2,TWD,5.3
200309,17607591,日盛高科技基金,2,TWD,4.66
200309,17607889,友邦網路商務基金,2,TWD,4.46
200309,17608445,富邦網路基金,2,TWD,3.74
200309,17608487,復華數位經濟基金,2,TWD,7.8
200309,17610006,永昌新銳星基金,2,TWD,4.48
200309,17612497,國泰國泰基金,2,TWD,5.88
200309,18030218,富達台灣基金,2,TWD,6.02
200309,18031960,傳山高科技基金,2,TWD,6.23
200309,18033138,德信數位時代基金,2,TWD,6.42
200309,18034832,盛華8888中小基金,2,TWD,7.81
200309,18036281,元大巴菲特基金,2,TWD,11.53
200309,18037937,彰銀安泰e科技精選基金,2,TWD,5.79
200309,18040665,倍立高科技基金,2,TWD,13.1
200309,18043059,國泰中小成長基金,2,TWD,11.03
200309,18434464,台壽保飛龍成長基金,2,TWD,7.52
200309,18475372,台育高科技基金,2,TWD,5.28
200309,18480065,德盛科技大壩基金,2,TWD,8.65
200309,18488279,復華中小精選基金,2,TWD,11.68
200309,18488290,新光新興中小基金,2,TWD,13.36
200309,18488469,彰銀安泰中小精選基金,2,TWD,8.94
200309,18492956,台壽保媽祖基金,2,TWD,9.19
200309,18496290,聯邦中國龍基金,2,TWD,10.93
200309,18499732,遠東大聯台灣旗艦基金,2,TWD,11.0
200309,19291128,國泰大中華基金,2,TWD,8.71
200309,19325252,瑞銀鐵木真基金,2,TWD,6.69
200309,19325979,盛華8899成長基金,2,TWD,4.28
200309,19330712,倍立寶利基金,2,TWD,6.97
200309,19330754,彰銀安泰優質精選基金,2,TWD,10.06
200309,19339447,聯邦價值基金,2,TWD,6.77
200309,19339782,群益創新科技基金,2,TWD,9.18
200309,19341318,建弘電子基金,2,TWD,8.55
200309,20080023,元大店頭基金,2,TWD,4.76
200309,20081352,群益店頭市場基金,2,TWD,17.91
200309,20084317,日盛日盛基金,2,TWD,6.46
200309,20092528,建弘店頭市場基金,2,TWD,4.64
200309,20094672,金鼎寶櫃基金,2,TWD,6.53
200309,20094820,友邦巨人基金,2,TWD,5.78
200309,20097447,保德信元富第一基金,2,TWD,8.56
200309,73982057,金復華基金,2,TWD,7.45
200309,73987671,匯豐台灣精典基金,2,TWD,8.66
200309,73988171,德信全方位基金,2,TWD,8.05
200309,73988876,日盛小而美基金,2,TWD,5.35
200309,73989002,建弘小型基金,2,TWD,13.68
200309,73989256,景順中信台灣科技基金,2,TWD,14.97
200309,73989501,怡富中小基金,2,TWD,14.92
200309,73990253,統一奔騰基金,2,TWD,11.35
200309,73990649,保德信元富科技島基金,2,TWD,12.66
200309,73991154,大眾科技基金,2,TWD,7.48
200309,73991751,國際電子基金,2,TWD,14.82
200309,73992013,聯合領航科技基金,2,TWD,9.93
200309,73998071,新光店頭基金,2,TWD,17.11
200309,73998086,復華高成長基金,2,TWD,11.27
200309,73999260,金鼎行動基金,2,TWD,7.51
200309,76941376,匯豐成功基金,2,TWD,11.69
200309,77537493,統一統信基金,2,TWD,11.97
200309,77537509,元大多元基金,2,TWD,8.08
200309,80892778,中興中小型基金,2,TWD,12.75
200309,80894446,大眾中國通基金,2,TWD,11.95
200309,81580149,新光國家建設基金,2,TWD,15.29
200309,81581724,統一經建基金,2,TWD,9.74
200309,81584335,元大高科技基金,2,TWD,9.02
200309,81584975,日盛上選基金,2,TWD,11.93
200309,81584996,國際中小基金,2,TWD,9.34
200309,81585242,新光創新科技基金,2,TWD,8.14
200309,81585475,富邦高成長基金,2,TWD,5.92
200309,81585622,法華滿益基金,2,TWD,5.56
200309,81587889,復華復華基金,2,TWD,5.31
200309,81588310,聯合創世紀基金,2,TWD,7.02
200309,81588536,大眾大眾基金,2,TWD,12.66
200309,81591434,群益長安基金,2,TWD,10.3
200309,81594690,大華基金,2,TWD,11.37
200309,81595924,保誠中小型股基金,2,TWD,7.55
200309,83863002,傳山永豐基金,2,TWD,12.19
200309,83863951,元大經貿基金,2,TWD,10.26
200309,83864570,友邦巨鵬基金,2,TWD,5.73
200309,83864683,富邦科技基金,2,TWD,13.55
200309,83866508,保德信元富中小型股基金,2,TWD,13.97
200309,92000533,新光台灣永發基金,2,TWD,10.49
200309,92001765,元大多多基金,2,TWD,11.95
200309,92002244,統一黑馬基金,2,TWD,12.2
200309,92002384,富邦精準基金,2,TWD,24.71
200309,92003102,保誠高科技基金,2,TWD,23.33
200309,92003790,國際精選二十基金,2,TWD,7.99
200309,92004566,寶來績效基金,2,TWD,15.97
200309,92010477,富邦長紅基金,2,TWD,19.86
200309,92011433,瑞銀強勢基金,2,TWD,6.89
200309,92012025,怡富新興科技基金,2,TWD,26.44
200309,92012572,保誠外銷基金,2,TWD,21.53
200309,92012762,統一龍馬基金,2,TWD,18.17
200309,92013967,保德信元富金滿意基金,2,TWD,17.8
200309,92016839,永昌前瞻科技基金,2,TWD,7.55
200309,92017794,匯豐龍騰電子基金,2,TWD,17.39
200309,92019786,景順中信潛力基金,2,TWD,13.09
200309,92026219,元大卓越基金,2,TWD,20.14
200309,92028997,群益中小型股基金,2,TWD,15.28
200309,94987141,倍立中概基金,2,TWD,11.52
200309,94991068,日盛新台商基金,2,TWD,12.46
200309,97972846,德信大發基金,2,TWD,8.04
200309,97974078,富邦冠軍基金,2,TWD,12.35
200309,97977878,統一店頭市場基金,2,TWD,7.29
200309,97978102,保誠掌櫃基金,2,TWD,8.96
200309,97980043,建弘福王基金,2,TWD,12.62
200309,97982984,金鼎概念型基金,2,TWD,10.64
200309,97983647,保誠元滿基金,2,TWD,4.3
200309,97984293,群益馬拉松基金,2,TWD,34.26
200309,97988636,保德信元富店頭市場基金,2,TWD,9.72
200309,97990696,保誠菁華基金,2,TWD,17.74
200309,97995664,匯豐店頭五十基金,2,TWD,4.72
200309,97997635,金鼎大利基金,2,TWD,14.81
200309,97998803,新光競臻笠基金,2,TWD,18.84
200309,98770468,德信利基基金,2,TWD,9.99
200312,00965469,國際第一基金,2,TWD,6.78
200312,00968521,建弘福元基金,2,TWD,9.55
200312,00971096,建弘雙福基金,2,TWD,6.22
200312,00973762,永昌永昌基金,2,TWD,5.87
200312,00974024,景順和信基金,2,TWD,8.96
200312,00974039,怡富基金,2,TWD,9.42
200312,00974066,寶來2001基金,2,TWD,17.48
200312,00974241,新光台灣富貴基金,2,TWD,20.79
200312,00988316,荷銀光華基金,2,TWD,11.83
200312,00989005,匯豐基金,2,TWD,92.9
200312,01031298,匯豐龍鳳基金,2,TWD,18.59
200312,01031564,荷銀積極成長基金,2,TWD,4.46
200312,01031699,統一全天候基金,2,TWD,28.52
200312,01031852,永昌昌隆基金,2,TWD,7.71
200312,01031874,瑞銀小龍基金,2,TWD,5.43
200312,01032058,元大多福基金,2,TWD,16.03
200312,01032162,怡富台灣增長基金,2,TWD,23.05
200312,01032183,保德信元富高成長基金,2,TWD,26.16
200312,01032803,建弘萬得福基金,2,TWD,10.07
200312,01050013,匯豐成長基金,2,TWD,13.11
200312,01050148,國際國民基金,2,TWD,19.18
200312,13528977,保德信元富台商全方位基金,2,TWD,11.29
200312,13539952,凱基開創基金,2,TWD,13.11
200312,13984165,富達台灣成長基金,2,TWD,14.22
200312,13986924,新光大三通基金,2,TWD,11.37
200312,13998344,大華中小基金,2,TWD,13.1
200312,14293674,玉山登峰基金,2,TWD,9.21
200312,14293695,盛華2008華商基金,2,TWD,7.7
200312,14541724,凱基創星基金,2,TWD,9.53
200312,14542287,寶來精準中小基金,2,TWD,10.04
200312,14545897,遠東大聯科技基金,2,TWD,7.92
200312,14548769,富鼎寶馬基金,2,TWD,7.69
200312,14693572,聯邦台灣創新基金,2,TWD,9.5
200312,14694495,中興台灣基金,2,TWD,10.49
200312,14703109,國票遠見基金,2,TWD,11.56
200312,14705562,國泰科技生化基金,2,TWD,10.92
200312,14911296,統一飛躍成長基金,2,TWD,10.37
200312,15562844,凱基先進基金,2,TWD,14.19
200312,15569831,兆豐國際高科技基金,2,TWD,9.65
200312,15588302,景順台灣精選成長基金,2,TWD,13.29
200312,15733565,永昌台商世紀基金,2,TWD,11.87
200312,15733973,第一富蘭克林第一富基金,2,TWD,11.17
200312,15739619,建弘大中華基金,2,TWD,10.87
200312,17139204,元大新主流基金,2,TWD,7.53
200312,17140075,聯合哥倫布基金,2,TWD,8.62
200312,17140568,景順主流基金,2,TWD,8.49
200312,17141187,富鼎半導體科技基金,2,TWD,7.18
200312,17141335,金鼎科技金融基金,2,TWD,11.13
200312,17144889,金復華雙響炮基金,2,TWD,5.86
200312,17144945,怡富價值成長基金,2,TWD,8.54
200312,17145070,寶來矽谷基金,2,TWD,6.41
200312,17146752,彰銀安泰成長精選基金,2,TWD,6.83
200312,17147078,日盛精選五虎基金,2,TWD,9.18
200312,17147915,倍立磐石基金,2,TWD,10.19
200312,17148301,富邦台灣心基金,2,TWD,7.37
200312,17152509,大華高科技基金,2,TWD,7.1
200312,17153795,富邦價值基金,2,TWD,6.06
200312,17154324,建弘價值基金,2,TWD,7.12
200312,17597236,聯邦精選科技基金,2,TWD,5.4
200312,17597600,台壽保阿波羅基金,2,TWD,6.94
200312,17600534,荷銀高科技基金,2,TWD,4.73
200312,17601891,富鼎大三元基金,2,TWD,4.2
200312,17602625,保德信元富新世紀基金,2,TWD,4.62
200312,17602821,盛華2000高科技基金,2,TWD,6.8
200312,17603899,保誠電通網基金,2,TWD,5.89
200312,17604124,德盛台灣大壩基金,2,TWD,5.24
200312,17604341,新光摩天基金,2,TWD,6.54
200312,17605622,統一大滿貫基金,2,TWD,5.48
200312,17606299,國際金龍基金,2,TWD,5.25
200312,17607591,日盛高科技基金,2,TWD,4.91
200312,17607889,友邦網路商務基金,2,TWD,4.23
200312,17608445,富邦網路基金,2,TWD,4.17
200312,17608487,復華數位經濟基金,2,TWD,8.03
200312,17610006,永昌新銳星基金,2,TWD,4.64
200312,17612497,國泰國泰基金,2,TWD,6.13
200312,18030218,富達台灣基金,2,TWD,6.31
200312,18031960,傳山高科技基金,2,TWD,6.4
200312,18033138,德信數位時代基金,2,TWD,6.79
200312,18034832,盛華8888中小基金,2,TWD,8.64
200312,18036281,元大巴菲特基金,2,TWD,12.18
200312,18037937,彰銀安泰e科技精選基金,2,TWD,5.79
200312,18040665,倍立高科技基金,2,TWD,13.44
200312,18043059,國泰中小成長基金,2,TWD,12.1
200312,18434464,台壽保飛龍成長基金,2,TWD,8.33
200312,18475372,台育高科技基金,2,TWD,5.31
200312,18480065,德盛科技大壩基金,2,TWD,8.84
200312,18488279,復華中小精選基金,2,TWD,12.47
200312,18488290,新光新興中小基金,2,TWD,15.05
200312,18488469,彰銀安泰中小精選基金,2,TWD,9.47
200312,18492956,台壽保媽祖基金,2,TWD,10.13
200312,18496290,聯邦中國龍基金,2,TWD,10.5
200312,18499732,遠東大聯台灣旗艦基金,2,TWD,11.25
200312,19291128,國泰大中華基金,2,TWD,9.27
200312,19325252,瑞銀鐵木真基金,2,TWD,6.77
200312,19325979,盛華8899成長基金,2,TWD,4.49
200312,19330712,倍立寶利基金,2,TWD,7.11
200312,19330754,彰銀安泰優質精選基金,2,TWD,10.38
200312,19339447,聯邦價值基金,2,TWD,6.87
200312,19339782,群益創新科技基金,2,TWD,9.85
200312,19341318,建弘電子基金,2,TWD,9.32
200312,20080023,元大店頭基金,2,TWD,5.0
200312,20081352,群益店頭市場基金,2,TWD,20.28
200312,20084317,日盛日盛基金,2,TWD,6.72
200312,20092528,建弘店頭市場基金,2,TWD,4.92
200312,20094672,金鼎寶櫃基金,2,TWD,6.91
200312,20094820,友邦巨人基金,2,TWD,5.79
200312,20097447,保德信元富第一基金,2,TWD,8.69
200312,73982057,金復華基金,2,TWD,7.33
200312,73987671,匯豐台灣精典基金,2,TWD,8.9
200312,73988171,德信全方位基金,2,TWD,8.08
200312,73988876,日盛小而美基金,2,TWD,6.02
200312,73989002,建弘小型基金,2,TWD,14.22
200312,73989256,景順台灣科技基金,2,TWD,15.26
200312,73989501,怡富中小基金,2,TWD,15.92
200312,73990253,統一奔騰基金,2,TWD,12.59
200312,73990649,保德信元富科技島基金,2,TWD,12.6
200312,73991154,大眾科技基金,2,TWD,7.87
200312,73991751,國際電子基金,2,TWD,14.27
200312,73992013,聯合領航科技基金,2,TWD,9.66
200312,73998071,新光店頭基金,2,TWD,19.12
200312,73998086,復華高成長基金,2,TWD,11.67
200312,73999260,金鼎行動基金,2,TWD,7.66
200312,76941376,匯豐成功基金,2,TWD,12.03
200312,77537493,統一統信基金,2,TWD,13.81
200312,77537509,元大多元基金,2,TWD,8.29
200312,80892778,中興中小型基金,2,TWD,14.38
200312,80894446,大眾中國通基金,2,TWD,12.57
200312,81580149,新光國家建設基金,2,TWD,17.39
200312,81581724,統一經建基金,2,TWD,9.49
200312,81584335,元大高科技基金,2,TWD,8.89
200312,81584975,日盛上選基金,2,TWD,13.37
200312,81584996,國際中小基金,2,TWD,9.61
200312,81585242,新光創新科技基金,2,TWD,8.83
200312,81585475,富邦高成長基金,2,TWD,6.26
200312,81585622,法華滿益基金,2,TWD,5.53
200312,81587889,復華復華基金,2,TWD,5.12
200312,81588310,聯合創世紀基金,2,TWD,8.41
200312,81588536,大眾基金,2,TWD,13.33
200312,81591434,群益長安基金,2,TWD,10.72
200312,81594690,大華基金,2,TWD,12.19
200312,81595924,保誠中小型股基金,2,TWD,7.95
200312,83863002,傳山永豐基金,2,TWD,12.62
200312,83863951,元大經貿基金,2,TWD,10.89
200312,83864570,友邦巨鵬基金,2,TWD,5.61
200312,83864683,富邦科技基金,2,TWD,12.88
200312,83866508,保德信元富中小型股基金,2,TWD,14.54
200312,92000533,新光台灣永發基金,2,TWD,11.06
200312,92001765,元大多多基金,2,TWD,13.6
200312,92002244,統一黑馬基金,2,TWD,13.06
200312,92002384,富邦精準基金,2,TWD,25.29
200312,92003102,保誠高科技基金,2,TWD,24.19
200312,92003790,國際精選二十基金,2,TWD,7.88
200312,92004566,寶來績效基金,2,TWD,17.84
200312,92010477,富邦長紅基金,2,TWD,21.97
200312,92011433,瑞銀強勢基金,2,TWD,6.81
200312,92012025,怡富新興科技基金,2,TWD,25.29
200312,92012572,保誠外銷基金,2,TWD,23.16
200312,92012762,統一龍馬基金,2,TWD,19.79
200312,92013967,保德信元富金滿意基金,2,TWD,18.45
200312,92016839,永昌前瞻科技基金,2,TWD,7.99
200312,92017794,匯豐龍騰電子基金,2,TWD,17.1
200312,92019786,景順潛力基金,2,TWD,13.63
200312,92026219,元大卓越基金,2,TWD,22.66
200312,92028997,群益中小型股基金,2,TWD,15.6
200312,94987141,倍立中概基金,2,TWD,11.85
200312,94991068,日盛新台商基金,2,TWD,12.61
200312,97972846,德信大發基金,2,TWD,8.37
200312,97974078,富邦冠軍基金,2,TWD,13.46
200312,97977878,統一店頭市場基金,2,TWD,8.29
200312,97978102,保誠掌櫃基金,2,TWD,9.62
200312,97980043,建弘福王基金,2,TWD,12.87
200312,97982984,金鼎概念型基金,2,TWD,11.66
200312,97983647,保誠元滿基金,2,TWD,4.21
200312,97984293,群益馬拉松基金,2,TWD,35.37
200312,97988636,保德信元富店頭市場基金,2,TWD,10.5
200312,97990696,保誠菁華基金,2,TWD,18.49
200312,97995664,匯豐店頭五十基金,2,TWD,4.9
200312,97997635,金鼎大利基金,2,TWD,15.43
200312,97998803,新光競臻笠基金,2,TWD,20.0
200312,98770468,德信利基基金,2,TWD,10.25
200312,99182734,兆豐國際兆豐基金,2,TWD,10.07
200403,00965469,國際第一基金,2,TWD,7.42
200403,00968521,建弘福元基金,2,TWD,11.36
200403,00971096,建弘雙福基金,2,TWD,7.64
200403,00973762,永昌基金,2,TWD,6.47
200403,00974024,景順和信基金,2,TWD,10.02
200403,00974039,怡富基金,2,TWD,10.11
200403,00974066,寶來2001基金,2,TWD,19.52
200403,00974241,新光台灣富貴基金,2,TWD,21.46
200403,00988316,荷銀光華基金,2,TWD,12.73
200403,00989005,匯豐基金,2,TWD,104.6
200403,01031298,匯豐龍鳳基金,2,TWD,20.21
200403,01031564,荷銀積極成長基金,2,TWD,4.8
200403,01031699,統一全天候基金,2,TWD,31.94
200403,01031852,永昌昌隆基金,2,TWD,8.78
200403,01031874,瑞銀小龍基金,2,TWD,5.78
200403,01032058,元大多福基金,2,TWD,18.1
200403,01032162,怡富台灣增長基金,2,TWD,24.64
200403,01032183,保德信元富高成長基金,2,TWD,29.62
200403,01032803,建弘萬得福基金,2,TWD,12.02
200403,01050013,匯豐成長基金,2,TWD,14.27
200403,01050148,國際國民基金,2,TWD,20.52
200403,13528977,保德信元富台商全方位基金,2,TWD,12.48
200403,13539952,凱基開創基金,2,TWD,13.65
200403,13984165,富達台灣成長基金,2,TWD,15.14
200403,13986924,新光大三通基金,2,TWD,13.07
200403,13998344,大華中小基金,2,TWD,14.92
200403,14293674,玉山登峰基金,2,TWD,10.01
200403,14293695,盛華2008華商基金,2,TWD,8.19
200403,14541724,凱基創星基金,2,TWD,10.8
200403,14542287,寶來精準中小基金,2,TWD,11.29
200403,14545897,遠東大聯科技基金,2,TWD,8.7
200403,14548769,富鼎寶馬基金,2,TWD,7.98
200403,14693572,聯邦台灣創新基金,2,TWD,10.41
200403,14694495,中興台灣基金,2,TWD,12.53
200403,14703109,國票遠見基金,2,TWD,12.22
200403,14705562,國泰科技生化基金,2,TWD,12.26
200403,14911296,統一飛躍成長基金,2,TWD,11.7
200403,15562844,凱基先進基金,2,TWD,14.66
200403,15569831,兆豐國際高科技基金,2,TWD,11.05
200403,15588302,景順台灣精選成長基金,2,TWD,13.74
200403,15733565,華南永昌台商世紀基金,2,TWD,12.7
200403,15733973,第一富蘭克林第一富基金,2,TWD,12.11
200403,15739619,建弘大中華基金,2,TWD,11.83
200403,17139204,元大新主流基金,2,TWD,8.54
200403,17140075,聯合哥倫布基金,2,TWD,9.41
200403,17140568,景順主流基金,2,TWD,9.22
200403,17141187,富鼎半導體科技基金,2,TWD,7.43
200403,17141335,金鼎科技金融基金,2,TWD,12.28
200403,17144889,金復華雙響炮基金,2,TWD,6.77
200403,17144945,怡富價值成長基金,2,TWD,9.47
200403,17145070,寶來矽谷基金,2,TWD,7.08
200403,17146752,彰銀安泰成長精選基金,2,TWD,7.53
200403,17147078,日盛精選五虎基金,2,TWD,10.45
200403,17147915,倍立磐石基金,2,TWD,11.05
200403,17148301,富邦台灣心基金,2,TWD,8.22
200403,17152509,大華高科技基金,2,TWD,8.29
200403,17153795,富邦價值基金,2,TWD,7.03
200403,17154324,建弘價值基金,2,TWD,8.37
200403,17597236,聯邦精選科技基金,2,TWD,6.05
200403,17597600,台壽保阿波羅基金,2,TWD,7.26
200403,17600534,荷銀高科技基金,2,TWD,5.05
200403,17601891,富鼎大三元基金,2,TWD,4.4
200403,17602625,保德信元富新世紀基金,2,TWD,5.05
200403,17602821,盛華2000高科技基金,2,TWD,7.93
200403,17603899,保誠電通網基金,2,TWD,7.29
200403,17604124,德盛台灣大壩基金,2,TWD,5.76
200403,17604341,新光摩天基金,2,TWD,6.94
200403,17605622,統一大滿貫基金,2,TWD,6.48
200403,17606299,國際金龍基金,2,TWD,5.69
200403,17607591,日盛高科技基金,2,TWD,5.97
200403,17607889,友邦網路商務基金,2,TWD,4.61
200403,17608445,富邦網路基金,2,TWD,4.93
200403,17608487,復華數位經濟基金,2,TWD,9.18
200403,17610006,華南永昌新銳星基金,2,TWD,5.35
200403,17612497,國泰基金,2,TWD,6.8
200403,18030218,富達台灣基金,2,TWD,6.64
200403,18031960,傳山高科技基金,2,TWD,7.11
200403,18033138,德信數位時代基金,2,TWD,7.12
200403,18034832,盛華8888中小基金,2,TWD,9.74
200403,18036281,元大巴菲特基金,2,TWD,13.5
200403,18037937,彰銀安泰ｅ科技精選基金,2,TWD,6.46
200403,18040665,倍立高科技基金,2,TWD,15.19
200403,18043059,國泰中小成長基金,2,TWD,13.34
200403,18434464,台壽保飛龍成長基金,2,TWD,9.28
200403,18475372,台育高科技基金,2,TWD,5.53
200403,18480065,德盛科技大壩基金,2,TWD,9.89
200403,18488279,復華中小精選基金,2,TWD,13.74
200403,18488290,新光新興中小基金,2,TWD,15.57
200403,18488469,彰銀安泰中小精選基金,2,TWD,10.26
200403,18492956,台壽保媽祖基金,2,TWD,11.15
200403,18496290,聯邦中國龍基金,2,TWD,11.7
200403,18499732,遠東大聯台灣旗艦基金,2,TWD,12.19
200403,19291128,國泰大中華基金,2,TWD,10.46
200403,19325252,瑞銀鐵木真基金,2,TWD,7.02
200403,19325979,盛華8899成長基金,2,TWD,4.61
200403,19330712,倍立寶利基金,2,TWD,7.9
200403,19330754,彰銀安泰優質精選基金,2,TWD,11.49
200403,19339447,聯邦價值基金,2,TWD,7.31
200403,19339782,群益創新科技基金,2,TWD,11.52
200403,19341318,建弘電子基金,2,TWD,11.36
200403,20080023,元大店頭基金,2,TWD,5.84
200403,20081352,群益店頭市場基金,2,TWD,24.15
200403,20084317,日盛基金,2,TWD,8.16
200403,20092528,建弘店頭市場基金,2,TWD,5.6
200403,20094672,金鼎寶櫃基金,2,TWD,8.04
200403,20094820,友邦巨人基金,2,TWD,6.15
200403,20097447,保德信元富第一基金,2,TWD,9.73
200403,73982057,金復華基金,2,TWD,8.46
200403,73987671,匯豐台灣精典基金,2,TWD,9.53
200403,73988171,德信全方位基金,2,TWD,8.31
200403,73988876,日盛小而美基金,2,TWD,7.15
200403,73989002,建弘小型精選基金,2,TWD,16.37
200403,73989256,景順台灣科技基金,2,TWD,15.94
200403,73989501,怡富中小基金,2,TWD,17.18
200403,73990253,統一奔騰基金,2,TWD,14.5
200403,73990649,保德信元富科技島基金,2,TWD,13.84
200403,73991154,大眾科技基金,2,TWD,8.2
200403,73991751,國際電子基金,2,TWD,15.5
200403,73992013,聯合領航科技基金,2,TWD,10.66
200403,73998071,新光店頭基金,2,TWD,21.38
200403,73998086,復華高成長基金,2,TWD,13.34
200403,73999260,金鼎行動基金,2,TWD,8.91
200403,76941376,匯豐成功基金,2,TWD,13.15
200403,77537493,統一統信基金,2,TWD,15.6
200403,77537509,元大多元基金,2,TWD,8.71
200403,80892778,中興中小型基金,2,TWD,17.14
200403,80894446,大眾中國通基金,2,TWD,12.91
200403,81580149,新光國家建設基金,2,TWD,18.1
200403,81581724,統一經建基金,2,TWD,10.91
200403,81584335,元大高科技基金,2,TWD,10.04
200403,81584975,日盛上選基金,2,TWD,16.05
200403,81584996,國際中小基金,2,TWD,10.2
200403,81585242,新光創新科技基金,2,TWD,9.9
200403,81585475,富邦高成長基金,2,TWD,7.32
200403,81585622,法華滿益基金,2,TWD,5.87
200403,81587889,復華基金,2,TWD,5.47
200403,81588310,聯合創世紀基金,2,TWD,9.79
200403,81588536,大眾基金,2,TWD,14.31
200403,81591434,群益長安基金,2,TWD,11.78
200403,81594690,大華基金,2,TWD,14.03
200403,81595924,保誠中小型股基金,2,TWD,9.38
200403,83863002,傳山永豐基金,2,TWD,13.83
200403,83863951,元大經貿基金,2,TWD,12.54
200403,83864570,友邦巨鵬基金,2,TWD,5.98
200403,83864683,富邦科技基金,2,TWD,14.79
200403,83866508,保德信元富中小型股基金,2,TWD,16.49
200403,92000533,新光台灣永發基金,2,TWD,12.06
200403,92001765,元大多多基金,2,TWD,14.98
200403,92002244,統一黑馬基金,2,TWD,15.23
200403,92002384,富邦精準基金,2,TWD,28.43
200403,92003102,保誠高科技基金,2,TWD,30.08
200403,92003790,國際精選二十基金,2,TWD,8.67
200403,92004566,寶來績效基金,2,TWD,19.86
200403,92010477,富邦長紅基金,2,TWD,24.25
200403,92011433,瑞銀強勢基金,2,TWD,6.96
200403,92012025,怡富新興科技基金,2,TWD,28.77
200403,92012572,保誠外銷基金,2,TWD,26.7
200403,92012762,統一龍馬基金,2,TWD,22.67
200403,92013967,保德信元富金滿意基金,2,TWD,18.71
200403,92016839,永昌前瞻科技基金,2,TWD,9.17
200403,92017794,匯豐龍騰電子基金,2,TWD,18.65
200403,92019786,景順潛力基金,2,TWD,14.61
200403,92026219,元大卓越基金,2,TWD,25.1
200403,92028997,群益中小型股基金,2,TWD,18.0
200403,94987141,倍立中概基金,2,TWD,12.38
200403,94991068,日盛新台商基金,2,TWD,14.19
200403,97972846,德信大發基金,2,TWD,9.85
200403,97974078,富邦冠軍基金,2,TWD,15.34
200403,97977878,統一店頭市場基金,2,TWD,9.69
200403,97978102,保誠掌櫃基金,2,TWD,10.66
200403,97980043,建弘福王基金,2,TWD,14.07
200403,97982984,金鼎概念型基金,2,TWD,13.88
200403,97983647,保誠元滿基金,2,TWD,4.34
200403,97984293,群益馬拉松基金,2,TWD,40.12
200403,97988636,保德信元富店頭市場基金,2,TWD,11.76
200403,97990696,保誠菁華基金,2,TWD,20.64
200403,97995664,匯豐店頭五十基金,2,TWD,5.62
200403,97997635,金鼎大利基金,2,TWD,17.63
200403,97998803,新光競臻笠基金,2,TWD,20.78
200403,98770468,德信利基基金,2,TWD,11.12
200403,99182734,兆豐國際兆豐基金,2,TWD,10.87
200403,99352821,大眾精選25基金,2,TWD,9.74
200403,99354335,怡富台灣微型基金,2,TWD,9.81
200406,00965469,國際第一基金,2,TWD,6.26
200406,00968521,建弘福元基金,2,TWD,9.55
200406,00971096,建弘雙福基金,2,TWD,6.56
200406,00973762,永昌永昌基金,2,TWD,5.42
200406,00974024,景順和信基金,2,TWD,9.18
200406,00974039,摩根富林明JF台灣基金,2,TWD,8.68
200406,00974066,寶來2001基金,2,TWD,16.83
200406,00974241,新光台灣富貴基金,2,TWD,18.73
200406,00988316,荷銀光華基金,2,TWD,10.94
200406,00989005,匯豐匯豐基金,2,TWD,88.7
200406,01031298,匯豐龍鳳基金,2,TWD,17.67
200406,01031564,荷銀積極成長基金,2,TWD,4.25
200406,01031699,統一全天候基金,2,TWD,28.58
200406,01031852,永昌昌隆基金,2,TWD,7.39
200406,01031874,瑞銀小龍基金,2,TWD,5.25
200406,01032058,元大多福基金,2,TWD,16.23
200406,01032162,摩根富林明JF台灣增長基金,2,TWD,21.23
200406,01032183,保德信高成長基金,2,TWD,25.55
200406,01032803,建弘萬得福基金,2,TWD,10.46
200406,01050013,匯豐成長基金,2,TWD,12.65
200406,01050148,國際國民基金,2,TWD,17.49
200406,13528977,保德信台商全方位基金,2,TWD,10.96
200406,13539952,凱基開創基金,2,TWD,11.25
200406,13984165,富達台灣成長基金,2,TWD,13.81
200406,13986924,新光大三通基金,2,TWD,11.57
200406,13998344,大華中小基金,2,TWD,12.24
200406,14293674,玉山登峰基金,2,TWD,8.61
200406,14293695,盛華2008華商基金,2,TWD,7.08
200406,14541724,凱基創星基金,2,TWD,9.01
200406,14542287,寶來精準中小基金,2,TWD,9.96
200406,14545897,遠東大聯科技基金,2,TWD,7.73
200406,14548769,富鼎寶馬基金,2,TWD,6.71
200406,14693572,聯邦台灣創新基金,2,TWD,8.59
200406,14694495,中興台灣基金,2,TWD,10.45
200406,14703109,國票遠見基金,2,TWD,11.17
200406,14705562,國泰科技生化基金,2,TWD,11.08
200406,14911296,統一飛躍成長基金,2,TWD,9.93
200406,15562844,凱基先進基金,2,TWD,12.74
200406,15569831,兆豐國際高科技基金,2,TWD,8.72
200406,15588302,景順台灣精選成長基金,2,TWD,12.3
200406,15733565,華南永昌台商世紀基金,2,TWD,10.03
200406,15733973,第一富蘭克林第一富基金,2,TWD,10.89
200406,15739619,建弘大中華基金,2,TWD,10.08
200406,17139204,元大新主流基金,2,TWD,7.45
200406,17140075,聯合哥倫布基金,2,TWD,8.11
200406,17140568,景順主流基金,2,TWD,8.51
200406,17141187,富鼎半導體科技基金,2,TWD,6.37
200406,17141335,金鼎科技金融基金,2,TWD,10.88
200406,17144889,金復華雙響炮基金,2,TWD,5.99
200406,17144945,摩根富林明JF價值成長基金,2,TWD,8.91
200406,17145070,寶來矽谷基金,2,TWD,6.18
200406,17146752,彰銀安泰成長精選基金,2,TWD,6.2
200406,17147078,日盛精選五虎基金,2,TWD,8.92
200406,17147915,倍立磐石基金,2,TWD,9.25
200406,17148301,富邦台灣心基金,2,TWD,7.23
200406,17152509,大華高科技基金,2,TWD,7.24
200406,17153795,富邦價值基金,2,TWD,6.62
200406,17154324,建弘價值基金,2,TWD,7.5
200406,17597236,聯邦精選科技基金,2,TWD,4.94
200406,17597600,台壽保阿波羅基金,2,TWD,6.14
200406,17600534,荷銀高科技基金,2,TWD,4.42
200406,17601891,富鼎大三元基金,2,TWD,3.77
200406,17602625,保德信新世紀基金,2,TWD,4.25
200406,17602821,盛華2000高科技基金,2,TWD,6.64
200406,17603899,保誠電通網基金,2,TWD,6.12
200406,17604124,德盛台灣大壩基金,2,TWD,5.13
200406,17604341,新光摩天基金,2,TWD,6.17
200406,17605622,統一大滿貫基金,2,TWD,5.63
200406,17606299,國際金龍基金,2,TWD,4.78
200406,17607591,日盛高科技基金,2,TWD,4.69
200406,17607889,友邦網路商務基金,2,TWD,4.16
200406,17608445,富邦網路基金,2,TWD,4.34
200406,17608487,復華數位經濟基金,2,TWD,8.23
200406,17610006,華南永昌新銳星基金,2,TWD,4.5
200406,17612497,國泰國泰基金,2,TWD,6.22
200406,18030218,富達台灣基金,2,TWD,5.99
200406,18031960,傳山高科技基金,2,TWD,6.09
200406,18033138,德信數位時代基金,2,TWD,6.03
200406,18034832,盛華8888中小基金,2,TWD,8.25
200406,18036281,元大巴菲特基金,2,TWD,10.71
200406,18037937,彰銀安泰ｅ科技精選基金,2,TWD,5.63
200406,18040665,倍立高科技基金,2,TWD,12.94
200406,18043059,國泰中小成長基金,2,TWD,12.14
200406,18434464,台壽保飛龍成長基金,2,TWD,7.63
200406,18475372,台育高科技基金,2,TWD,5.24
200406,18480065,德盛科技大壩基金,2,TWD,8.69
200406,18488279,復華中小精選基金,2,TWD,12.7
200406,18488290,新光新興中小基金,2,TWD,12.37
200406,18488469,彰銀安泰中小精選基金,2,TWD,8.5
200406,18492956,台壽保媽祖基金,2,TWD,9.04
200406,18496290,聯邦中國龍基金,2,TWD,9.5
200406,18499732,遠東大聯台灣旗艦基金,2,TWD,11.08
200406,19291128,國泰大中華基金,2,TWD,10.04
200406,19325252,瑞銀鐵木真基金,2,TWD,6.46
200406,19325979,盛華8899成長基金,2,TWD,4.14
200406,19330712,倍立寶利基金,2,TWD,6.47
200406,19330754,彰銀安泰優質精選基金,2,TWD,10.09
200406,19339447,聯邦價值基金,2,TWD,6.0
200406,19339782,群益創新科技基金,2,TWD,10.06
200406,19341318,建弘電子基金,2,TWD,9.74
200406,20080023,元大店頭基金,2,TWD,4.94
200406,20081352,群益店頭市場基金,2,TWD,20.81
200406,20084317,日盛日盛基金,2,TWD,7.52
200406,20092528,建弘店頭市場基金,2,TWD,4.8
200406,20094672,金鼎寶櫃基金,2,TWD,6.84
200406,20094820,友邦巨人基金,2,TWD,5.62
200406,20097447,保德信第一基金,2,TWD,8.4
200406,73982057,金復華金復華基金,2,TWD,7.91
200406,73987671,匯豐台灣精典基金,2,TWD,8.63
200406,73988171,德信全方位基金,2,TWD,6.78
200406,73988876,日盛小而美基金,2,TWD,6.0
200406,73989002,建弘小型精選基金,2,TWD,14.05
200406,73989256,景順台灣科技基金,2,TWD,13.84
200406,73989501,摩根富林明JF中小基金,2,TWD,14.62
200406,73990253,統一奔騰基金,2,TWD,12.15
200406,73990649,保德信科技島基金,2,TWD,12.06
200406,73991154,大眾科技基金,2,TWD,6.96
200406,73991751,國際電子基金,2,TWD,13.66
200406,73992013,聯合領航科技基金,2,TWD,9.47
200406,73998071,新光店頭基金,2,TWD,16.6
200406,73998086,復華高成長基金,2,TWD,11.78
200406,73999260,金鼎行動基金,2,TWD,7.61
200406,76941376,匯豐成功基金,2,TWD,11.51
200406,77537493,統一統信基金,2,TWD,13.42
200406,77537509,元大多元基金,2,TWD,7.73
200406,80892778,中興中小型基金,2,TWD,14.77
200406,80894446,大眾中國通基金,2,TWD,11.18
200406,81580149,新光國家建設基金,2,TWD,15.74
200406,81581724,統一經建基金,2,TWD,9.28
200406,81584335,元大高科技基金,2,TWD,8.81
200406,81584975,日盛上選基金,2,TWD,12.93
200406,81584996,國際中小基金,2,TWD,8.43
200406,81585242,新光創新科技基金,2,TWD,8.0
200406,81585475,富邦高成長基金,2,TWD,6.55
200406,81585622,法華滿益基金,2,TWD,5.33
200406,81587889,復華復華基金,2,TWD,4.83
200406,81588310,聯合創世紀基金,2,TWD,8.2
200406,81588536,大眾大眾基金,2,TWD,12.91
200406,81591434,群益長安基金,2,TWD,10.43
200406,81594690,大華大華基金,2,TWD,12.01
200406,81595924,保誠中小型股基金,2,TWD,8.27
200406,83863002,傳山永豐基金,2,TWD,11.89
200406,83863951,元大經貿基金,2,TWD,10.94
200406,83864683,富邦科技基金,2,TWD,12.91
200406,83866508,保德信中小型股基金,2,TWD,13.84
200406,92000533,新光台灣永發基金,2,TWD,10.03
200406,92001765,元大多多基金,2,TWD,13.68
200406,92002244,統一黑馬基金,2,TWD,13.02
200406,92002384,富邦精準基金,2,TWD,24.29
200406,92003102,保誠高科技基金,2,TWD,25.62
200406,92003790,國際精選二十基金,2,TWD,7.45
200406,92004566,寶來績效基金,2,TWD,17.55
200406,92010477,富邦長紅基金,2,TWD,20.47
200406,92011433,瑞銀強勢基金,2,TWD,6.38
200406,92012025,摩根富林明JF新興科技基金,2,TWD,24.85
200406,92012572,保誠外銷基金,2,TWD,21.97
200406,92012762,統一龍馬基金,2,TWD,18.82
200406,92013967,保德信金滿意基金,2,TWD,16.94
200406,92016839,永昌前瞻科技基金,2,TWD,7.69
200406,92017794,匯豐龍騰電子基金,2,TWD,16.44
200406,92019786,景順潛力基金,2,TWD,13.2
200406,92026219,元大卓越基金,2,TWD,22.79
200406,92028997,群益中小型股基金,2,TWD,15.23
200406,94987141,倍立中概基金,2,TWD,10.77
200406,94991068,日盛新台商基金,2,TWD,12.53
200406,97972846,德信大發基金,2,TWD,9.17
200406,97974078,富邦冠軍基金,2,TWD,13.58
200406,97977878,統一店頭市場基金,2,TWD,8.19
200406,97978102,保誠掌櫃基金,2,TWD,8.55
200406,97980043,建弘福王基金,2,TWD,12.53
200406,97982984,金鼎概念型基金,2,TWD,12.29
200406,97983647,保誠元滿基金,2,TWD,3.9
200406,97984293,群益馬拉松基金,2,TWD,37.47
200406,97988636,保德信店頭市場基金,2,TWD,9.35
200406,97990696,保誠菁華基金,2,TWD,18.26
200406,97995664,匯豐店頭五十基金,2,TWD,4.76
200406,97997635,金鼎大利基金,2,TWD,15.42
200406,97998803,新光競臻笠基金,2,TWD,15.38
200406,98770468,德信利基基金,2,TWD,10.4
200406,99182734,兆豐國際兆豐基金,2,TWD,8.59
200406,99352821,大眾精選25基金,2,TWD,9.04
200406,99354335,摩根富林明JF台灣微型基金,2,TWD,8.38
200409,00965469,國際第一基金,2,TWD,6.59
200409,00968521,建弘福元基金,2,TWD,9.74
200409,00971096,建弘雙福基金,2,TWD,6.71
200409,00973762,永昌永昌基金,2,TWD,5.71
200409,00974024,景順和信基金,2,TWD,9.2
200409,00974039,摩根富林明JF台灣基金,2,TWD,8.74
200409,00974066,寶來2001基金,2,TWD,16.92
200409,00974241,新光台灣富貴基金,2,TWD,18.72
200409,00988316,荷銀光華基金,2,TWD,11.27
200409,00989005,匯豐匯豐基金,2,TWD,89.5
200409,01031298,匯豐龍鳳基金,2,TWD,18.29
200409,01031564,荷銀積極成長基金,2,TWD,4.3
200409,01031699,統一全天候基金,2,TWD,29.83
200409,01031852,永昌昌隆基金,2,TWD,7.55
200409,01031874,瑞銀小龍基金,2,TWD,5.41
200409,01032058,元大多福基金,2,TWD,16.7
200409,01032162,摩根富林明JF台灣增長基金,2,TWD,21.51
200409,01032183,保德信高成長基金,2,TWD,26.86
200409,01032803,建弘萬得福基金,2,TWD,10.73
200409,01050013,匯豐成長基金,2,TWD,13.24
200409,01050148,國際國民基金,2,TWD,17.52
200409,13528977,保德信台商全方位基金,2,TWD,11.31
200409,13539952,凱基開創基金,2,TWD,10.88
200409,13984165,富達台灣成長基金,2,TWD,14.37
200409,13986924,新光大三通基金,2,TWD,11.58
200409,13998344,大華中小基金,2,TWD,12.68
200409,14293674,玉山登峰基金,2,TWD,8.59
200409,14293695,盛華2008華商基金,2,TWD,6.71
200409,14541724,凱基創星基金,2,TWD,9.01
200409,14542287,寶來精準中小基金,2,TWD,10.57
200409,14545897,遠東大聯科技基金,2,TWD,7.48
200409,14548769,富鼎寶馬基金,2,TWD,6.86
200409,14693572,聯邦台灣創新基金,2,TWD,8.85
200409,14694495,中興台灣基金,2,TWD,11.08
200409,14703109,國票遠見基金,2,TWD,11.19
200409,14705562,國泰科技生化基金,2,TWD,11.54
200409,14911296,統一飛躍成長基金,2,TWD,10.03
200409,15562844,凱基先進基金,2,TWD,12.96
200409,15569831,兆豐國際高科技基金,2,TWD,8.42
200409,15588302,景順台灣精選成長基金,2,TWD,12.11
200409,15733565,華南永昌台商世紀基金,2,TWD,9.81
200409,15733973,第一富蘭克林第一富基金,2,TWD,10.93
200409,15739619,建弘大中華基金,2,TWD,10.07
200409,17139204,元大新主流基金,2,TWD,7.97
200409,17140075,聯合哥倫布基金,2,TWD,8.22
200409,17140568,景順主流基金,2,TWD,8.71
200409,17141187,富鼎半導體科技基金,2,TWD,6.67
200409,17141335,金鼎科技金融基金,2,TWD,10.42
200409,17144889,金復華雙響炮基金,2,TWD,6.0
200409,17144945,摩根富林明JF價值成長基金,2,TWD,9.25
200409,17145070,寶來矽谷基金,2,TWD,6.09
200409,17146752,彰銀安泰成長精選基金,2,TWD,6.32
200409,17147078,日盛精選五虎基金,2,TWD,9.05
200409,17147915,倍立磐石基金,2,TWD,9.25
200409,17148301,富邦台灣心基金,2,TWD,7.3
200409,17152509,大華高科技基金,2,TWD,6.95
200409,17153795,富邦價值基金,2,TWD,6.74
200409,17154324,建弘價值基金,2,TWD,7.76
200409,17597236,聯邦精選科技基金,2,TWD,4.61
200409,17597600,台壽保阿波羅基金,2,TWD,6.38
200409,17600534,荷銀高科技基金,2,TWD,4.19
200409,17601891,富鼎大三元基金,2,TWD,3.84
200409,17602625,保德信新世紀基金,2,TWD,4.16
200409,17602821,盛華2000高科技基金,2,TWD,6.67
200409,17603899,保誠電通網基金,2,TWD,5.89
200409,17604124,德盛台灣大壩基金,2,TWD,5.19
200409,17604341,新光摩天基金,2,TWD,6.25
200409,17605622,統一大滿貫基金,2,TWD,6.47
200409,17606299,國際金龍基金,2,TWD,4.74
200409,17607591,日盛高科技基金,2,TWD,4.39
200409,17607889,友邦網路商務基金,2,TWD,4.03
200409,17608445,富邦網路基金,2,TWD,4.28
200409,17608487,復華數位經濟基金,2,TWD,8.37
200409,17610006,華南永昌新銳星基金,2,TWD,4.68
200409,17612497,國泰國泰基金,2,TWD,6.47
200409,18030218,富達台灣基金,2,TWD,6.11
200409,18031960,傳山高科技基金,2,TWD,6.11
200409,18033138,德信數位時代基金,2,TWD,5.72
200409,18034832,盛華8888中小基金,2,TWD,8.4
200409,18036281,元大巴菲特基金,2,TWD,11.18
200409,18037937,彰銀安泰ｅ科技精選基金,2,TWD,5.41
200409,18040665,倍立高科技基金,2,TWD,12.1
200409,18043059,國泰中小成長基金,2,TWD,12.66
200409,18434464,台壽保飛龍成長基金,2,TWD,7.52
200409,18475372,台育高科技基金,2,TWD,5.2
200409,18480065,德盛科技大壩基金,2,TWD,8.55
200409,18488279,復華中小精選基金,2,TWD,13.55
200409,18488290,新光新興中小基金,2,TWD,12.41
200409,18488469,彰銀安泰中小精選基金,2,TWD,9.16
200409,18492956,台壽保媽祖基金,2,TWD,9.52
200409,18496290,聯邦中國龍基金,2,TWD,9.45
200409,18499732,遠東大聯台灣旗艦基金,2,TWD,11.25
200409,19291128,國泰大中華基金,2,TWD,10.71
200409,19325252,瑞銀鐵木真基金,2,TWD,6.43
200409,19325979,盛華8899成長基金,2,TWD,4.24
200409,19330712,倍立寶利基金,2,TWD,6.18
200409,19330754,彰銀安泰優質精選基金,2,TWD,10.2
200409,19339447,聯邦價值基金,2,TWD,6.17
200409,19339782,群益創新科技基金,2,TWD,9.97
200409,19341318,建弘電子基金,2,TWD,10.01
200409,20080023,元大店頭基金,2,TWD,5.1
200409,20081352,群益店頭市場基金,2,TWD,20.86
200409,20084317,日盛日盛基金,2,TWD,7.58
200409,20092528,建弘店頭市場基金,2,TWD,4.94
200409,20094672,金鼎寶櫃基金,2,TWD,7.06
200409,20094820,友邦巨人基金,2,TWD,5.71
200409,20097447,保德信第一基金,2,TWD,8.81
200409,29217773,新昕健康平安基金,2,TWD,9.9
200409,29222213,台新台新基金,2,TWD,9.93
200409,73982057,金復華金復華基金,2,TWD,8.0
200409,73987671,匯豐台灣精典基金,2,TWD,8.91
200409,73988171,德信全方位基金,2,TWD,7.15
200409,73988876,日盛小而美基金,2,TWD,6.14
200409,73989002,建弘小型精選基金,2,TWD,14.31
200409,73989256,景順台灣科技基金,2,TWD,13.59
200409,73989501,摩根富林明JF中小基金,2,TWD,14.54
200409,73990253,統一奔騰基金,2,TWD,12.45
200409,73990649,保德信科技島基金,2,TWD,11.28
200409,73991154,大眾科技基金,2,TWD,6.94
200409,73991751,國際電子基金,2,TWD,13.84
200409,73992013,聯合領航科技基金,2,TWD,9.65
200409,73998071,新光店頭基金,2,TWD,16.68
200409,73998086,復華高成長基金,2,TWD,12.09
200409,73999260,金鼎行動基金,2,TWD,7.08
200409,76941376,匯豐成功基金,2,TWD,11.95
200409,77537493,統一統信基金,2,TWD,15.95
200409,77537509,元大多元基金,2,TWD,8.52
200409,80892778,中興中小型基金,2,TWD,15.49
200409,80894446,大眾中國通基金,2,TWD,10.87
200409,81580149,新光國家建設基金,2,TWD,14.97
200409,81581724,統一經建基金,2,TWD,9.75
200409,81584335,元大高科技基金,2,TWD,8.46
200409,81584975,日盛上選基金,2,TWD,12.81
200409,81584996,國際中小基金,2,TWD,8.56
200409,81585242,新光創新科技基金,2,TWD,7.73
200409,81585475,富邦高成長基金,2,TWD,6.94
200409,81585622,法華滿益基金,2,TWD,5.4
200409,81587889,復華復華基金,2,TWD,4.69
200409,81588310,聯合創世紀基金,2,TWD,7.93
200409,81588536,大眾大眾基金,2,TWD,13.27
200409,81591434,群益長安基金,2,TWD,10.99
200409,81594690,大華大華基金,2,TWD,12.24
200409,81595924,保誠中小型股基金,2,TWD,8.5
200409,83863002,傳山永豐基金,2,TWD,12.27
200409,83863951,元大經貿基金,2,TWD,11.31
200409,83864683,富邦科技基金,2,TWD,11.83
200409,83866508,保德信中小型股基金,2,TWD,13.11
200409,92000533,新光台灣永發基金,2,TWD,10.01
200409,92001765,元大多多基金,2,TWD,16.3
200409,92002244,統一黑馬基金,2,TWD,13.09
200409,92002384,富邦精準基金,2,TWD,25.36
200409,92003102,保誠高科技基金,2,TWD,24.69
200409,92003790,國際精選二十基金,2,TWD,7.46
200409,92004566,寶來績效基金,2,TWD,18.58
200409,92010477,富邦長紅基金,2,TWD,20.55
200409,92011433,瑞銀強勢基金,2,TWD,6.49
200409,92012025,摩根富林明JF新興科技基金,2,TWD,23.52
200409,92012572,保誠外銷基金,2,TWD,20.79
200409,92012762,統一龍馬基金,2,TWD,20.2
200409,92013967,保德信金滿意基金,2,TWD,17.13
200409,92016839,永昌前瞻科技基金,2,TWD,7.69
200409,92017794,匯豐龍騰電子基金,2,TWD,16.01
200409,92019786,景順潛力基金,2,TWD,13.61
200409,92026219,元大卓越基金,2,TWD,27.21
200409,92028997,群益中小型股基金,2,TWD,15.17
200409,94987141,倍立中概基金,2,TWD,10.91
200409,94991068,日盛新台商基金,2,TWD,12.74
200409,97972846,德信大發基金,2,TWD,9.39
200409,97974078,富邦冠軍基金,2,TWD,13.81
200409,97977878,統一店頭市場基金,2,TWD,8.5
200409,97978102,保誠掌櫃基金,2,TWD,8.66
200409,97980043,建弘福王基金,2,TWD,12.26
200409,97982984,金鼎概念型基金,2,TWD,12.06
200409,97983647,保誠元滿基金,2,TWD,3.84
200409,97984293,群益馬拉松基金,2,TWD,38.28
200409,97988636,保德信店頭市場基金,2,TWD,9.53
200409,97990696,保誠菁華基金,2,TWD,19.19
200409,97995664,匯豐店頭五十基金,2,TWD,5.0
200409,97997635,金鼎大利基金,2,TWD,15.32
200409,97998803,新光競臻笠基金,2,TWD,15.03
200409,98770468,德信利基基金,2,TWD,10.8
200409,99182734,兆豐國際兆豐基金,2,TWD,8.75
200409,99352821,大眾精選25基金,2,TWD,9.03
200409,99354335,摩根富林明JF台灣微型基金,2,TWD,8.36
200409,99643808,國票精選成長基金,2,TWD,9.96
200412,00965469,國際第一基金,2,TWD,6.57
200412,00968521,建弘福元基金,2,TWD,10.19
200412,00971096,建弘雙福基金,2,TWD,6.85
200412,00973762,華南永昌永昌基金,2,TWD,5.55
200412,00974024,景順和信基金,2,TWD,9.48
200412,00974039,摩根富林明JF台灣基金,2,TWD,8.91
200412,00974066,寶來2001基金,2,TWD,17.25
200412,00974241,新光台灣富貴基金,2,TWD,18.39
200412,00988316,荷銀光華基金,2,TWD,11.79
200412,00989005,匯豐匯豐基金,2,TWD,92.4
200412,01031298,匯豐龍鳳基金,2,TWD,19.1
200412,01031564,荷銀積極成長基金,2,TWD,4.37
200412,01031699,統一全天候基金,2,TWD,30.12
200412,01031852,華南永昌昌隆基金,2,TWD,7.57
200412,01031874,瑞銀小龍基金,2,TWD,5.38
200412,01032058,元大多福基金,2,TWD,16.85
200412,01032162,摩根富林明JF台灣增長基金,2,TWD,21.85
200412,01032183,保德信高成長基金,2,TWD,27.32
200412,01032803,建弘萬得福基金,2,TWD,10.79
200412,01050013,匯豐成長基金,2,TWD,13.86
200412,01050148,國際國民基金,2,TWD,17.86
200412,13528977,保德信台商全方位基金,2,TWD,11.51
200412,13539952,凱基開創基金,2,TWD,10.9
200412,13984165,富達台灣成長基金,2,TWD,14.87
200412,13986924,新光大三通基金,2,TWD,11.17
200412,13998344,大華中小基金,2,TWD,12.7
200412,14293674,玉山登峰基金,2,TWD,8.86
200412,14293695,盛華2008華商基金,2,TWD,6.96
200412,14541724,凱基創星基金,2,TWD,8.71
200412,14542287,寶來精準中小基金,2,TWD,9.92
200412,14545897,遠東大聯科技基金,2,TWD,8.02
200412,14548769,富鼎寶馬基金,2,TWD,6.89
200412,14693572,聯邦台灣創新基金,2,TWD,8.87
200412,14694495,中興台灣基金,2,TWD,11.07
200412,14703109,國票遠見基金,2,TWD,11.24
200412,14705562,國泰科技生化基金,2,TWD,12.36
200412,14911296,統一飛躍成長基金,2,TWD,10.1
200412,15562844,凱基先進基金,2,TWD,12.8
200412,15569831,兆豐國際高科技基金,2,TWD,8.55
200412,15588302,景順台灣精選成長基金,2,TWD,12.12
200412,15733973,第一富蘭克林第一富基金,2,TWD,10.44
200412,15739619,建弘大中華基金,2,TWD,10.46
200412,17139204,元大新主流基金,2,TWD,8.15
200412,17140075,聯合哥倫布基金,2,TWD,8.05
200412,17140568,景順主流基金,2,TWD,9.0
200412,17141187,富鼎半導體科技基金,2,TWD,6.74
200412,17141335,金鼎科技金融基金,2,TWD,10.35
200412,17144889,金復華雙響炮基金,2,TWD,6.25
200412,17144945,摩根富林明JF價值成長基金,2,TWD,9.43
200412,17145070,寶來矽谷基金,2,TWD,6.28
200412,17146752,彰銀安泰成長精選基金,2,TWD,6.45
200412,17147078,日盛精選五虎基金,2,TWD,9.74
200412,17147915,倍立磐石基金,2,TWD,9.15
200412,17148301,富邦台灣心基金,2,TWD,7.68
200412,17152509,大華高科技基金,2,TWD,7.26
200412,17153795,富邦價值基金,2,TWD,6.95
200412,17154324,建弘價值基金,2,TWD,7.97
200412,17597236,聯邦精選科技基金,2,TWD,4.6
200412,17597600,台壽保阿波羅基金,2,TWD,6.53
200412,17600534,荷銀高科技基金,2,TWD,4.34
200412,17601891,富鼎大三元基金,2,TWD,3.82
200412,17602625,保德信新世紀基金,2,TWD,4.31
200412,17602821,盛華2000高科技基金,2,TWD,6.52
200412,17603899,保誠電通網基金,2,TWD,5.77
200412,17604124,德盛台灣大壩基金,2,TWD,5.36
200412,17604341,新光摩天基金,2,TWD,6.36
200412,17605622,統一大滿貫基金,2,TWD,6.58
200412,17606299,國際金龍基金,2,TWD,4.77
200412,17607591,日盛高科技基金,2,TWD,4.65
200412,17607889,友邦網路商務基金,2,TWD,4.31
200412,17608445,富邦網路基金,2,TWD,4.48
200412,17608487,復華數位經濟基金,2,TWD,8.59
200412,17610006,華南永昌新銳星基金,2,TWD,4.65
200412,17612497,國泰國泰基金,2,TWD,6.86
200412,18030218,富達台灣基金,2,TWD,6.29
200412,18031960,傳山高科技基金,2,TWD,6.09
200412,18033138,德信數位時代基金,2,TWD,5.84
200412,18034832,盛華8888中小基金,2,TWD,8.03
200412,18036281,元大巴菲特基金,2,TWD,11.6
200412,18037937,彰銀安泰ｅ科技精選基金,2,TWD,5.59
200412,18040665,倍立高科技基金,2,TWD,12.88
200412,18043059,國泰中小成長基金,2,TWD,13.55
200412,18434464,台壽保飛龍成長基金,2,TWD,7.77
200412,18480065,德盛科技大壩基金,2,TWD,8.92
200412,18488279,復華中小精選基金,2,TWD,13.72
200412,18488290,新光新興中小基金,2,TWD,11.83
200412,18488469,彰銀安泰中小精選基金,2,TWD,9.23
200412,18492956,台壽保媽祖基金,2,TWD,9.43
200412,18496290,聯邦中國龍基金,2,TWD,9.44
200412,18499732,遠東大聯台灣旗艦基金,2,TWD,11.89
200412,19291128,國泰大中華基金,2,TWD,11.5
200412,19325252,瑞銀鐵木真基金,2,TWD,6.62
200412,19325979,盛華8899成長基金,2,TWD,4.42
200412,19330712,倍立寶利基金,2,TWD,6.14
200412,19330754,彰銀安泰優質精選基金,2,TWD,10.6
200412,19339447,聯邦價值基金,2,TWD,6.33
200412,19339782,群益創新科技基金,2,TWD,10.01
200412,19341318,建弘電子基金,2,TWD,10.11
200412,20080023,元大店頭基金,2,TWD,5.36
200412,20081352,群益店頭市場基金,2,TWD,21.51
200412,20084317,日盛日盛基金,2,TWD,7.68
200412,20092528,建弘店頭市場基金,2,TWD,5.09
200412,20094672,金鼎寶櫃基金,2,TWD,6.9
200412,20094820,友邦巨人基金,2,TWD,6.0
200412,20097447,保德信第一基金,2,TWD,9.02
200412,29217773,新昕健康平安基金,2,TWD,10.27
200412,29222213,台新台新基金,2,TWD,9.57
200412,73982057,金復華金復華基金,2,TWD,8.31
200412,73987671,匯豐台灣精典基金,2,TWD,9.5
200412,73988171,德信全方位基金,2,TWD,7.12
200412,73988876,日盛小而美基金,2,TWD,6.4
200412,73989002,建弘小型精選基金,2,TWD,14.32
200412,73989256,景順台灣科技基金,2,TWD,13.97
200412,73989501,摩根富林明JF中小基金,2,TWD,14.9
200412,73990253,統一奔騰基金,2,TWD,12.78
200412,73990649,保德信科技島基金,2,TWD,11.79
200412,73991154,大眾科技基金,2,TWD,6.76
200412,73991751,國際電子基金,2,TWD,14.24
200412,73992013,聯合領航科技基金,2,TWD,9.97
200412,73998071,新光店頭基金,2,TWD,16.5
200412,73998086,復華高成長基金,2,TWD,12.55
200412,73999260,金鼎行動基金,2,TWD,7.17
200412,76941376,匯豐成功基金,2,TWD,12.43
200412,77537493,統一統信基金,2,TWD,16.49
200412,77537509,元大多元基金,2,TWD,8.74
200412,80892778,中興中小型基金,2,TWD,15.05
200412,80894446,大眾中國通基金,2,TWD,10.67
200412,81580149,新光國家建設基金,2,TWD,14.01
200412,81581724,統一經建基金,2,TWD,9.87
200412,81584335,元大高科技基金,2,TWD,8.78
200412,81584975,日盛上選基金,2,TWD,13.14
200412,81584996,國際中小基金,2,TWD,8.62
200412,81585242,新光創新科技基金,2,TWD,7.66
200412,81585475,富邦高成長基金,2,TWD,6.94
200412,81585622,法華滿益基金,2,TWD,5.64
200412,81587889,復華復華基金,2,TWD,5.0
200412,81588310,聯合創世紀基金,2,TWD,7.84
200412,81588536,大眾大眾基金,2,TWD,13.49
200412,81591434,群益長安基金,2,TWD,11.39
200412,81594690,大華大華基金,2,TWD,12.44
200412,81595924,保誠中小型股基金,2,TWD,8.67
200412,83863002,傳山永豐基金,2,TWD,12.01
200412,83863951,元大經貿基金,2,TWD,11.38
200412,83864683,富邦科技基金,2,TWD,12.45
200412,83866508,保德信中小型股基金,2,TWD,12.72
200412,92000533,新光台灣永發基金,2,TWD,10.1
200412,92001765,元大多多基金,2,TWD,16.64
200412,92002244,統一黑馬基金,2,TWD,13.21
200412,92002384,富邦精準基金,2,TWD,25.93
200412,92003102,保誠高科技基金,2,TWD,24.13
200412,92003790,國際精選二十基金,2,TWD,7.67
200412,92004566,寶來績效基金,2,TWD,17.45
200412,92010477,富邦長紅基金,2,TWD,20.95
200412,92011433,瑞銀強勢基金,2,TWD,6.71
200412,92012025,摩根富林明JF新興科技基金,2,TWD,24.18
200412,92012572,保誠外銷基金,2,TWD,20.42
200412,92012762,統一龍馬基金,2,TWD,20.78
200412,92013967,保德信金滿意基金,2,TWD,17.66
200412,92016839,華南永昌前瞻科技基金,2,TWD,7.73
200412,92017794,匯豐龍騰電子基金,2,TWD,16.97
200412,92019786,景順潛力基金,2,TWD,13.88
200412,92026219,元大卓越基金,2,TWD,27.83
200412,92028997,群益中小型股基金,2,TWD,14.8
200412,94987141,倍立中概基金,2,TWD,11.27
200412,94991068,日盛新台商基金,2,TWD,13.04
200412,97972846,德信大發基金,2,TWD,9.65
200412,97974078,富邦冠軍基金,2,TWD,13.91
200412,97977878,統一店頭市場基金,2,TWD,8.63
200412,97978102,保誠掌櫃基金,2,TWD,8.69
200412,97980043,建弘福王基金,2,TWD,12.22
200412,97982984,金鼎概念型基金,2,TWD,11.98
200412,97983647,保誠元滿基金,2,TWD,4.01
200412,97984293,群益馬拉松基金,2,TWD,39.65
200412,97988636,保德信店頭市場基金,2,TWD,10.52
200412,97990696,保誠菁華基金,2,TWD,18.93
200412,97995664,匯豐中小基金,2,TWD,5.22
200412,97997635,金鼎大利基金,2,TWD,15.13
200412,97998803,新光競臻笠基金,2,TWD,15.03
200412,98770468,德信利基基金,2,TWD,11.03
200412,99182734,兆豐國際兆豐基金,2,TWD,8.66
200412,99352821,大眾精選25基金,2,TWD,8.25
200412,99354335,摩根富林明JF台灣微型基金,2,TWD,8.51
200412,99643808,國票精選成長基金,2,TWD,9.81
200503,00965469,國際第一基金,2,TWD,6.87
200503,00968521,建弘福元基金,2,TWD,10.71
200503,00971096,建弘雙福基金,2,TWD,7.3
200503,00973762,華南永昌永昌基金,2,TWD,5.44
200503,00974024,景順和信基金,2,TWD,9.62
200503,00974039,摩根富林明JF台灣基金,2,TWD,8.72
200503,00974066,寶來2001基金,2,TWD,18.4
200503,00974241,新光台灣富貴基金,2,TWD,19.54
200503,00988316,荷銀光華基金,2,TWD,11.86
200503,00989005,匯豐匯豐基金,2,TWD,97.0
200503,01031298,匯豐龍鳳基金,2,TWD,19.8
200503,01031564,荷銀積極成長基金,2,TWD,4.36
200503,01031699,統一全天候基金,2,TWD,30.02
200503,01031874,瑞銀小龍基金,2,TWD,5.4
200503,01032058,元大多福基金,2,TWD,18.27
200503,01032162,摩根富林明JF台灣增長基金,2,TWD,21.45
200503,01032183,保德信高成長基金,2,TWD,29.79
200503,01032803,建弘萬得福基金,2,TWD,10.85
200503,01050013,匯豐成長基金,2,TWD,14.21
200503,01050148,國際國民基金,2,TWD,18.18
200503,13528977,保德信台商全方位基金,2,TWD,12.63
200503,13539952,凱基開創基金,2,TWD,11.83
200503,13984165,富達台灣成長基金,2,TWD,14.66
200503,13986924,新光大三通基金,2,TWD,11.28
200503,13998344,大華中小基金,2,TWD,13.99
200503,14293674,玉山登峰基金,2,TWD,8.52
200503,14541724,凱基創星基金,2,TWD,9.2
200503,14542287,寶來精準中小基金,2,TWD,10.75
200503,14545897,遠東大聯科技基金,2,TWD,8.11
200503,14548769,富鼎寶馬基金,2,TWD,6.81
200503,14693572,聯邦台灣創新基金,2,TWD,9.13
200503,14694495,中興台灣基金,2,TWD,11.99
200503,14703109,國票遠見基金,2,TWD,10.68
200503,14705562,國泰科技生化基金,2,TWD,13.48
200503,14911296,統一飛躍成長基金,2,TWD,9.91
200503,15562844,凱基先進基金,2,TWD,12.51
200503,15569831,兆豐國際高科技基金,2,TWD,8.55
200503,15588302,景順台灣精選成長基金,2,TWD,12.72
200503,15733973,第一富蘭克林第一富基金,2,TWD,11.39
200503,15739619,建弘大中華基金,2,TWD,10.74
200503,17139204,元大新主流基金,2,TWD,8.49
200503,17140075,建華哥倫布基金,2,TWD,8.83
200503,17140568,景順主流基金,2,TWD,8.71
200503,17141187,富鼎半導體科技基金,2,TWD,6.56
200503,17141335,金鼎科技金融基金,2,TWD,10.16
200503,17144889,金復華雙響炮基金,2,TWD,6.63
200503,17144945,摩根富林明JF價值成長基金,2,TWD,9.46
200503,17145070,寶來矽谷基金,2,TWD,6.94
200503,17146752,彰銀安泰成長精選基金,2,TWD,6.93
200503,17147078,日盛精選五虎基金,2,TWD,11.54
200503,17147915,倍立磐石基金,2,TWD,10.11
200503,17148301,富邦台灣心基金,2,TWD,7.67
200503,17152509,大華高科技基金,2,TWD,8.03
200503,17153795,富邦價值基金,2,TWD,7.21
200503,17154324,建弘價值基金,2,TWD,8.38
200503,17597236,聯邦精選科技基金,2,TWD,4.97
200503,17597600,台壽保阿波羅基金,2,TWD,6.69
200503,17600534,荷銀高科技基金,2,TWD,4.59
200503,17601891,富鼎大三元基金,2,TWD,3.87
200503,17602625,保德信新世紀基金,2,TWD,4.71
200503,17602821,盛華2000高科技基金,2,TWD,7.3
200503,17603899,保誠電通網基金,2,TWD,6.23
200503,17604124,德盛台灣大壩基金,2,TWD,5.63
200503,17604341,新光摩天基金,2,TWD,6.34
200503,17605622,統一大滿貫基金,2,TWD,6.86
200503,17606299,國際金龍基金,2,TWD,5.31
200503,17607591,日盛高科技基金,2,TWD,5.3
200503,17607889,友邦網路商務基金,2,TWD,4.38
200503,17608445,富邦網路基金,2,TWD,4.73
200503,17608487,復華數位經濟基金,2,TWD,8.9
200503,17610006,華南永昌新銳星基金,2,TWD,4.88
200503,17612497,國泰國泰基金,2,TWD,7.56
200503,18030218,富達台灣基金,2,TWD,6.32
200503,18031960,傳山高科技基金,2,TWD,6.52
200503,18033138,德信數位時代基金,2,TWD,6.44
200503,18036281,元大巴菲特基金,2,TWD,11.69
200503,18037937,彰銀安泰ｅ科技精選基金,2,TWD,5.9
200503,18040665,倍立高科技基金,2,TWD,14.05
200503,18043059,國泰中小成長基金,2,TWD,14.72
200503,18480065,德盛科技大壩基金,2,TWD,9.62
200503,18488279,復華中小精選基金,2,TWD,15.16
200503,18488290,新光新興中小基金,2,TWD,12.44
200503,18488469,彰銀安泰中小精選基金,2,TWD,10.41
200503,18496290,聯邦中國龍基金,2,TWD,9.48
200503,18499732,遠東大聯台灣旗艦基金,2,TWD,11.78
200503,19291128,國泰大中華基金,2,TWD,12.01
200503,19325252,瑞銀鐵木真基金,2,TWD,6.61
200503,19325979,盛華8899成長基金,2,TWD,4.25
200503,19330712,倍立寶利基金,2,TWD,6.38
200503,19330754,彰銀安泰優質精選基金,2,TWD,10.7
200503,19339447,聯邦價值基金,2,TWD,6.26
200503,19339782,群益創新科技基金,2,TWD,10.53
200503,19341318,建弘電子基金,2,TWD,11.23
200503,20080023,元大店頭基金,2,TWD,5.47
200503,20081352,群益店頭市場基金,2,TWD,22.19
200503,20084317,日盛日盛基金,2,TWD,7.56
200503,20092528,建弘店頭市場基金,2,TWD,5.55
200503,20094672,金鼎寶櫃基金,2,TWD,7.6
200503,20094820,友邦巨人基金,2,TWD,5.96
200503,20097447,保德信第一基金,2,TWD,10.02
200503,29217773,新昕健康平安基金,2,TWD,9.58
200503,29222213,台新台新基金,2,TWD,9.84
200503,73982057,金復華金復華基金,2,TWD,8.19
200503,73987671,匯豐台灣精典基金,2,TWD,9.62
200503,73988171,德信全方位基金,2,TWD,7.71
200503,73988876,日盛小而美基金,2,TWD,7.62
200503,73989002,建弘小型精選基金,2,TWD,15.25
200503,73989256,景順台灣科技基金,2,TWD,13.64
200503,73989501,摩根富林明JF中小基金,2,TWD,15.22
200503,73990253,統一奔騰基金,2,TWD,13.93
200503,73990649,保德信科技島基金,2,TWD,12.41
200503,73991154,大眾科技基金,2,TWD,7.31
200503,73991751,國際電子基金,2,TWD,15.7
200503,73992013,建華領航科技基金,2,TWD,10.75
200503,73998071,新光店頭基金,2,TWD,17.46
200503,73998086,復華高成長基金,2,TWD,13.31
200503,73999260,金鼎行動基金,2,TWD,7.84
200503,76941376,匯豐成功基金,2,TWD,12.93
200503,77537493,統一統信基金,2,TWD,16.8
200503,77537509,元大多元基金,2,TWD,7.91
200503,80892778,中興中小型基金,2,TWD,17.45
200503,80894446,大眾中國通基金,2,TWD,10.41
200503,81580149,新光國家建設基金,2,TWD,14.67
200503,81581724,統一經建基金,2,TWD,10.19
200503,81584335,元大高科技基金,2,TWD,9.48
200503,81584975,日盛上選基金,2,TWD,15.31
200503,81584996,國際中小基金,2,TWD,9.1
200503,81585242,新光創新科技基金,2,TWD,8.36
200503,81585475,富邦高成長基金,2,TWD,7.34
200503,81585622,法華滿益基金,2,TWD,5.43
200503,81587889,復華復華基金,2,TWD,5.05
200503,81588310,建華創世紀基金,2,TWD,7.62
200503,81588536,大眾大眾基金,2,TWD,13.55
200503,81591434,群益長安基金,2,TWD,11.36
200503,81594690,大華大華基金,2,TWD,12.23
200503,81595924,保誠中小型股基金,2,TWD,9.18
200503,83863002,傳山永豐基金,2,TWD,12.29
200503,83863951,元大經貿基金,2,TWD,12.41
200503,83864683,富邦科技基金,2,TWD,13.37
200503,83866508,保德信中小型股基金,2,TWD,15.04
200503,92000533,新光台灣永發基金,2,TWD,10.17
200503,92001765,元大多多基金,2,TWD,16.28
200503,92002244,統一黑馬基金,2,TWD,13.28
200503,92002384,富邦精準基金,2,TWD,27.42
200503,92003102,保誠高科技基金,2,TWD,26.01
200503,92003790,國際精選二十基金,2,TWD,7.81
200503,92004566,寶來績效基金,2,TWD,18.89
200503,92010477,富邦長紅基金,2,TWD,21.69
200503,92011433,瑞銀強勢基金,2,TWD,6.76
200503,92012025,摩根富林明JF新興科技基金,2,TWD,24.44
200503,92012572,保誠外銷基金,2,TWD,20.56
200503,92012762,統一龍馬基金,2,TWD,21.95
200503,92013967,保德信金滿意基金,2,TWD,18.34
200503,92016839,華南永昌前瞻科技基金,2,TWD,8.29
200503,92017794,匯豐龍騰電子基金,2,TWD,17.89
200503,92019786,景順潛力基金,2,TWD,13.27
200503,92026219,元大卓越基金,2,TWD,27.79
200503,92028997,群益中小型股基金,2,TWD,15.43
200503,94987141,倍立中概基金,2,TWD,11.47
200503,94991068,日盛新台商基金,2,TWD,14.79
200503,97972846,德信大發基金,2,TWD,9.69
200503,97974078,富邦冠軍基金,2,TWD,14.91
200503,97977878,統一店頭市場基金,2,TWD,9.27
200503,97978102,保誠掌櫃基金,2,TWD,9.23
200503,97980043,建弘福王基金,2,TWD,12.35
200503,97982984,金鼎概念型基金,2,TWD,11.83
200503,97983647,保誠元滿基金,2,TWD,3.78
200503,97984293,群益馬拉松基金,2,TWD,40.8
200503,97988636,保德信店頭市場基金,2,TWD,13.11
200503,97990696,保誠菁華基金,2,TWD,17.73
200503,97995664,匯豐中小基金,2,TWD,5.46
200503,97997635,金鼎大利基金,2,TWD,15.19
200503,97998803,新光競臻笠基金,2,TWD,16.8
200503,98770468,德信利基基金,2,TWD,11.28
200503,99182734,兆豐國際兆豐基金,2,TWD,8.51
200503,99352821,大眾精選25基金,2,TWD,8.25
200503,99354335,摩根富林明JF台灣微型基金,2,TWD,8.87
200503,99643808,國票精選成長基金,2,TWD,9.66
200503,99973878,荷銀高股息基金,2,TWD,9.82
200506,00965469,國際第一基金,2,TWD,7.12
200506,00968493,荷銀鴻運基金,2,TWD,7.15
200506,00968521,建弘福元基金,2,TWD,11.14
200506,00971096,建弘雙福基金,2,TWD,7.56
200506,00973762,華南永昌永昌基金,2,TWD,5.44
200506,00974024,景順和信基金,2,TWD,10.0
200506,00974039,摩根富林明JF台灣基金,2,TWD,9.2
200506,00974066,寶來2001基金,2,TWD,19.22
200506,00974241,新光台灣富貴基金,2,TWD,19.45
200506,00988316,荷銀光華基金,2,TWD,12.18
200506,00989005,匯豐匯豐基金,2,TWD,101.9
200506,01031298,匯豐龍鳳基金,2,TWD,20.22
200506,01031564,荷銀積極成長基金,2,TWD,4.49
200506,01031699,統一全天候基金,2,TWD,29.41
200506,01031874,瑞銀小龍基金,2,TWD,5.53
200506,01032058,元大多福基金,2,TWD,18.52
200506,01032162,摩根富林明JF台灣增長基金,2,TWD,22.33
200506,01032183,保德信高成長基金,2,TWD,31.85
200506,01032803,建弘萬得福基金,2,TWD,11.3
200506,01050013,匯豐成長基金,2,TWD,14.67
200506,01050148,國際國民基金,2,TWD,19.86
200506,13528977,保德信台商全方位基金,2,TWD,13.4
200506,13539952,凱基開創基金,2,TWD,12.72
200506,13984165,富達台灣成長基金,2,TWD,15.31
200506,13986924,新光大三通基金,2,TWD,11.92
200506,13998344,大華中小基金,2,TWD,14.68
200506,14293674,玉山登峰基金,2,TWD,8.39
200506,14541724,凱基創星基金,2,TWD,9.8
200506,14542287,寶來精準中小基金,2,TWD,10.95
200506,14545897,遠東大聯科技基金,2,TWD,8.96
200506,14548769,富鼎寶馬基金,2,TWD,7.06
200506,14693572,聯邦台灣創新基金,2,TWD,9.47
200506,14694495,中興台灣基金,2,TWD,12.89
200506,14703109,國票遠見基金,2,TWD,10.46
200506,14705562,國泰科技生化基金,2,TWD,14.18
200506,14911296,統一飛躍成長基金,2,TWD,9.62
200506,15562844,凱基先進基金,2,TWD,12.36
200506,15569831,兆豐國際高科技基金,2,TWD,8.67
200506,15588302,景順台灣精選成長基金,2,TWD,12.66
200506,15733973,第一富蘭克林第一富基金,2,TWD,11.64
200506,15739619,建弘大中華基金,2,TWD,11.41
200506,17139204,元大新主流基金,2,TWD,8.91
200506,17140075,建華哥倫布基金,2,TWD,9.06
200506,17140568,景順主流基金,2,TWD,8.81
200506,17141187,富鼎半導體科技基金,2,TWD,6.72
200506,17141335,金鼎科技金融基金,2,TWD,10.24
200506,17144889,金復華雙響炮基金,2,TWD,6.72
200506,17144945,摩根富林明JF價值成長基金,2,TWD,9.52
200506,17145070,寶來矽谷基金,2,TWD,7.12
200506,17146752,彰銀安泰成長精選基金,2,TWD,7.41
200506,17147078,日盛精選五虎基金,2,TWD,12.07
200506,17147915,倍立磐石基金,2,TWD,10.47
200506,17148301,富邦台灣心基金,2,TWD,7.98
200506,17152509,大華高科技基金,2,TWD,8.59
200506,17153795,富邦價值基金,2,TWD,7.99
200506,17154324,建弘價值基金,2,TWD,8.56
200506,17597236,聯邦精選科技基金,2,TWD,5.15
200506,17597600,台壽保阿波羅基金,2,TWD,7.06
200506,17600534,荷銀高科技基金,2,TWD,4.86
200506,17601891,富鼎大三元基金,2,TWD,3.92
200506,17602625,保德信新世紀基金,2,TWD,4.94
200506,17602821,盛華2000高科技基金,2,TWD,7.96
200506,17603899,保誠電通網基金,2,TWD,6.68
200506,17604124,德盛台灣大壩基金,2,TWD,5.91
200506,17604341,新光摩天基金,2,TWD,6.46
200506,17605622,統一大滿貫基金,2,TWD,6.78
200506,17606299,國際金龍基金,2,TWD,5.72
200506,17607591,日盛高科技基金,2,TWD,5.73
200506,17607889,友邦網路商務基金,2,TWD,4.77
200506,17608445,富邦網路基金,2,TWD,5.02
200506,17608487,復華數位經濟基金,2,TWD,9.02
200506,17610006,華南永昌新銳星基金,2,TWD,4.83
200506,17612497,國泰國泰基金,2,TWD,8.02
200506,18030218,富達台灣基金,2,TWD,6.69
200506,18031960,傳山高科技基金,2,TWD,6.91
200506,18033138,德信數位時代基金,2,TWD,6.83
200506,18036281,元大巴菲特基金,2,TWD,11.54
200506,18037937,彰銀安泰ｅ科技精選基金,2,TWD,6.52
200506,18040665,倍立高科技基金,2,TWD,14.85
200506,18043059,國泰中小成長基金,2,TWD,15.72
200506,18480065,德盛科技大壩基金,2,TWD,10.64
200506,18488279,復華中小精選基金,2,TWD,15.79
200506,18488290,新光新興中小基金,2,TWD,12.33
200506,18488469,彰銀安泰中小精選基金,2,TWD,11.0
200506,18496290,聯邦中國龍基金,2,TWD,9.86
200506,18499732,遠東大聯台灣旗艦基金,2,TWD,12.46
200506,19291128,國泰大中華基金,2,TWD,12.31
200506,19325252,瑞銀鐵木真基金,2,TWD,6.66
200506,19325979,盛華8899成長基金,2,TWD,4.35
200506,19330712,倍立寶利基金,2,TWD,6.65
200506,19330754,彰銀安泰優質精選基金,2,TWD,11.42
200506,19339447,聯邦價值基金,2,TWD,6.55
200506,19339782,群益創新科技基金,2,TWD,11.16
200506,19341318,建弘電子基金,2,TWD,11.73
200506,20080023,元大店頭基金,2,TWD,5.27
200506,20081352,群益店頭市場基金,2,TWD,22.43
200506,20084317,日盛日盛基金,2,TWD,7.68
200506,20089755,富邦精銳中小基金,2,TWD,5.73
200506,20092528,建弘店頭市場基金,2,TWD,5.36
200506,20094672,金鼎寶櫃基金,2,TWD,7.66
200506,20094820,友邦巨人基金,2,TWD,6.18
200506,20097447,保德信第一基金,2,TWD,10.73
200506,21715208,台壽保龍騰優勢基金,2,TWD,10.0
200506,29217773,新昕健康平安基金,2,TWD,9.25
200506,29222213,台新台新基金,2,TWD,9.93
200506,73982057,金復華金復華基金,2,TWD,8.43
200506,73987671,匯豐台灣精典基金,2,TWD,9.71
200506,73988171,德信全方位基金,2,TWD,7.91
200506,73988876,日盛小而美基金,2,TWD,8.05
200506,73989002,建弘小型精選基金,2,TWD,16.11
200506,73989256,景順台灣科技基金,2,TWD,14.33
200506,73989501,摩根富林明JF中小基金,2,TWD,16.0
200506,73990253,統一奔騰基金,2,TWD,14.57
200506,73990649,保德信科技島基金,2,TWD,13.33
200506,73991154,大眾科技基金,2,TWD,7.47
200506,73991751,國際電子基金,2,TWD,16.39
200506,73992013,建華領航科技基金,2,TWD,11.01
200506,73998071,新光店頭基金,2,TWD,17.28
200506,73998086,復華高成長基金,2,TWD,13.45
200506,73999260,金鼎行動基金,2,TWD,8.68
200506,76941376,匯豐成功基金,2,TWD,13.58
200506,77537493,統一統信基金,2,TWD,16.48
200506,77537509,元大多元基金,2,TWD,7.41
200506,80892778,中興中小型基金,2,TWD,19.65
200506,80894446,大眾中國通基金,2,TWD,10.19
200506,81580149,新光國家建設基金,2,TWD,14.7
200506,81581724,統一經建基金,2,TWD,10.18
200506,81584335,元大高科技基金,2,TWD,9.72
200506,81584975,日盛上選基金,2,TWD,16.74
200506,81584996,國際中小基金,2,TWD,9.27
200506,81585242,新光創新科技基金,2,TWD,8.19
200506,81585475,富邦高成長基金,2,TWD,7.76
200506,81587889,復華復華基金,2,TWD,5.58
200506,81588310,建華創世紀基金,2,TWD,7.68
200506,81588536,大眾大眾基金,2,TWD,13.76
200506,81591434,群益長安基金,2,TWD,11.51
200506,81594690,大華大華基金,2,TWD,11.4
200506,81595924,保誠中小型股基金,2,TWD,9.75
200506,83863002,傳山永豐基金,2,TWD,12.23
200506,83863951,元大經貿基金,2,TWD,12.58
200506,83864683,富邦科技基金,2,TWD,14.9
200506,83866508,保德信中小型股基金,2,TWD,16.26
200506,92000533,新光台灣永發基金,2,TWD,10.37
200506,92001765,元大多多基金,2,TWD,15.42
200506,92002244,統一黑馬基金,2,TWD,13.29
200506,92002384,富邦精準基金,2,TWD,30.58
200506,92003102,保誠高科技基金,2,TWD,28.55
200506,92003790,國際精選二十基金,2,TWD,7.98
200506,92004566,寶來績效基金,2,TWD,19.27
200506,92010477,富邦長紅基金,2,TWD,23.02
200506,92011433,瑞銀強勢基金,2,TWD,6.98
200506,92012025,摩根富林明JF新興科技基金,2,TWD,26.58
200506,92012572,保誠外銷基金,2,TWD,21.34
200506,92012762,統一龍馬基金,2,TWD,21.62
200506,92013967,保德信金滿意基金,2,TWD,19.08
200506,92016839,華南永昌前瞻科技基金,2,TWD,8.32
200506,92017794,匯豐龍騰電子基金,2,TWD,19.34
200506,92019786,景順潛力基金,2,TWD,13.48
200506,92026219,元大卓越基金,2,TWD,27.3
200506,92028997,群益中小型股基金,2,TWD,15.51
200506,94987141,倍立中概基金,2,TWD,11.22
200506,94991068,日盛新台商基金,2,TWD,15.47
200506,97972846,德信大發基金,2,TWD,9.91
200506,97974078,富邦冠軍基金,2,TWD,15.96
200506,97977878,統一店頭市場基金,2,TWD,9.3
200506,97978102,保誠掌櫃基金,2,TWD,9.5
200506,97980043,建弘福王基金,2,TWD,12.64
200506,97982984,金鼎概念型基金,2,TWD,11.9
200506,97983647,保誠元滿基金,2,TWD,3.98
200506,97984293,群益馬拉松基金,2,TWD,41.53
200506,97988636,保德信店頭市場基金,2,TWD,14.33
200506,97990696,保誠菁華基金,2,TWD,17.06
200506,97995664,匯豐中小基金,2,TWD,5.51
200506,97997635,金鼎大利基金,2,TWD,15.01
200506,97998803,新光競臻笠基金,2,TWD,16.6
200506,98770468,德信利基基金,2,TWD,11.32
200506,99182734,兆豐國際兆豐基金,2,TWD,8.56
200506,99352821,大眾精選25基金,2,TWD,8.32
200506,99354335,摩根富林明JF台灣微型基金,2,TWD,9.53
200506,99643808,國票精選成長基金,2,TWD,9.64
200506,99973878,荷銀高股息基金,2,TWD,9.68
200509,00965469,國際第一基金,2,TWD,8.29
200509,00968493,荷銀鴻運基金,2,TWD,7.07
200509,00968521,建弘福元基金,2,TWD,12.67
200509,00971096,建弘雙福基金,2,TWD,8.49
200509,00973762,華南永昌永昌基金,2,TWD,6.05
200509,00974024,景順和信基金,2,TWD,10.87
200509,00974039,摩根富林明JF台灣基金,2,TWD,9.71
200509,00974066,寶來2001基金,2,TWD,21.71
200509,00974241,新光台灣富貴基金,2,TWD,22.27
200509,00988316,荷銀光華基金,2,TWD,12.47
200509,00989005,匯豐匯豐基金,2,TWD,110.2
200509,01031298,匯豐龍鳳基金,2,TWD,21.01
200509,01031564,荷銀積極成長基金,2,TWD,4.42
200509,01031699,統一全天候基金,2,TWD,30.86
200509,01031874,國泰小龍基金,2,TWD,5.92
200509,01032058,元大多福基金,2,TWD,23.11
200509,01032162,摩根富林明JF台灣增長基金,2,TWD,23.68
200509,01032183,保德信高成長基金,2,TWD,38.73
200509,01032803,建弘萬得福基金,2,TWD,12.58
200509,01050013,匯豐成長基金,2,TWD,15.32
200509,01050148,國際國民基金,2,TWD,22.4
200509,13528977,保德信台商全方位基金,2,TWD,15.89
200509,13539952,凱基開創基金,2,TWD,13.42
200509,13984165,富達台灣成長基金,2,TWD,15.58
200509,13986924,新光大三通基金,2,TWD,14.02
200509,13998344,大華中小基金,2,TWD,16.31
200509,14293674,玉山登峰基金,2,TWD,8.14
200509,14541724,凱基創星基金,2,TWD,11.83
200509,14542287,寶來精準中小基金,2,TWD,12.31
200509,14545897,遠東大聯科技基金,2,TWD,9.19
200509,14548769,富鼎寶馬基金,2,TWD,8.37
200509,14693572,聯邦台灣創新基金,2,TWD,9.69
200509,14694495,中興台灣基金,2,TWD,14.17
200509,14703109,國票遠見基金,2,TWD,10.11
200509,14705562,國泰科技生化基金,2,TWD,16.03
200509,15562844,凱基先進基金,2,TWD,11.89
200509,15569831,兆豐國際高科技基金,2,TWD,8.95
200509,15588302,景順台灣精選成長基金,2,TWD,14.18
200509,15733973,第一富蘭克林第一富基金,2,TWD,12.68
200509,15739619,建弘大中華基金,2,TWD,12.52
200509,17139204,元大新主流基金,2,TWD,10.38
200509,17140075,建華哥倫布基金,2,TWD,10.26
200509,17140568,景順主流基金,2,TWD,8.79
200509,17141187,富鼎半導體科技基金,2,TWD,7.21
200509,17141335,金鼎科技金融基金,2,TWD,10.53
200509,17144889,金復華雙響炮基金,2,TWD,7.89
200509,17144945,摩根富林明JF價值成長基金,2,TWD,9.7
200509,17145070,寶來矽谷基金,2,TWD,8.18
200509,17146752,彰銀安泰成長精選基金,2,TWD,8.41
200509,17147078,日盛精選五虎基金,2,TWD,13.76
200509,17147915,倍立磐石基金,2,TWD,11.8
200509,17148301,富邦台灣心基金,2,TWD,8.39
200509,17152509,大華高科技基金,2,TWD,9.93
200509,17153795,富邦價值基金,2,TWD,9.74
200509,17154324,建弘價值基金,2,TWD,9.29
200509,17597236,聯邦精選科技基金,2,TWD,5.36
200509,17597600,台壽保阿波羅基金,2,TWD,8.18
200509,17600534,荷銀高科技基金,2,TWD,5.12
200509,17601891,富鼎大三元基金,2,TWD,4.66
200509,17602625,保德信新世紀基金,2,TWD,5.69
200509,17602821,盛華2000高科技基金,2,TWD,9.28
200509,17603899,保誠電通網基金,2,TWD,7.94
200509,17604124,德盛台灣大壩基金,2,TWD,6.05
200509,17604341,新光摩天基金,2,TWD,7.06
200509,17605622,統一大滿貫基金,2,TWD,7.41
200509,17606299,國際金龍基金,2,TWD,6.64
200509,17607591,日盛高科技基金,2,TWD,6.51
200509,17607889,友邦網路商務基金,2,TWD,4.97
200509,17608445,富邦網路基金,2,TWD,5.84
200509,17608487,復華數位經濟基金,2,TWD,10.52
200509,17610006,華南永昌新銳星基金,2,TWD,5.19
200509,17612497,國泰國泰基金,2,TWD,9.14
200509,18030218,富達台灣基金,2,TWD,7.13
200509,18031960,傳山高科技基金,2,TWD,6.44
200509,18033138,德信數位時代基金,2,TWD,7.83
200509,18036281,元大巴菲特基金,2,TWD,12.28
200509,18037937,彰銀安泰ｅ科技精選基金,2,TWD,7.42
200509,18040665,倍立高科技基金,2,TWD,17.62
200509,18043059,國泰中小成長基金,2,TWD,17.38
200509,18480065,德盛科技大壩基金,2,TWD,11.28
200509,18488279,復華中小精選基金,2,TWD,18.75
200509,18488290,新光新興中小基金,2,TWD,13.86
200509,18488469,彰銀安泰中小精選基金,2,TWD,13.03
200509,18496290,聯邦中國龍基金,2,TWD,10.51
200509,18499732,遠東大聯台灣旗艦基金,2,TWD,12.53
200509,19291128,國泰大中華基金,2,TWD,12.8
200509,19325979,盛華8899成長基金,2,TWD,4.38
200509,19330712,倍立寶利基金,2,TWD,7.95
200509,19330754,彰銀安泰優質精選基金,2,TWD,12.54
200509,19339447,聯邦價值基金,2,TWD,6.52
200509,19339782,群益創新科技基金,2,TWD,12.77
200509,19341318,建弘電子基金,2,TWD,13.53
200509,20080023,元大店頭基金,2,TWD,5.21
200509,20081352,群益店頭市場基金,2,TWD,25.21
200509,20084317,日盛日盛基金,2,TWD,8.69
200509,20089755,富邦精銳中小基金,2,TWD,6.31
200509,20092528,建弘店頭市場基金,2,TWD,6.0
200509,20094672,金鼎寶櫃基金,2,TWD,8.42
200509,20094820,友邦巨人基金,2,TWD,6.28
200509,20097447,保德信第一基金,2,TWD,12.8
200509,21715208,台壽保龍騰優勢基金,2,TWD,10.44
200509,21759676,復華全方位基金,2,TWD,10.14
200509,29217773,新昕健康平安基金,2,TWD,9.72
200509,29222213,台新台新基金,2,TWD,10.6
200509,73982057,金復華金復華基金,2,TWD,9.21
200509,73987671,匯豐台灣精典基金,2,TWD,10.03
200509,73988171,德信全方位基金,2,TWD,9.21
200509,73988876,日盛小而美基金,2,TWD,9.7
200509,73989002,建弘小型精選基金,2,TWD,16.84
200509,73989256,景順台灣科技基金,2,TWD,15.04
200509,73989501,摩根富林明JF中小基金,2,TWD,16.41
200509,73990253,統一奔騰基金,2,TWD,16.34
200509,73990649,保德信科技島基金,2,TWD,13.53
200509,73991154,大眾科技基金,2,TWD,8.89
200509,73991751,國際電子基金,2,TWD,17.54
200509,73992013,建華領航科技基金,2,TWD,12.16
200509,73998071,新光店頭基金,2,TWD,18.46
200509,73998086,復華高成長基金,2,TWD,16.0
200509,73999260,金鼎行動基金,2,TWD,10.19
200509,76941376,匯豐成功基金,2,TWD,14.07
200509,77537493,統一統信基金,2,TWD,16.96
200509,77537509,元大多元基金,2,TWD,7.13
200509,80892778,中興中小型基金,2,TWD,23.07
200509,80894446,大眾中國通基金,2,TWD,10.95
200509,81580149,新光國家建設基金,2,TWD,16.51
200509,81581724,統一經建基金,2,TWD,10.39
200509,81584335,元大高科技基金,2,TWD,11.7
200509,81584975,日盛上選基金,2,TWD,19.66
200509,81584996,國際中小基金,2,TWD,10.73
200509,81585242,新光創新科技基金,2,TWD,8.93
200509,81585475,富邦高成長基金,2,TWD,9.2
200509,81587889,復華復華基金,2,TWD,6.09
200509,81588310,建華創世紀基金,2,TWD,7.95
200509,81588536,大眾大眾基金,2,TWD,14.43
200509,81591434,群益長安基金,2,TWD,12.71
200509,81594690,大華大華基金,2,TWD,11.12
200509,81595924,保誠中小型股基金,2,TWD,10.87
200509,83863002,傳山永豐基金,2,TWD,11.83
200509,83863951,元大經貿基金,2,TWD,16.22
200509,83864683,富邦科技基金,2,TWD,15.25
200509,83866508,保德信中小型股基金,2,TWD,20.06
200509,92000533,新光台灣永發基金,2,TWD,10.56
200509,92001765,元大多多基金,2,TWD,14.71
200509,92002244,統一黑馬基金,2,TWD,14.87
200509,92002384,富邦精準基金,2,TWD,35.41
200509,92003102,保誠高科技基金,2,TWD,31.07
200509,92003790,國際精選二十基金,2,TWD,8.72
200509,92004566,寶來績效基金,2,TWD,21.62
200509,92010477,富邦長紅基金,2,TWD,27.51
200509,92012025,摩根富林明JF新興科技基金,2,TWD,26.54
200509,92012572,保誠外銷基金,2,TWD,23.06
200509,92012762,統一龍馬基金,2,TWD,21.77
200509,92013967,保德信金滿意基金,2,TWD,21.64
200509,92016839,華南永昌前瞻科技基金,2,TWD,9.33
200509,92017794,匯豐龍騰電子基金,2,TWD,21.66
200509,92019786,景順潛力基金,2,TWD,14.07
200509,92026219,元大卓越基金,2,TWD,30.3
200509,92028997,群益中小型股基金,2,TWD,17.18
200509,94987141,倍立中概基金,2,TWD,13.01
200509,94991068,日盛新台商基金,2,TWD,17.72
200509,97972846,德信大發基金,2,TWD,10.49
200509,97974078,富邦冠軍基金,2,TWD,19.59
200509,97977878,統一店頭市場基金,2,TWD,10.06
200509,97978102,保誠掌櫃基金,2,TWD,9.6
200509,97980043,建弘福王基金,2,TWD,14.9
200509,97982984,金鼎概念型基金,2,TWD,13.04
200509,97983647,保誠元滿基金,2,TWD,4.38
200509,97984293,群益馬拉松基金,2,TWD,45.25
200509,97988636,保德信店頭市場基金,2,TWD,18.18
200509,97990696,保誠菁華基金,2,TWD,16.52
200509,97995664,匯豐中小基金,2,TWD,6.02
200509,97997635,金鼎大利基金,2,TWD,17.22
200509,97998803,新光競臻笠基金,2,TWD,18.35
200509,98770468,德信利基基金,2,TWD,11.79
200509,99182734,兆豐國際兆豐基金,2,TWD,9.52
200509,99352821,大眾精選25基金,2,TWD,8.72
200509,99354335,摩根富林明JF台灣微型基金,2,TWD,9.69
200509,99643808,國票精選成長基金,2,TWD,9.87
200509,99973878,荷銀高股息基金,2,TWD,9.93
200512,00965469,國際第一基金,2,TWD,9.44
200512,00968493,荷銀鴻運基金,2,TWD,7.54
200512,00968521,建弘福元基金,2,TWD,15.19
200512,00971096,建弘雙福基金,2,TWD,10.4
200512,00973762,華南永昌永昌基金,2,TWD,7.61
200512,00974039,摩根富林明JF台灣基金,2,TWD,11.2
200512,00974066,寶來2001基金,2,TWD,25.02
200512,00974241,新光台灣富貴基金,2,TWD,26.17
200512,00988316,荷銀光華基金,2,TWD,13.36
200512,00989005,匯豐匯豐基金,2,TWD,124.9
200512,01031298,匯豐龍鳳基金,2,TWD,24.2
200512,01031564,荷銀積極成長基金,2,TWD,4.7
200512,01031699,統一全天候基金,2,TWD,37.02
200512,01031874,國泰小龍基金,2,TWD,7.16
200512,01032058,元大多福基金,2,TWD,28.32
200512,01032162,摩根富林明JF台灣增長基金,2,TWD,27.78
200512,01032183,保德信高成長基金,2,TWD,47.22
200512,01032803,建弘萬得福基金,2,TWD,15.43
200512,01050013,匯豐成長基金,2,TWD,17.93
200512,01050148,國際國民基金,2,TWD,26.46
200512,13528977,保德信台商全方位基金,2,TWD,19.12
200512,13539952,凱基開創基金,2,TWD,16.07
200512,13984165,富達台灣成長基金,2,TWD,16.31
200512,13986924,新光大三通基金,2,TWD,17.05
200512,13998344,大華中小基金,2,TWD,19.89
200512,14293674,玉山登峰基金,2,TWD,8.9
200512,14541724,凱基創星基金,2,TWD,14.38
200512,14542287,寶來精準中小基金,2,TWD,15.06
200512,14545897,遠東大聯科技基金,2,TWD,11.03
200512,14548769,富鼎寶馬基金,2,TWD,10.07
200512,14693572,聯邦台灣創新基金,2,TWD,11.3
200512,14694495,中興台灣基金,2,TWD,18.01
200512,14703109,國票遠見基金,2,TWD,12.03
200512,14705562,國泰科技生化基金,2,TWD,19.17
200512,15562844,凱基先進基金,2,TWD,13.21
200512,15569831,兆豐國際高科技基金,2,TWD,10.01
200512,15588302,景順台灣精選成長基金,2,TWD,16.7
200512,15733973,第一富蘭克林第一富基金,2,TWD,15.6
200512,15739619,建弘大中華基金,2,TWD,15.29
200512,17139204,元大新主流基金,2,TWD,12.73
200512,17140075,建華哥倫布基金,2,TWD,11.58
200512,17140568,景順主流基金,2,TWD,9.5
200512,17141187,富鼎半導體科技基金,2,TWD,8.2
200512,17141335,金鼎科技金融基金,2,TWD,14.06
200512,17144889,金復華雙響炮基金,2,TWD,9.79
200512,17144945,摩根富林明JF價值成長基金,2,TWD,10.9
200512,17145070,寶來矽谷基金,2,TWD,9.6
200512,17146752,彰銀安泰成長精選基金,2,TWD,9.95
200512,17147078,日盛精選五虎基金,2,TWD,14.65
200512,17147915,倍立磐石基金,2,TWD,14.52
200512,17148301,富邦台灣心基金,2,TWD,9.31
200512,17152509,大華高科技基金,2,TWD,12.65
200512,17153795,富邦價值基金,2,TWD,11.35
200512,17154324,建弘價值基金,2,TWD,11.4
200512,17597236,聯邦精選科技基金,2,TWD,6.09
200512,17597600,台壽保阿波羅基金,2,TWD,9.6
200512,17600534,荷銀高科技基金,2,TWD,5.71
200512,17601891,富鼎大三元基金,2,TWD,5.3
200512,17602625,保德信新世紀基金,2,TWD,6.7
200512,17602821,盛華2000高科技基金,2,TWD,11.23
200512,17603899,保誠電通網基金,2,TWD,9.76
200512,17604124,德盛台灣大壩基金,2,TWD,7.2
200512,17604341,新光摩天基金,2,TWD,8.04
200512,17605622,統一大滿貫基金,2,TWD,9.57
200512,17606299,國際金龍基金,2,TWD,7.53
200512,17607591,日盛高科技基金,2,TWD,7.68
200512,17607889,友邦網路商務基金,2,TWD,5.93
200512,17608445,富邦網路基金,2,TWD,6.95
200512,17608487,復華數位經濟基金,2,TWD,13.01
200512,17610006,華南永昌新銳星基金,2,TWD,6.4
200512,17612497,國泰國泰基金,2,TWD,10.82
200512,18030218,富達台灣基金,2,TWD,7.67
200512,18031960,傳山高科技基金,2,TWD,7.46
200512,18033138,德信數位時代基金,2,TWD,8.67
200512,18036281,元大巴菲特基金,2,TWD,14.71
200512,18037937,彰銀安泰ｅ科技精選基金,2,TWD,8.49
200512,18040665,倍立高科技基金,2,TWD,21.51
200512,18043059,國泰中小成長基金,2,TWD,20.68
200512,18480065,德盛科技大壩基金,2,TWD,14.09
200512,18488279,復華中小精選基金,2,TWD,22.3
200512,18488290,新光新興中小基金,2,TWD,15.97
200512,18488469,彰銀安泰中小精選基金,2,TWD,15.65
200512,18496290,聯邦中國龍基金,2,TWD,11.74
200512,18499732,遠東大聯台灣旗艦基金,2,TWD,13.99
200512,19291128,國泰大中華基金,2,TWD,14.76
200512,19325979,盛華8899成長基金,2,TWD,4.6
200512,19330712,倍立寶利基金,2,TWD,10.02
200512,19330754,彰銀安泰優質精選基金,2,TWD,14.1
200512,19339782,群益創新科技基金,2,TWD,15.77
200512,19341318,建弘電子基金,2,TWD,16.3
200512,20080023,元大店頭基金,2,TWD,6.12
200512,20081352,群益店頭市場基金,2,TWD,30.82
200512,20084317,日盛日盛基金,2,TWD,9.83
200512,20089755,富邦精銳中小基金,2,TWD,7.16
200512,20092528,建弘店頭市場基金,2,TWD,7.09
200512,20094672,金鼎寶櫃基金,2,TWD,9.74
200512,20094820,友邦巨人基金,2,TWD,6.96
200512,20097447,保德信第一基金,2,TWD,15.31
200512,21715208,台壽保龍騰優勢基金,2,TWD,11.04
200512,21759676,復華全方位基金,2,TWD,10.32
200512,29217773,新昕健康平安基金,2,TWD,10.54
200512,29222213,台新台新基金,2,TWD,12.52
200512,48675778,群益奧斯卡基金,2,TWD,10.58
200512,48689870,新昕優勢科技基金,2,TWD,10.0
200512,48693065,台新科技基金,2,TWD,10.11
200512,73982057,金復華金復華基金,2,TWD,10.31
200512,73987671,匯豐台灣精典基金,2,TWD,11.1
200512,73988171,德信全方位基金,2,TWD,10.66
200512,73988876,日盛小而美基金,2,TWD,11.36
200512,73989002,建弘小型精選基金,2,TWD,19.62
200512,73989256,景順台灣科技基金,2,TWD,17.91
200512,73989501,摩根富林明JF中小基金,2,TWD,19.7
200512,73990253,統一奔騰基金,2,TWD,20.64
200512,73990649,保德信科技島基金,2,TWD,16.13
200512,73991154,大眾科技基金,2,TWD,10.65
200512,73991751,國際電子基金,2,TWD,19.95
200512,73992013,建華領航科技基金,2,TWD,13.43
200512,73998071,新光店頭基金,2,TWD,21.63
200512,73998086,復華高成長基金,2,TWD,19.71
200512,73999260,金鼎行動基金,2,TWD,12.15
200512,76941376,匯豐成功基金,2,TWD,16.11
200512,77537493,統一統信基金,2,TWD,20.82
200512,77537509,元大多元基金,2,TWD,8.39
200512,80892778,中興中小型基金,2,TWD,30.0
200512,80894446,大眾中國通基金,2,TWD,12.61
200512,81580149,新光國家建設基金,2,TWD,20.15
200512,81581724,統一經建基金,2,TWD,13.31
200512,81584335,元大高科技基金,2,TWD,14.0
200512,81584975,日盛上選基金,2,TWD,22.94
200512,81584996,國際中小基金,2,TWD,12.78
200512,81585242,新光創新科技基金,2,TWD,10.41
200512,81585475,富邦高成長基金,2,TWD,10.86
200512,81587889,復華復華基金,2,TWD,6.93
200512,81588310,建華創世紀基金,2,TWD,8.57
200512,81588536,大眾大眾基金,2,TWD,16.81
200512,81591434,群益長安基金,2,TWD,15.04
200512,81594690,大華大華基金,2,TWD,10.89
200512,81595924,保誠中小型股基金,2,TWD,13.21
200512,83863002,傳山永豐基金,2,TWD,12.32
200512,83863951,元大經貿基金,2,TWD,20.39
200512,83864683,富邦科技基金,2,TWD,18.62
200512,83866508,保德信中小型股基金,2,TWD,23.62
200512,92000533,新光台灣永發基金,2,TWD,11.71
200512,92001765,元大多多基金,2,TWD,17.18
200512,92002244,統一黑馬基金,2,TWD,18.02
200512,92002384,富邦精準基金,2,TWD,41.32
200512,92003102,保誠高科技基金,2,TWD,37.64
200512,92003790,國際精選二十基金,2,TWD,10.1
200512,92004566,寶來績效基金,2,TWD,26.53
200512,92010477,富邦長紅基金,2,TWD,32.67
200512,92012025,摩根富林明JF新興科技基金,2,TWD,30.69
200512,92012572,保誠外銷基金,2,TWD,25.5
200512,92012762,統一龍馬基金,2,TWD,26.71
200512,92013967,保德信金滿意基金,2,TWD,25.28
200512,92016839,華南永昌前瞻科技基金,2,TWD,11.63
200512,92017794,匯豐龍騰電子基金,2,TWD,25.72
200512,92019786,景順潛力基金,2,TWD,15.71
200512,92026219,元大卓越基金,2,TWD,35.18
200512,92028997,群益中小型股基金,2,TWD,21.29
200512,94987141,倍立中概基金,2,TWD,15.25
200512,94991068,日盛新台商基金,2,TWD,20.19
200512,97972846,德信大發基金,2,TWD,12.38
200512,97974078,富邦冠軍基金,2,TWD,23.43
200512,97977878,統一店頭市場基金,2,TWD,12.26
200512,97978102,保誠掌櫃基金,2,TWD,11.67
200512,97980043,建弘福王基金,2,TWD,17.97
200512,97982984,金鼎概念型基金,2,TWD,15.24
200512,97983647,保誠元滿基金,2,TWD,4.88
200512,97984293,群益馬拉松基金,2,TWD,55.22
200512,97988636,保德信店頭市場基金,2,TWD,21.57
200512,97990696,保誠菁華基金,2,TWD,17.16
200512,97995664,匯豐中小基金,2,TWD,6.64
200512,97997635,金鼎大利基金,2,TWD,20.53
200512,97998803,新光競臻笠基金,2,TWD,21.75
200512,98770468,德信利基基金,2,TWD,12.38
200512,99182734,兆豐國際兆豐基金,2,TWD,10.67
200512,99352821,大眾精選25基金,2,TWD,10.13
200512,99354335,摩根富林明JF台灣微型基金,2,TWD,11.7
200512,99643808,國票精選成長基金,2,TWD,11.96
200512,99973878,荷銀高股息基金,2,TWD,10.29
200603,00965469,國際第一基金,2,TWD,10.19
200603,00968493,荷銀鴻運基金,2,TWD,7.63
200603,00968521,建弘福元基金,2,TWD,14.01
200603,00971096,建弘雙福基金,2,TWD,11.12
200603,00973762,華南永昌永昌基金,2,TWD,7.66
200603,00974039,摩根富林明JF台灣基金,2,TWD,10.59
200603,00974066,寶來2001基金,2,TWD,27.45
200603,00974241,新光台灣富貴基金,2,TWD,25.9
200603,00988316,荷銀光華基金,2,TWD,13.53
200603,00989005,匯豐匯豐基金,2,TWD,126.6
200603,01031298,匯豐龍鳳基金,2,TWD,24.99
200603,01031564,荷銀積極成長基金,2,TWD,4.76
200603,01031699,統一全天候基金,2,TWD,39.67
200603,01031874,國泰小龍基金,2,TWD,7.54
200603,01032058,元大多福基金,2,TWD,28.29
200603,01032162,摩根富林明JF台灣增長基金,2,TWD,27.21
200603,01032183,保德信高成長基金,2,TWD,50.32
200603,01032803,建弘萬得福基金,2,TWD,15.73
200603,01050013,匯豐成長基金,2,TWD,18.68
200603,01050148,國際國民基金,2,TWD,27.3
200603,13528977,保德信台商全方位基金,2,TWD,21.08
200603,13539952,凱基開創基金,2,TWD,16.79
200603,13984165,富達台灣成長基金,2,TWD,15.84
200603,13986924,新光大三通基金,2,TWD,17.91
200603,13998344,大華中小基金,2,TWD,21.07
200603,14293674,玉山登峰基金,2,TWD,9.17
200603,14541724,凱基創星基金,2,TWD,15.67
200603,14542287,寶來精準中小基金,2,TWD,16.36
200603,14545897,遠東大聯科技基金,2,TWD,11.75
200603,14548769,富鼎寶馬基金,2,TWD,10.72
200603,14693572,聯邦台灣創新基金,2,TWD,11.85
200603,14694495,中興台灣基金,2,TWD,19.25
200603,14703109,國票遠見基金,2,TWD,12.33
200603,14705562,國泰科技生化基金,2,TWD,20.33
200603,15569831,兆豐國際高科技基金,2,TWD,10.42
200603,15588302,景順台灣精選成長基金,2,TWD,17.76
200603,15733973,第一富蘭克林第一富基金,2,TWD,15.76
200603,15739619,建弘大中華基金,2,TWD,16.61
200603,17139204,元大新主流基金,2,TWD,13.49
200603,17140075,建華哥倫布基金,2,TWD,12.25
200603,17140568,景順主流基金,2,TWD,9.37
200603,17141187,富鼎半導體科技基金,2,TWD,8.76
200603,17141335,金鼎科技金融基金,2,TWD,15.02
200603,17144889,金復華雙響炮基金,2,TWD,10.29
200603,17144945,摩根富林明JF價值成長基金,2,TWD,11.66
200603,17145070,寶來矽谷基金,2,TWD,10.43
200603,17146752,彰銀安泰成長精選基金,2,TWD,10.48
200603,17147078,日盛精選五虎基金,2,TWD,15.21
200603,17147915,倍立磐石基金,2,TWD,15.71
200603,17148301,富邦台灣心基金,2,TWD,9.89
200603,17152509,大華高科技基金,2,TWD,13.11
200603,17153795,富邦價值基金,2,TWD,11.34
200603,17154324,建弘價值基金,2,TWD,12.41
200603,17597236,聯邦精選科技基金,2,TWD,6.14
200603,17597600,台壽保阿波羅基金,2,TWD,10.1
200603,17600534,荷銀高科技基金,2,TWD,5.7
200603,17601891,富鼎大三元基金,2,TWD,5.62
200603,17602625,保德信新世紀基金,2,TWD,7.01
200603,17602821,盛華2000高科技基金,2,TWD,12.25
200603,17603899,保誠電通網基金,2,TWD,10.38
200603,17604124,德盛台灣大壩基金,2,TWD,7.14
200603,17604341,新光摩天基金,2,TWD,8.35
200603,17605622,統一大滿貫基金,2,TWD,9.81
200603,17606299,國際金龍基金,2,TWD,7.58
200603,17607591,日盛高科技基金,2,TWD,7.81
200603,17607889,友邦網路商務基金,2,TWD,6.39
200603,17608445,富邦網路基金,2,TWD,7.75
200603,17608487,復華數位經濟基金,2,TWD,13.15
200603,17610006,華南永昌新銳星基金,2,TWD,6.08
200603,17612497,國泰國泰基金,2,TWD,11.85
200603,18030218,富達台灣基金,2,TWD,7.54
200603,18031960,傳山高科技基金,2,TWD,7.65
200603,18033138,德信數位時代基金,2,TWD,9.45
200603,18036281,元大巴菲特基金,2,TWD,14.24
200603,18037937,彰銀安泰ｅ科技精選基金,2,TWD,9.53
200603,18040665,倍立高科技基金,2,TWD,22.18
200603,18043059,國泰中小成長基金,2,TWD,22.06
200603,18480065,德盛科技大壩基金,2,TWD,14.0
200603,18488279,復華中小精選基金,2,TWD,23.7
200603,18488290,新光新興中小基金,2,TWD,17.18
200603,18488469,彰銀安泰中小精選基金,2,TWD,17.81
200603,18496290,聯邦中國龍基金,2,TWD,11.98
200603,18499732,遠東大聯台灣旗艦基金,2,TWD,14.55
200603,19291128,國泰大中華基金,2,TWD,15.6
200603,19325979,盛華8899成長基金,2,TWD,4.65
200603,19330712,倍立寶利基金,2,TWD,10.72
200603,19330754,彰銀安泰優質精選基金,2,TWD,15.1
200603,19339782,群益創新科技基金,2,TWD,16.8
200603,19341318,建弘電子基金,2,TWD,17.23
200603,20080023,元大店頭基金,2,TWD,6.59
200603,20081352,群益店頭市場基金,2,TWD,31.69
200603,20084317,日盛日盛基金,2,TWD,10.14
200603,20089755,富邦精銳中小基金,2,TWD,7.58
200603,20092528,建弘店頭市場基金,2,TWD,7.74
200603,20094672,金鼎寶櫃基金,2,TWD,10.38
200603,20094820,友邦巨人基金,2,TWD,7.23
200603,20097447,保德信第一基金,2,TWD,16.53
200603,21715208,台壽保龍騰優勢基金,2,TWD,10.52
200603,21759676,復華全方位基金,2,TWD,10.5
200603,29217773,新昕健康平安基金,2,TWD,10.8
200603,29222213,台新台新基金,2,TWD,12.46
200603,48675778,群益奧斯卡基金,2,TWD,10.29
200603,48689870,新昕優勢科技基金,2,TWD,10.46
200603,48693065,台新科技基金,2,TWD,9.96
200603,48700328,寶華成豐嚴選基金,2,TWD,10.0
200603,73982057,金復華金復華基金,2,TWD,10.52
200603,73987671,匯豐台灣精典基金,2,TWD,11.41
200603,73988171,德信全方位基金,2,TWD,11.19
200603,73988876,日盛小而美基金,2,TWD,12.07
200603,73989002,建弘小型精選基金,2,TWD,20.78
200603,73989256,景順台灣科技基金,2,TWD,18.92
200603,73989501,摩根富林明JF中小基金,2,TWD,20.96
200603,73990253,統一奔騰基金,2,TWD,22.4
200603,73990649,保德信科技島基金,2,TWD,16.51
200603,73991154,大眾科技基金,2,TWD,11.8
200603,73991751,國際電子基金,2,TWD,20.67
200603,73992013,建華領航科技基金,2,TWD,14.44
200603,73998071,新光店頭基金,2,TWD,22.09
200603,73998086,復華高成長基金,2,TWD,19.7
200603,73999260,金鼎行動基金,2,TWD,14.2
200603,76941376,匯豐成功基金,2,TWD,16.64
200603,77537493,統一統信基金,2,TWD,22.42
200603,77537509,元大多元基金,2,TWD,8.7
200603,80892778,中興中小型基金,2,TWD,31.53
200603,80894446,大眾中國通基金,2,TWD,13.55
200603,81580149,新光國家建設基金,2,TWD,22.68
200603,81581724,統一經建基金,2,TWD,14.38
200603,81584335,元大高科技基金,2,TWD,14.04
200603,81584975,日盛上選基金,2,TWD,24.34
200603,81584996,國際中小基金,2,TWD,13.26
200603,81585242,新光創新科技基金,2,TWD,10.81
200603,81585475,富邦高成長基金,2,TWD,11.41
200603,81587889,復華復華基金,2,TWD,7.18
200603,81588310,建華創世紀基金,2,TWD,8.37
200603,81588536,大眾大眾基金,2,TWD,18.17
200603,81591434,群益長安基金,2,TWD,15.08
200603,81594690,大華大華基金,2,TWD,11.11
200603,81595924,保誠中小型股基金,2,TWD,13.79
200603,83863002,傳山永豐基金,2,TWD,12.3
200603,83863951,元大經貿基金,2,TWD,20.33
200603,83864683,富邦科技基金,2,TWD,18.4
200603,83866508,保德信中小型股基金,2,TWD,26.06
200603,92000533,新光台灣永發基金,2,TWD,11.99
200603,92001765,元大多多基金,2,TWD,16.74
200603,92002244,統一黑馬基金,2,TWD,19.96
200603,92002384,富邦精準基金,2,TWD,43.36
200603,92003102,保誠高科技基金,2,TWD,39.33
200603,92003790,國際精選二十基金,2,TWD,10.93
200603,92004566,寶來績效基金,2,TWD,28.53
200603,92010477,富邦長紅基金,2,TWD,34.79
200603,92012025,摩根富林明JF新興科技基金,2,TWD,32.5
200603,92012572,保誠外銷基金,2,TWD,26.25
200603,92012762,統一龍馬基金,2,TWD,28.7
200603,92013967,保德信金滿意基金,2,TWD,26.0
200603,92016839,華南永昌前瞻科技基金,2,TWD,12.23
200603,92017794,匯豐龍騰電子基金,2,TWD,25.84
200603,92019786,景順潛力基金,2,TWD,15.76
200603,92026219,元大卓越基金,2,TWD,36.56
200603,92028997,群益中小型股基金,2,TWD,23.49
200603,94991068,日盛新台商基金,2,TWD,21.56
200603,97972846,德信大發基金,2,TWD,12.84
200603,97974078,富邦冠軍基金,2,TWD,24.57
200603,97977878,統一店頭市場基金,2,TWD,13.05
200603,97978102,保誠掌櫃基金,2,TWD,12.11
200603,97980043,建弘福王基金,2,TWD,18.49
200603,97982984,金鼎概念型基金,2,TWD,15.67
200603,97984293,群益馬拉松基金,2,TWD,57.69
200603,97988636,保德信店頭市場基金,2,TWD,23.08
200603,97990696,保誠菁華基金,2,TWD,16.63
200603,97995664,匯豐中小基金,2,TWD,7.07
200603,97997635,金鼎大利基金,2,TWD,23.17
200603,97998803,新光競臻笠基金,2,TWD,22.64
200603,98770468,德信利基基金,2,TWD,12.4
200603,99182734,兆豐國際兆豐基金,2,TWD,11.05
200603,99352821,大眾精選25基金,2,TWD,11.03
200603,99354335,摩根富林明JF台灣微型基金,2,TWD,12.37
200603,99973878,荷銀高股息基金,2,TWD,10.17
200606,00965469,國際第一基金,2,TWD,9.61
200606,00968493,荷銀鴻運基金,2,TWD,7.58
200606,00968521,建弘福元基金,2,TWD,12.55
200606,00971096,建弘雙福基金,2,TWD,9.71
200606,00973762,華南永昌永昌基金,2,TWD,7.83
200606,00974039,摩根富林明JF台灣基金,2,TWD,10.07
200606,00974066,寶來2001基金,2,TWD,25.26
200606,00974241,新光台灣富貴基金,2,TWD,23.96
200606,00988316,荷銀光華基金,2,TWD,13.47
200606,00989005,匯豐匯豐基金,2,TWD,123.2
200606,01031298,匯豐龍鳳基金,2,TWD,25.72
200606,01031564,荷銀積極成長基金,2,TWD,4.73
200606,01031699,統一全天候基金,2,TWD,36.15
200606,01031874,國泰小龍基金,2,TWD,7.33
200606,01032058,元大多福基金,2,TWD,26.32
200606,01032162,摩根富林明JF台灣增長基金,2,TWD,25.78
200606,01032183,保德信高成長基金,2,TWD,50.11
200606,01032803,建弘萬得福基金,2,TWD,14.64
200606,01050013,匯豐成長基金,2,TWD,18.33
200606,01050148,國際國民基金,2,TWD,24.31
200606,13528977,保德信台商全方位基金,2,TWD,20.61
200606,13539952,凱基開創基金,2,TWD,15.89
200606,13984165,富達台灣成長基金,2,TWD,16.71
200606,13986924,新光大三通基金,2,TWD,15.57
200606,13998344,大華中小基金,2,TWD,20.59
200606,14293674,玉山登峰基金,2,TWD,8.47
200606,14541724,凱基創星基金,2,TWD,14.9
200606,14542287,寶來精準中小基金,2,TWD,15.23
200606,14545897,遠東大聯科技基金,2,TWD,11.79
200606,14548769,富鼎寶馬基金,2,TWD,9.55
200606,14693572,聯邦台灣創新基金,2,TWD,11.46
200606,14694495,華頓台灣基金,2,TWD,17.35
200606,14703109,台陽遠見基金,2,TWD,11.37
200606,14705562,國泰科技生化基金,2,TWD,19.19
200606,15588302,景順台灣精選成長基金,2,TWD,16.7
200606,15733973,第一富蘭克林第一富基金,2,TWD,15.86
200606,15739619,建弘大中華基金,2,TWD,15.58
200606,17139204,元大新主流基金,2,TWD,12.57
200606,17140075,建華哥倫布基金,2,TWD,11.13
200606,17140568,景順主流基金,2,TWD,9.35
200606,17141187,富鼎半導體科技基金,2,TWD,7.78
200606,17141335,金鼎科技金融基金,2,TWD,14.07
200606,17144889,金復華雙響炮基金,2,TWD,9.64
200606,17144945,摩根富林明JF價值成長基金,2,TWD,11.85
200606,17145070,寶來矽谷基金,2,TWD,9.97
200606,17146752,彰銀安泰成長精選基金,2,TWD,10.18
200606,17147078,日盛精選五虎基金,2,TWD,15.25
200606,17147915,倍立磐石基金,2,TWD,14.68
200606,17148301,富邦台灣心基金,2,TWD,9.73
200606,17152509,大華高科技基金,2,TWD,12.02
200606,17153795,富邦價值基金,2,TWD,11.12
200606,17154324,建弘價值基金,2,TWD,11.56
200606,17597236,聯邦精選科技基金,2,TWD,5.8
200606,17597600,台壽保阿波羅基金,2,TWD,9.79
200606,17600534,荷銀高科技基金,2,TWD,5.32
200606,17601891,富鼎大三元基金,2,TWD,4.96
200606,17602625,保德信新世紀基金,2,TWD,6.75
200606,17602821,盛華2000高科技基金,2,TWD,11.74
200606,17603899,保誠電通網基金,2,TWD,9.21
200606,17604124,德盛台灣大壩基金,2,TWD,7.04
200606,17604341,新光摩天基金,2,TWD,7.88
200606,17605622,統一大滿貫基金,2,TWD,9.16
200606,17606299,國際金龍基金,2,TWD,6.57
200606,17607591,日盛高科技基金,2,TWD,7.51
200606,17607889,友邦網路商務基金,2,TWD,5.92
200606,17608445,富邦網路基金,2,TWD,6.62
200606,17608487,復華數位經濟基金,2,TWD,12.69
200606,17610006,華南永昌新銳星基金,2,TWD,6.24
200606,17612497,國泰國泰基金,2,TWD,10.96
200606,18030218,富達台灣基金,2,TWD,7.61
200606,18031960,傳山高科技基金,2,TWD,7.84
200606,18033138,德信數位時代基金,2,TWD,9.09
200606,18036281,元大巴菲特基金,2,TWD,13.57
200606,18037937,彰銀安泰ｅ科技精選基金,2,TWD,9.19
200606,18040665,倍立高科技基金,2,TWD,20.26
200606,18043059,國泰中小成長基金,2,TWD,21.82
200606,18480065,德盛科技大壩基金,2,TWD,13.02
200606,18488279,復華中小精選基金,2,TWD,21.83
200606,18488469,彰銀安泰中小精選基金,2,TWD,17.29
200606,18496290,聯邦中國龍基金,2,TWD,11.89
200606,18499732,遠東大聯台灣旗艦基金,2,TWD,15.3
200606,19291128,國泰大中華基金,2,TWD,14.89
200606,19325979,盛華8899成長基金,2,TWD,4.76
200606,19330712,倍立寶利基金,2,TWD,10.51
200606,19330754,彰銀安泰優質精選基金,2,TWD,15.4
200606,19339782,群益創新科技基金,2,TWD,15.48
200606,19341318,建弘電子基金,2,TWD,16.45
200606,20080023,元大店頭基金,2,TWD,5.97
200606,20081352,群益店頭市場基金,2,TWD,29.64
200606,20084317,日盛日盛基金,2,TWD,9.29
200606,20089755,富邦精銳中小基金,2,TWD,6.66
200606,20092528,建弘店頭市場基金,2,TWD,7.13
200606,20094672,金鼎寶櫃基金,2,TWD,9.07
200606,20094820,友邦巨人基金,2,TWD,7.25
200606,20097447,保德信第一基金,2,TWD,15.92
200606,21715208,台壽保龍騰優勢基金,2,TWD,10.0
200606,21759676,復華全方位基金,2,TWD,10.08
200606,29217773,新昕健康平安基金,2,TWD,9.67
200606,29222213,台新台新基金,2,TWD,11.84
200606,48675778,群益奧斯卡基金,2,TWD,10.45
200606,48689870,新昕優勢科技基金,2,TWD,9.98
200606,48693065,台新科技基金,2,TWD,8.74
200606,48700328,寶華成豐嚴選基金,2,TWD,9.26
200606,48731589,華頓典範科技基金,2,TWD,8.82
200606,48749899,群益葛萊美基金,2,TWD,9.86
200606,48752280,凱基藍海策略基金,2,TWD,9.98
200606,73982057,金復華金復華基金,2,TWD,9.98
200606,73987671,匯豐台灣精典基金,2,TWD,11.32
200606,73988171,德信全方位基金,2,TWD,10.39
200606,73988876,日盛小而美基金,2,TWD,11.32
200606,73989002,建弘小型精選基金,2,TWD,21.13
200606,73989256,景順台灣科技基金,2,TWD,16.96
200606,73989501,摩根富林明JF中小基金,2,TWD,20.43
200606,73990253,統一奔騰基金,2,TWD,20.26
200606,73990649,保德信科技島基金,2,TWD,15.01
200606,73991154,大眾科技基金,2,TWD,10.74
200606,73991751,國際電子基金,2,TWD,19.3
200606,73992013,建華領航科技基金,2,TWD,13.38
200606,73998071,新光店頭基金,2,TWD,21.16
200606,73998086,復華高成長基金,2,TWD,18.75
200606,73999260,金鼎行動基金,2,TWD,12.8
200606,76941376,匯豐成功基金,2,TWD,16.96
200606,77537493,統一統信基金,2,TWD,21.22
200606,77537509,元大多元基金,2,TWD,8.32
200606,80892778,華頓中小型基金,2,TWD,28.75
200606,80894446,大眾中國通基金,2,TWD,12.9
200606,81580149,新光國家建設基金,2,TWD,20.12
200606,81581724,統一經建基金,2,TWD,13.76
200606,81584335,元大高科技基金,2,TWD,13.03
200606,81584975,日盛上選基金,2,TWD,22.73
200606,81584996,國際中小基金,2,TWD,11.67
200606,81585242,新光創新科技基金,2,TWD,9.73
200606,81585475,富邦高成長基金,2,TWD,11.22
200606,81587889,復華復華基金,2,TWD,7.0
200606,81588310,建華創世紀基金,2,TWD,8.14
200606,81588536,大眾大眾基金,2,TWD,16.83
200606,81591434,群益長安基金,2,TWD,13.92
200606,81594690,大華大華基金,2,TWD,12.33
200606,81595924,保誠中小型股基金,2,TWD,13.31
200606,83863002,傳山永豐基金,2,TWD,12.76
200606,83863951,元大經貿基金,2,TWD,18.39
200606,83864683,富邦科技基金,2,TWD,16.43
200606,83866508,保德信中小型股基金,2,TWD,25.85
200606,92000533,新光台灣永發基金,2,TWD,13.01
200606,92001765,元大多多基金,2,TWD,15.06
200606,92002244,統一黑馬基金,2,TWD,18.79
200606,92002384,富邦精準基金,2,TWD,39.94
200606,92003102,保誠高科技基金,2,TWD,35.2
200606,92003790,國際精選二十基金,2,TWD,9.59
200606,92004566,寶來績效基金,2,TWD,26.05
200606,92010477,富邦長紅基金,2,TWD,32.41
200606,92012025,摩根富林明JF新興科技基金,2,TWD,29.82
200606,92012572,保誠外銷基金,2,TWD,25.98
200606,92012762,統一龍馬基金,2,TWD,27.31
200606,92013967,保德信金滿意基金,2,TWD,25.76
200606,92016839,華南永昌前瞻科技基金,2,TWD,11.25
200606,92017794,匯豐龍騰電子基金,2,TWD,24.26
200606,92019786,景順潛力基金,2,TWD,17.7
200606,92026219,元大卓越基金,2,TWD,34.61
200606,92028997,群益中小型股基金,2,TWD,22.02
200606,94991068,日盛新台商基金,2,TWD,20.69
200606,97972846,德信大發基金,2,TWD,13.83
200606,97974078,富邦冠軍基金,2,TWD,22.54
200606,97977878,統一店頭市場基金,2,TWD,12.08
200606,97978102,保誠掌櫃基金,2,TWD,11.43
200606,97980043,建弘福王基金,2,TWD,17.36
200606,97982984,金鼎概念型基金,2,TWD,16.43
200606,97984293,群益馬拉松基金,2,TWD,53.9
200606,97988636,保德信店頭市場基金,2,TWD,22.06
200606,97990696,保誠菁華基金,2,TWD,15.61
200606,97995664,匯豐中小基金,2,TWD,6.88
200606,97997635,金鼎大利基金,2,TWD,21.15
200606,97998803,新光競臻笠基金,2,TWD,20.19
200606,99182734,兆豐國際兆豐基金,2,TWD,9.76
200606,99352821,大眾精選25基金,2,TWD,10.54
200606,99354335,摩根富林明JF台灣微型基金,2,TWD,12.14
200606,99973878,荷銀高股息基金,2,TWD,9.77
200609,00965469,國際第一基金,2,TWD,10.73
200609,00968493,荷銀鴻運基金,2,TWD,7.54
200609,00968521,建弘福元基金,2,TWD,13.67
200609,00971096,建弘雙福基金,2,TWD,10.53
200609,00973762,華南永昌永昌基金,2,TWD,8.27
200609,00974039,摩根富林明JF台灣基金,2,TWD,10.8
200609,00974066,寶來2001基金,2,TWD,27.71
200609,00974241,新光台灣富貴基金,2,TWD,25.12
200609,00988316,荷銀光華基金,2,TWD,13.39
200609,00989005,匯豐匯豐基金,2,TWD,132.8
200609,01031298,匯豐龍鳳基金,2,TWD,27.39
200609,01031564,荷銀積極成長基金,2,TWD,4.7
200609,01031699,統一全天候基金,2,TWD,40.05
200609,01031874,國泰小龍基金,2,TWD,8.15
200609,01032058,元大多福基金,2,TWD,28.27
200609,01032162,摩根富林明JF台灣增長基金,2,TWD,27.82
200609,01032183,保德信高成長基金,2,TWD,54.03
200609,01032803,建弘萬得福基金,2,TWD,15.7
200609,01050013,匯豐成長基金,2,TWD,19.77
200609,01050148,國際國民基金,2,TWD,26.1
200609,13528977,保德信台商全方位基金,2,TWD,22.26
200609,13539952,凱基開創基金,2,TWD,17.87
200609,13984165,富達台灣成長基金,2,TWD,17.28
200609,13986924,新光大三通基金,2,TWD,16.32
200609,13998344,大華中小基金,2,TWD,22.88
200609,14293674,玉山登峰基金,2,TWD,8.99
200609,14541724,凱基創星基金,2,TWD,16.91
200609,14542287,寶來精準中小基金,2,TWD,17.04
200609,14545897,遠東大聯科技基金,2,TWD,12.94
200609,14548769,富鼎寶馬基金,2,TWD,10.25
200609,14693572,聯邦台灣創新基金,2,TWD,12.23
200609,14694495,華頓台灣基金,2,TWD,19.34
200609,14703109,台陽遠見基金,2,TWD,11.88
200609,14705562,國泰科技生化基金,2,TWD,20.93
200609,15588302,景順台灣精選成長基金,2,TWD,18.89
200609,15733973,第一富蘭克林第一富基金,2,TWD,17.3
200609,15739619,建弘大中華基金,2,TWD,16.53
200609,17139204,元大新主流基金,2,TWD,13.78
200609,17140075,建華哥倫布基金,2,TWD,12.41
200609,17140568,景順主流基金,2,TWD,9.97
200609,17141187,富鼎半導體科技基金,2,TWD,8.48
200609,17141335,金鼎科技金融基金,2,TWD,15.32
200609,17144889,金復華雙響炮基金,2,TWD,10.07
200609,17144945,摩根富林明JF價值成長基金,2,TWD,12.54
200609,17145070,寶來矽谷基金,2,TWD,11.03
200609,17146752,彰銀安泰成長精選基金,2,TWD,10.66
200609,17147078,日盛精選五虎基金,2,TWD,16.58
200609,17147915,倍立磐石基金,2,TWD,16.83
200609,17148301,富邦台灣心基金,2,TWD,10.65
200609,17152509,大華高科技基金,2,TWD,12.85
200609,17153795,富邦價值基金,2,TWD,11.28
200609,17154324,建弘價值基金,2,TWD,12.57
200609,17597236,聯邦精選科技基金,2,TWD,6.28
200609,17597600,台壽保阿波羅基金,2,TWD,10.03
200609,17600534,荷銀高科技基金,2,TWD,5.49
200609,17601891,富鼎大三元基金,2,TWD,5.34
200609,17602625,保德信新世紀基金,2,TWD,7.46
200609,17602821,盛華2000高科技基金,2,TWD,12.82
200609,17603899,保誠電通網基金,2,TWD,10.37
200609,17604124,德盛台灣大壩基金,2,TWD,7.45
200609,17604341,新光摩天基金,2,TWD,8.45
200609,17605622,統一大滿貫基金,2,TWD,10.12
200609,17606299,國際金龍基金,2,TWD,7.14
200609,17607591,日盛高科技基金,2,TWD,8.06
200609,17607889,友邦網路商務基金,2,TWD,6.56
200609,17608445,富邦網路基金,2,TWD,7.14
200609,17608487,復華數位經濟基金,2,TWD,14.06
200609,17610006,華南永昌新銳星基金,2,TWD,6.74
200609,17612497,國泰國泰基金,2,TWD,12.06
200609,18030218,富達台灣基金,2,TWD,7.98
200609,18031960,傳山高科技基金,2,TWD,8.87
200609,18033138,德信數位時代基金,2,TWD,10.29
200609,18036281,元大巴菲特基金,2,TWD,14.55
200609,18037937,彰銀安泰ｅ科技精選基金,2,TWD,10.15
200609,18040665,倍立高科技基金,2,TWD,21.24
200609,18043059,國泰中小成長基金,2,TWD,24.71
200609,18480065,德盛科技大壩基金,2,TWD,13.85
200609,18488279,復華中小精選基金,2,TWD,24.07
200609,18488469,彰銀安泰中小精選基金,2,TWD,18.86
200609,18496290,聯邦中國龍基金,2,TWD,13.05
200609,18499732,遠東大聯台灣旗艦基金,2,TWD,16.58
200609,19291128,國泰大中華基金,2,TWD,16.65
200609,19325979,盛華8899成長基金,2,TWD,4.94
200609,19330712,倍立寶利基金,2,TWD,10.95
200609,19330754,彰銀安泰優質精選基金,2,TWD,15.95
200609,19339782,群益創新科技基金,2,TWD,18.54
200609,19341318,建弘電子基金,2,TWD,17.79
200609,20080023,元大店頭基金,2,TWD,7.06
200609,20081352,群益店頭市場基金,2,TWD,31.85
200609,20084317,日盛日盛基金,2,TWD,9.89
200609,20089755,富邦精銳中小基金,2,TWD,7.28
200609,20092528,建弘店頭市場基金,2,TWD,7.39
200609,20094672,金鼎寶櫃基金,2,TWD,10.03
200609,20094820,友邦巨人基金,2,TWD,7.68
200609,20097447,保德信第一基金,2,TWD,17.23
200609,21759676,復華全方位基金,2,TWD,10.3
200609,29217773,新昕健康平安基金,2,TWD,9.9
200609,29222213,台新台新基金,2,TWD,11.65
200609,48675778,群益奧斯卡基金,2,TWD,10.68
200609,48689870,新昕優勢科技基金,2,TWD,10.45
200609,48693065,台新科技基金,2,TWD,8.92
200609,48700328,寶華成豐嚴選基金,2,TWD,8.48
200609,48731589,華頓典範科技基金,2,TWD,9.68
200609,48749899,群益葛萊美基金,2,TWD,10.08
200609,48752280,凱基藍海策略基金,2,TWD,9.77
200609,48801228,大眾新台灣基金,2,TWD,9.99
200609,73982057,金復華金復華基金,2,TWD,10.43
200609,73987671,匯豐台灣精典基金,2,TWD,11.87
200609,73988171,德信全方位基金,2,TWD,11.53
200609,73988876,日盛小而美基金,2,TWD,12.11
200609,73989002,建弘小型精選基金,2,TWD,23.14
200609,73989256,景順台灣科技基金,2,TWD,19.08
200609,73989501,摩根富林明JF中小基金,2,TWD,23.36
200609,73990253,統一奔騰基金,2,TWD,22.78
200609,73990649,保德信科技島基金,2,TWD,15.9
200609,73991154,大眾科技基金,2,TWD,11.41
200609,73991751,國際電子基金,2,TWD,21.8
200609,73992013,建華領航科技基金,2,TWD,14.85
200609,73998071,新光店頭基金,2,TWD,22.92
200609,73998086,復華高成長基金,2,TWD,20.87
200609,73999260,金鼎行動基金,2,TWD,13.86
200609,76941376,匯豐成功基金,2,TWD,18.1
200609,77537493,統一統信基金,2,TWD,23.77
200609,77537509,元大多元基金,2,TWD,9.02
200609,80892778,華頓中小型基金,2,TWD,29.84
200609,80894446,大眾中國通基金,2,TWD,13.67
200609,81580149,新光國家建設基金,2,TWD,22.2
200609,81581724,統一經建基金,2,TWD,15.26
200609,81584335,元大高科技基金,2,TWD,13.95
200609,81584975,日盛上選基金,2,TWD,24.41
200609,81584996,國際中小基金,2,TWD,12.78
200609,81585242,新光創新科技基金,2,TWD,10.63
200609,81585475,富邦高成長基金,2,TWD,12.13
200609,81587889,復華復華基金,2,TWD,7.66
200609,81588310,建華創世紀基金,2,TWD,8.27
200609,81588536,大眾大眾基金,2,TWD,18.38
200609,81591434,群益長安基金,2,TWD,15.59
200609,81594690,大華大華基金,2,TWD,13.16
200609,81595924,保誠中小型股基金,2,TWD,14.86
200609,83863002,傳山永豐基金,2,TWD,13.22
200609,83863951,元大經貿基金,2,TWD,19.04
200609,83864683,富邦科技基金,2,TWD,17.1
200609,83866508,保德信中小型股基金,2,TWD,28.17
200609,92000533,新光台灣永發基金,2,TWD,13.51
200609,92001765,元大多多基金,2,TWD,15.48
200609,92002244,統一黑馬基金,2,TWD,21.05
200609,92002384,富邦精準基金,2,TWD,43.89
200609,92003102,保誠高科技基金,2,TWD,38.67
200609,92003790,國際精選二十基金,2,TWD,10.48
200609,92004566,寶來績效基金,2,TWD,29.65
200609,92010477,富邦長紅基金,2,TWD,35.91
200609,92012025,摩根富林明JF新興科技基金,2,TWD,33.28
200609,92012572,保誠外銷基金,2,TWD,28.8
200609,92012762,統一龍馬基金,2,TWD,30.74
200609,92013967,保德信金滿意基金,2,TWD,28.34
200609,92016839,華南永昌前瞻科技基金,2,TWD,12.07
200609,92017794,匯豐龍騰電子基金,2,TWD,26.25
200609,92019786,景順潛力基金,2,TWD,18.17
200609,92026219,元大卓越基金,2,TWD,37.1
200609,92028997,群益中小型股基金,2,TWD,24.59
200609,94991068,日盛新台商基金,2,TWD,22.48
200609,97972846,德信大發基金,2,TWD,15.24
200609,97974078,富邦冠軍基金,2,TWD,24.13
200609,97977878,統一店頭市場基金,2,TWD,13.16
200609,97978102,保誠掌櫃基金,2,TWD,12.4
200609,97980043,建弘福王基金,2,TWD,18.15
200609,97982984,金鼎概念型基金,2,TWD,17.86
200609,97984293,群益馬拉松基金,2,TWD,61.06
200609,97988636,保德信店頭市場基金,2,TWD,23.69
200609,97990696,保誠菁華基金,2,TWD,17.6
200609,97995664,匯豐中小基金,2,TWD,7.41
200609,97997635,金鼎大利基金,2,TWD,23.28
200609,97998803,新光競臻笠基金,2,TWD,22.01
200609,99182734,兆豐國際兆豐基金,2,TWD,10.44
200609,99352821,大眾精選25基金,2,TWD,11.5
200609,99354335,摩根富林明JF台灣微型基金,2,TWD,13.62
200609,99973878,荷銀高股息基金,2,TWD,10.02
200612,00965469,國際第一基金,2,TWD,11.67
200612,00968493,荷銀鴻運基金,2,TWD,8.32
200612,00968521,建弘福元基金,2,TWD,14.7
200612,00971096,建弘雙福基金,2,TWD,12.23
200612,00973762,華南永昌永昌基金,2,TWD,9.37
200612,00974039,摩根富林明JF台灣基金,2,TWD,11.45
200612,00974066,寶來2001基金,2,TWD,32.82
200612,00974241,新光台灣富貴基金,2,TWD,27.83
200612,00988316,荷銀光華基金,2,TWD,14.63
200612,00989005,匯豐匯豐基金,2,TWD,140.5
200612,01031298,匯豐龍鳳基金,2,TWD,30.18
200612,01031564,荷銀積極成長基金,2,TWD,5.26
200612,01031699,統一全天候基金,2,TWD,42.72
200612,01031874,國泰小龍基金,2,TWD,8.52
200612,01032058,元大多福基金,2,TWD,33.56
200612,01032162,摩根富林明JF台灣增長基金,2,TWD,29.56
200612,01032183,保德信高成長基金,2,TWD,59.05
200612,01032803,建弘萬得福基金,2,TWD,16.81
200612,01050013,匯豐成長基金,2,TWD,20.94
200612,01050148,國際國民基金,2,TWD,29.84
200612,13528977,保德信台商全方位基金,2,TWD,25.53
200612,13539952,凱基開創基金,2,TWD,18.77
200612,13984165,富達台灣成長基金,2,TWD,19.06
200612,13986924,新光大三通基金,2,TWD,20.26
200612,13998344,大華中小基金,2,TWD,27.42
200612,14293674,玉山登峰基金,2,TWD,9.18
200612,14541724,凱基創星基金,2,TWD,18.97
200612,14542287,寶來精準中小基金,2,TWD,19.89
200612,14545897,遠東大聯科技基金,2,TWD,13.77
200612,14548769,富鼎寶馬基金,2,TWD,11.73
200612,14693572,聯邦台灣創新基金,2,TWD,13.3
200612,14694495,華頓台灣基金,2,TWD,21.77
200612,14703109,台陽遠見基金,2,TWD,12.54
200612,14705562,國泰科技生化基金,2,TWD,21.12
200612,15588302,景順台灣精選成長基金,2,TWD,19.64
200612,15733973,第一富蘭克林第一富基金,2,TWD,19.25
200612,15739619,建弘大中華基金,2,TWD,18.83
200612,17139204,元大新主流基金,2,TWD,16.29
200612,17140075,建華哥倫布基金,2,TWD,13.72
200612,17140568,景順主流基金,2,TWD,11.06
200612,17141187,富鼎半導體科技基金,2,TWD,9.72
200612,17141335,金鼎科技金融基金,2,TWD,15.75
200612,17144889,金復華雙響炮基金,2,TWD,10.25
200612,17144945,摩根富林明JF價值成長基金,2,TWD,13.52
200612,17145070,寶來矽谷基金,2,TWD,12.73
200612,17146752,彰銀安泰成長精選基金,2,TWD,12.02
200612,17147078,日盛精選五虎基金,2,TWD,17.73
200612,17147915,犇華磐石基金,2,TWD,17.58
200612,17148301,富邦台灣心基金,2,TWD,11.73
200612,17152509,大華高科技基金,2,TWD,13.68
200612,17153795,富邦價值基金,2,TWD,12.91
200612,17154324,建弘價值基金,2,TWD,13.79
200612,17597236,聯邦精選科技基金,2,TWD,6.5
200612,17597600,台壽保阿波羅基金,2,TWD,10.68
200612,17600534,荷銀高科技基金,2,TWD,6.05
200612,17601891,富鼎大三元基金,2,TWD,6.15
200612,17602625,保德信新世紀基金,2,TWD,8.12
200612,17602821,盛華2000高科技基金,2,TWD,14.32
200612,17603899,保誠電通網基金,2,TWD,11.37
200612,17604124,德盛台灣大壩基金,2,TWD,8.11
200612,17604341,新光摩天基金,2,TWD,9.14
200612,17605622,統一大滿貫基金,2,TWD,10.76
200612,17606299,國際金龍基金,2,TWD,7.57
200612,17607591,日盛高科技基金,2,TWD,8.76
200612,17607889,友邦網路商務基金,2,TWD,6.86
200612,17608445,富邦網路基金,2,TWD,7.73
200612,17608487,復華數位經濟基金,2,TWD,15.03
200612,17610006,華南永昌新銳星基金,2,TWD,7.56
200612,17612497,國泰國泰基金,2,TWD,11.94
200612,18030218,富達台灣基金,2,TWD,8.75
200612,18031960,傳山高科技基金,2,TWD,10.72
200612,18033138,德信數位時代基金,2,TWD,11.78
200612,18036281,元大巴菲特基金,2,TWD,16.16
200612,18037937,彰銀安泰ｅ科技精選基金,2,TWD,11.05
200612,18040665,犇華高科技基金,2,TWD,22.67
200612,18043059,國泰中小成長基金,2,TWD,25.22
200612,18480065,德盛科技大壩基金,2,TWD,14.45
200612,18488279,復華中小精選基金,2,TWD,25.11
200612,18488469,彰銀安泰中小精選基金,2,TWD,20.39
200612,18496290,聯邦中國龍基金,2,TWD,13.84
200612,18499732,遠東大聯台灣旗艦基金,2,TWD,17.86
200612,19291128,國泰大中華基金,2,TWD,16.92
200612,19325979,盛華8899成長基金,2,TWD,5.44
200612,19330712,犇華寶利基金,2,TWD,11.68
200612,19330754,彰銀安泰優質精選基金,2,TWD,17.0
200612,19339782,群益創新科技基金,2,TWD,22.79
200612,19341318,建弘電子基金,2,TWD,19.86
200612,20080023,元大店頭基金,2,TWD,8.33
200612,20081352,群益店頭市場基金,2,TWD,35.58
200612,20084317,日盛日盛基金,2,TWD,10.44
200612,20089755,富邦精銳中小基金,2,TWD,7.67
200612,20092528,建弘店頭市場基金,2,TWD,8.7
200612,20094672,金鼎寶櫃基金,2,TWD,10.71
200612,20094820,友邦巨人基金,2,TWD,8.24
200612,20097447,保德信第一基金,2,TWD,18.37
200612,21759676,復華全方位基金,2,TWD,10.27
200612,29217773,新光健康平安基金,2,TWD,10.98
200612,29222213,台新台新基金,2,TWD,13.47
200612,48675778,群益奧斯卡基金,2,TWD,12.22
200612,48693065,台新科技基金,2,TWD,11.45
200612,48731589,華頓典範科技基金,2,TWD,10.63
200612,48749899,群益葛萊美基金,2,TWD,10.6
200612,48752280,凱基藍海策略基金,2,TWD,9.78
200612,48801228,大眾新台灣基金,2,TWD,10.69
200612,48809501,富鼎台灣優勢基金,2,TWD,10.8
200612,73982057,金復華金復華基金,2,TWD,11.2
200612,73987671,匯豐台灣精典基金,2,TWD,12.98
200612,73988171,德信全方位基金,2,TWD,12.36
200612,73988876,日盛小而美基金,2,TWD,12.36
200612,73989002,建弘小型精選基金,2,TWD,27.32
200612,73989256,景順台灣科技基金,2,TWD,19.77
200612,73989501,摩根富林明JF中小基金,2,TWD,24.6
200612,73990253,統一奔騰基金,2,TWD,24.23
200612,73990649,保德信科技島基金,2,TWD,17.9
200612,73991154,大眾科技基金,2,TWD,12.99
200612,73991751,國際電子基金,2,TWD,23.74
200612,73992013,建華領航科技基金,2,TWD,16.53
200612,73998071,新光店頭基金,2,TWD,27.35
200612,73998086,復華高成長基金,2,TWD,22.38
200612,73999260,金鼎行動基金,2,TWD,15.48
200612,76941376,匯豐成功基金,2,TWD,19.95
200612,77537493,統一統信基金,2,TWD,25.79
200612,77537509,元大多元基金,2,TWD,9.99
200612,80892778,華頓中小型基金,2,TWD,38.8
200612,80894446,大眾中國通基金,2,TWD,14.29
200612,81580149,新光國家建設基金,2,TWD,24.95
200612,81581724,統一經建基金,2,TWD,16.2
200612,81584335,元大高科技基金,2,TWD,15.18
200612,81584975,日盛上選基金,2,TWD,27.53
200612,81584996,國際中小基金,2,TWD,14.21
200612,81585242,新光創新科技基金,2,TWD,11.99
200612,81585475,富邦高成長基金,2,TWD,13.81
200612,81587889,復華復華基金,2,TWD,7.77
200612,81588310,建華創世紀基金,2,TWD,9.11
200612,81588536,大眾大眾基金,2,TWD,20.01
200612,81591434,群益長安基金,2,TWD,16.57
200612,81594690,大華大華基金,2,TWD,15.6
200612,81595924,保誠中小型股基金,2,TWD,16.15
200612,83863002,傳山永豐基金,2,TWD,14.44
200612,83863951,元大經貿基金,2,TWD,21.79
200612,83864683,富邦科技基金,2,TWD,19.52
200612,83866508,保德信中小型股基金,2,TWD,30.16
200612,92000533,新光台灣永發基金,2,TWD,14.97
200612,92001765,元大多多基金,2,TWD,18.03
200612,92002244,統一黑馬基金,2,TWD,22.49
200612,92002384,富邦精準基金,2,TWD,47.09
200612,92003102,保誠高科技基金,2,TWD,42.8
200612,92003790,國際精選二十基金,2,TWD,11.04
200612,92004566,寶來績效基金,2,TWD,37.04
200612,92010477,富邦長紅基金,2,TWD,39.19
200612,92012025,摩根富林明JF新興科技基金,2,TWD,33.16
200612,92012572,保誠外銷基金,2,TWD,32.61
200612,92012762,統一龍馬基金,2,TWD,33.6
200612,92013967,保德信金滿意基金,2,TWD,31.98
200612,92016839,華南永昌前瞻科技基金,2,TWD,13.14
200612,92017794,匯豐龍騰電子基金,2,TWD,27.34
200612,92019786,景順潛力基金,2,TWD,20.47
200612,92026219,元大卓越基金,2,TWD,39.67
200612,92028997,群益中小型股基金,2,TWD,26.59
200612,94991068,日盛新台商基金,2,TWD,22.87
200612,97972846,德信大發基金,2,TWD,18.29
200612,97974078,富邦冠軍基金,2,TWD,26.62
200612,97977878,統一店頭市場基金,2,TWD,15.55
200612,97978102,保誠掌櫃基金,2,TWD,14.32
200612,97980043,建弘福王基金,2,TWD,21.33
200612,97982984,金鼎概念型基金,2,TWD,20.46
200612,97984293,群益馬拉松基金,2,TWD,67.9
200612,97988636,保德信店頭市場基金,2,TWD,26.56
200612,97990696,保誠菁華基金,2,TWD,20.52
200612,97995664,匯豐中小基金,2,TWD,7.84
200612,97997635,金鼎大利基金,2,TWD,25.88
200612,97998803,新光競臻笠基金,2,TWD,25.28
200612,99182734,兆豐國際兆豐基金,2,TWD,11.59
200612,99352821,大眾精選25基金,2,TWD,12.32
200612,99354335,摩根富林明JF台灣微型基金,2,TWD,14.89
200612,99973878,荷銀高股息基金,2,TWD,11.57
200703,00965469,國際第一基金,AA1,TWD,12.96
200703,00968493,安泰ING鴻運基金,AA1,TWD,8.8
200703,00968521,建弘福元基金,AA1,TWD,13.63
200703,00971096,建弘雙福基金,AA1,TWD,11.48
200703,00973762,華南永昌永昌基金,AA1,TWD,10.62
200703,00974018,富邦富邦基金,AA1,TWD,11.05
200703,00974039,摩根富林明JF台灣基金,AA1,TWD,10.36
200703,00974066,寶來2001基金,AA1,TWD,35.7
200703,00974241,新光台灣富貴基金,AA1,TWD,31.22
200703,00988316,安泰ING光華基金,AA1,TWD,15.16
200703,00989005,匯豐匯豐基金,AA1,TWD,142.8
200703,01031298,匯豐龍鳳基金,AA1,TWD,30.73
200703,01031564,安泰ING積極成長基金,AA1,TWD,5.38
200703,01031699,統一全天候基金,AA1,TWD,47.21
200703,01031874,國泰小龍基金,AA1,TWD,9.21
200703,01032058,元大多福基金,AA1,TWD,38.55
200703,01032162,摩根富林明JF台灣增長基金,AA1,TWD,30.5
200703,01032183,保德信高成長基金,AA1,TWD,62.97
200703,01032803,建弘萬得福基金,AA1,TWD,17.72
200703,01047806,匯豐台灣基金,AA1,TWD,373.68
200703,01050013,匯豐成長基金,AA1,TWD,21.43
200703,01050148,國際國民基金,AA1,TWD,33.51
200703,13528977,保德信台商全方位基金,AA1,TWD,27.32
200703,13539952,凱基開創基金,AA1,TWD,19.94
200703,13984165,富達台灣成長基金,AA1,TWD,18.33
200703,13986924,新光大三通基金,AA1,TWD,22.6
200703,13998344,大華中小基金,AA1,TWD,28.23
200703,14293674,玉山登峰基金,AA1,TWD,9.53
200703,14541724,凱基創星基金,AA1,TWD,19.93
200703,14542287,寶來精準中小基金,AA1,TWD,22.37
200703,14545897,遠東大聯科技基金,AA1,TWD,14.11
200703,14548769,富鼎寶馬基金,AA1,TWD,12.68
200703,14693572,聯邦台灣創新基金,AA1,TWD,14.33
200703,14694495,華頓台灣基金,AA1,TWD,22.53
200703,14703109,台陽遠見基金,AA1,TWD,12.86
200703,14705562,國泰科技生化基金,AA1,TWD,22.66
200703,15588302,景順台灣精選成長基金,AA1,TWD,21.31
200703,15733973,第一富蘭克林第一富基金,AA1,TWD,20.96
200703,15739619,建弘大中華基金,AA1,TWD,21.12
200703,17139204,元大新主流基金,AA1,TWD,18.77
200703,17140568,景順主流基金,AA1,TWD,10.99
200703,17141187,富鼎半導體科技基金,AA1,TWD,10.82
200703,17141335,金鼎科技金融基金,AA1,TWD,15.81
200703,17144889,金復華雙響炮基金,AA1,TWD,10.85
200703,17144945,摩根富林明JF價值成長基金,AA1,TWD,13.89
200703,17145070,寶來矽谷基金,AA1,TWD,13.81
200703,17146752,安泰ING成長基金,AA1,TWD,12.26
200703,17147078,日盛精選五虎基金,AA1,TWD,18.29
200703,17147915,犇華磐石基金,AA1,TWD,19.68
200703,17148301,富邦台灣心基金,AA1,TWD,11.76
200703,17152509,大華高科技基金,AA1,TWD,15.38
200703,17153795,富邦價值基金,AA1,TWD,12.86
200703,17154324,建弘價值基金,AA1,TWD,14.68
200703,17597236,聯邦精選科技基金,AA1,TWD,6.75
200703,17597600,台壽保阿波羅基金,AA1,TWD,10.72
200703,17600534,安泰ING高科技基金,AA1,TWD,6.11
200703,17601891,富鼎大三元基金,AA1,TWD,6.58
200703,17602625,保德信新世紀基金,AA1,TWD,8.53
200703,17602821,盛華2000高科技基金,AA1,TWD,15.47
200703,17603899,保誠電通網基金,AA1,TWD,12.65
200703,17604124,德盛台灣大壩基金,AA1,TWD,8.49
200703,17604341,新光摩天基金,AA1,TWD,9.15
200703,17605622,統一大滿貫基金,AA1,TWD,12.19
200703,17606299,國際金龍基金,AA1,TWD,8.0
200703,17607591,日盛高科技基金,AA1,TWD,9.45
200703,17607889,友邦網路商務基金,AA1,TWD,6.96
200703,17608445,富邦網路基金,AA1,TWD,8.07
200703,17608487,復華數位經濟基金,AA1,TWD,15.8
200703,17610006,華南永昌新銳星基金,AA1,TWD,8.36
200703,17612497,國泰國泰基金,AA1,TWD,12.29
200703,18030218,富達台灣基金,AA1,TWD,8.53
200703,18031960,傳山高科技基金,AA1,TWD,12.17
200703,18033138,德信數位時代基金,AA1,TWD,12.41
200703,18036281,元大巴菲特基金,AA1,TWD,17.33
200703,18037937,安泰INGｅ科技基金,AA1,TWD,11.36
200703,18040665,犇華高科技基金,AA1,TWD,24.94
200703,18043059,國泰中小成長基金,AA1,TWD,27.72
200703,18480065,德盛科技大壩基金,AA1,TWD,15.58
200703,18488279,復華中小精選基金,AA1,TWD,27.23
200703,18488469,安泰ING中小基金,AA1,TWD,21.58
200703,18496290,聯邦中國龍基金,AA1,TWD,15.04
200703,18499732,遠東大聯台灣旗艦基金,AA1,TWD,17.51
200703,19291128,國泰大中華基金,AA1,TWD,18.02
200703,19325979,盛華8899成長基金,AA1,TWD,5.45
200703,19330712,犇華寶利基金,AA1,TWD,12.56
200703,19330754,安泰ING優質基金,AA1,TWD,17.2
200703,19339782,群益創新科技基金,AA1,TWD,25.31
200703,19341318,建弘電子基金,AA1,TWD,19.74
200703,20080023,元大店頭基金,AA1,TWD,9.56
200703,20081352,群益店頭市場基金,AA1,TWD,40.36
200703,20084317,日盛日盛基金,AA1,TWD,10.56
200703,20089755,富邦精銳中小基金,AA1,TWD,8.01
200703,20092528,建弘店頭市場基金,AA1,TWD,8.86
200703,20094672,金鼎寶櫃基金,AA1,TWD,11.82
200703,20094820,友邦巨人基金,AA1,TWD,8.15
200703,20097447,保德信第一基金,AA1,TWD,19.88
200703,21759676,復華全方位基金,AA1,TWD,11.07
200703,29217773,新光健康平安基金,AA1,TWD,12.22
200703,29222213,台新台新基金,AA1,TWD,12.87
200703,48675778,群益奧斯卡基金,AA1,TWD,13.48
200703,48693065,台新科技基金,AA1,TWD,13.05
200703,48731589,華頓典範科技基金,AA1,TWD,12.4
200703,48749899,群益葛萊美基金,AA1,TWD,10.98
200703,48752280,凱基藍海策略基金,AA1,TWD,8.93
200703,48801228,大眾新台灣基金,AA1,TWD,11.03
200703,48809501,富鼎台灣優勢基金,AA1,TWD,11.47
200703,48858663,台新主流基金,AA1,TWD,10.94
200703,73982057,金復華金復華基金,AA1,TWD,12.14
200703,73987671,匯豐台灣精典基金,AA1,TWD,13.08
200703,73988171,德信全方位基金,AA1,TWD,12.85
200703,73988876,日盛小而美基金,AA1,TWD,13.17
200703,73989002,建弘小型精選基金,AA1,TWD,28.37
200703,73989256,景順台灣科技基金,AA1,TWD,20.98
200703,73989501,摩根富林明JF中小基金,AA1,TWD,28.05
200703,73990253,統一奔騰基金,AA1,TWD,26.56
200703,73990649,保德信科技島基金,AA1,TWD,20.06
200703,73991154,大眾科技基金,AA1,TWD,13.98
200703,73991751,國際電子基金,AA1,TWD,25.88
200703,73992013,大華領航科技基金,AA1,TWD,19.05
200703,73998071,新光店頭基金,AA1,TWD,31.59
200703,73998086,復華高成長基金,AA1,TWD,23.69
200703,73999260,金鼎行動基金,AA1,TWD,17.18
200703,76941376,匯豐成功基金,AA1,TWD,20.18
200703,77537493,統一統信基金,AA1,TWD,26.8
200703,77537509,元大多元基金,AA1,TWD,11.6
200703,80892778,華頓中小型基金,AA1,TWD,47.11
200703,80894446,大眾中國通基金,AA1,TWD,13.56
200703,81580149,新光國家建設基金,AA1,TWD,27.49
200703,81581724,統一經建基金,AA1,TWD,17.2
200703,81584335,元大高科技基金,AA1,TWD,17.31
200703,81584975,日盛上選基金,AA1,TWD,31.83
200703,81584996,國際中小基金,AA1,TWD,15.52
200703,81585242,新光創新科技基金,AA1,TWD,13.28
200703,81585475,富邦高成長基金,AA1,TWD,14.81
200703,81587889,復華復華基金,AA1,TWD,7.96
200703,81588536,大眾大眾基金,AA1,TWD,20.88
200703,81591434,群益長安基金,AA1,TWD,17.08
200703,81594690,大華大華基金,AA1,TWD,16.04
200703,81595924,保誠中小型股基金,AA1,TWD,18.25
200703,83863002,傳山永豐基金,AA1,TWD,14.76
200703,83863951,元大經貿基金,AA1,TWD,25.06
200703,83864683,富邦科技基金,AA1,TWD,20.06
200703,83866508,保德信中小型股基金,AA1,TWD,32.8
200703,92000533,新光台灣永發基金,AA1,TWD,15.12
200703,92001765,元大多多基金,AA1,TWD,20.76
200703,92002244,統一黑馬基金,AA1,TWD,24.66
200703,92002384,富邦精準基金,AA1,TWD,51.04
200703,92003102,保誠高科技基金,AA1,TWD,47.46
200703,92003790,國際精選二十基金,AA1,TWD,12.02
200703,92004566,寶來績效基金,AA1,TWD,40.94
200703,92010477,富邦長紅基金,AA1,TWD,40.35
200703,92010770,富邦台灣鳳凰基金,AA1,TWD,712.99
200703,92012025,摩根富林明JF新興科技基金,AA1,TWD,34.83
200703,92012572,保誠外銷基金,AA1,TWD,34.04
200703,92012762,統一龍馬基金,AA1,TWD,36.21
200703,92013967,保德信金滿意基金,AA1,TWD,32.65
200703,92016839,華南永昌前瞻科技基金,AA1,TWD,14.71
200703,92017794,匯豐龍騰電子基金,AA1,TWD,27.59
200703,92019786,景順潛力基金,AA1,TWD,19.9
200703,92026219,元大卓越基金,AA1,TWD,44.39
200703,92028997,群益中小型股基金,AA1,TWD,28.82
200703,94991068,日盛新台商基金,AA1,TWD,25.09
200703,97972846,德信大發基金,AA1,TWD,18.53
200703,97974078,富邦冠軍基金,AA1,TWD,26.67
200703,97977878,統一店頭市場基金,AA1,TWD,17.31
200703,97978102,保誠掌櫃基金,AA1,TWD,16.4
200703,97980043,建弘福王基金,AA1,TWD,21.44
200703,97982984,金鼎概念型基金,AA1,TWD,22.82
200703,97984293,群益馬拉松基金,AA1,TWD,75.28
200703,97988636,保德信店頭市場基金,AA1,TWD,30.62
200703,97990696,保誠菁華基金,AA1,TWD,21.94
200703,97995664,匯豐中小基金,AA1,TWD,8.18
200703,97997635,金鼎大利基金,AA1,TWD,28.59
200703,99182734,兆豐國際兆豐基金,AA1,TWD,11.9
200703,99352821,大眾精選25基金,AA1,TWD,12.68
200703,99354335,摩根富林明JF台灣微型基金,AA1,TWD,15.93
200703,99973878,安泰ING台灣高股息基金,AA1,TWD,12.17
200706,00965469,國際第一基金,AA1,TWD,16.23
200706,00968493,安泰ING鴻運基金,AA1,TWD,9.98
200706,00968521,建弘福元基金,AA1,TWD,15.39
200706,00971096,建弘雙福基金,AA1,TWD,12.69
200706,00973762,華南永昌永昌基金,AA1,TWD,12.21
200706,00974018,富邦富邦基金,AA1,TWD,12.63
200706,00974039,摩根富林明JF台灣基金,AA1,TWD,11.94
200706,00974066,寶來2001基金,AA1,TWD,39.15
200706,00974241,新光台灣富貴基金,AA1,TWD,37.11
200706,00988316,安泰ING光華基金,AA1,TWD,16.78
200706,00989005,匯豐匯豐基金,AA1,TWD,164.5
200706,01031298,匯豐龍鳳基金,AA1,TWD,35.47
200706,01031564,安泰ING積極成長基金,AA1,TWD,5.91
200706,01031699,統一全天候基金,AA1,TWD,53.52
200706,01031874,國泰小龍基金,AA1,TWD,10.27
200706,01032058,元大多福基金,AA1,TWD,47.01
200706,01032162,摩根富林明JF台灣增長基金,AA1,TWD,35.33
200706,01032183,保德信高成長基金,AA1,TWD,73.24
200706,01032803,建弘萬得福基金,AA1,TWD,19.72
200706,01047806,匯豐台灣基金,AA1,TWD,428.59
200706,01050013,匯豐成長基金,AA1,TWD,24.81
200706,01050148,國際國民基金,AA1,TWD,36.13
200706,13528977,保德信台商全方位基金,AA1,TWD,31.46
200706,13539952,凱基開創基金,AA1,TWD,22.65
200706,13984165,富達台灣成長基金,AA1,TWD,21.01
200706,13986924,新光大三通基金,AA1,TWD,26.72
200706,13998344,大華中小基金,AA1,TWD,31.53
200706,14293674,玉山登峰基金,AA1,TWD,10.62
200706,14541724,凱基創星基金,AA1,TWD,21.91
200706,14542287,寶來精準中小基金,AA1,TWD,25.39
200706,14545897,遠東大聯科技基金,AA1,TWD,16.18
200706,14548769,富鼎寶馬基金,AA1,TWD,14.84
200706,14693572,聯邦台灣創新基金,AA1,TWD,15.22
200706,14694495,華頓台灣基金,AA1,TWD,23.97
200706,14705562,國泰科技生化基金,AA1,TWD,26.08
200706,15588302,景順台灣精選成長基金,AA1,TWD,24.93
200706,15733973,第一富蘭克林第一富基金,AA1,TWD,25.07
200706,15739619,建弘大中華基金,AA1,TWD,23.93
200706,17139204,元大新主流基金,AA1,TWD,22.27
200706,17140568,景順主流基金,AA1,TWD,12.38
200706,17141187,富鼎半導體科技基金,AA1,TWD,12.74
200706,17141335,金鼎科技金融基金,AA1,TWD,17.43
200706,17144889,金復華雙響炮基金,AA1,TWD,12.85
200706,17144945,摩根富林明JF價值成長基金,AA1,TWD,15.86
200706,17145070,寶來矽谷基金,AA1,TWD,15.09
200706,17146752,安泰ING成長基金,AA1,TWD,13.46
200706,17147078,日盛精選五虎基金,AA1,TWD,20.71
200706,17147915,犇華磐石基金,AA1,TWD,21.98
200706,17148301,富邦台灣心基金,AA1,TWD,13.38
200706,17152509,大華高科技基金,AA1,TWD,17.08
200706,17153795,富邦價值基金,AA1,TWD,14.96
200706,17154324,建弘價值基金,AA1,TWD,16.53
200706,17597236,聯邦精選科技基金,AA1,TWD,7.62
200706,17597600,台壽保阿波羅基金,AA1,TWD,12.07
200706,17600534,安泰ING高科技基金,AA1,TWD,7.07
200706,17601891,富鼎大三元基金,AA1,TWD,7.69
200706,17602625,保德信新世紀基金,AA1,TWD,9.65
200706,17602821,台灣工銀2000高科技基金,AA1,TWD,17.66
200706,17603899,保誠電通網基金,AA1,TWD,13.95
200706,17604124,德盛台灣大壩基金,AA1,TWD,9.87
200706,17604341,新光摩天基金,AA1,TWD,9.27
200706,17605622,統一大滿貫基金,AA1,TWD,14.13
200706,17606299,國際金龍基金,AA1,TWD,9.36
200706,17607591,日盛高科技基金,AA1,TWD,11.11
200706,17607889,友邦網路商務基金,AA1,TWD,7.89
200706,17608445,富邦網路基金,AA1,TWD,9.34
200706,17608487,復華數位經濟基金,AA1,TWD,18.02
200706,17610006,華南永昌新銳星基金,AA1,TWD,9.65
200706,17612497,國泰國泰基金,AA1,TWD,13.83
200706,18030218,富達台灣基金,AA1,TWD,9.85
200706,18031960,傳山高科技基金,AA1,TWD,14.19
200706,18033138,德信數位時代基金,AA1,TWD,15.02
200706,18036281,元大巴菲特基金,AA1,TWD,19.9
200706,18037937,安泰INGｅ科技基金,AA1,TWD,13.13
200706,18040665,犇華高科技基金,AA1,TWD,28.26
200706,18043059,國泰中小成長基金,AA1,TWD,31.87
200706,18480065,德盛科技大壩基金,AA1,TWD,17.86
200706,18488279,復華中小精選基金,AA1,TWD,31.11
200706,18488469,安泰ING中小基金,AA1,TWD,24.15
200706,18496290,聯邦中國龍基金,AA1,TWD,16.23
200706,18499732,遠東大聯台灣旗艦基金,AA1,TWD,20.11
200706,19291128,國泰大中華基金,AA1,TWD,20.5
200706,19325979,台灣工銀8899成長基金,AA1,TWD,6.3
200706,19330712,犇華寶利基金,AA1,TWD,14.8
200706,19330754,安泰ING優質基金,AA1,TWD,19.57
200706,19339782,群益創新科技基金,AA1,TWD,29.03
200706,19341318,建弘電子基金,AA1,TWD,20.85
200706,20080023,元大店頭基金,AA1,TWD,11.61
200706,20081352,群益店頭市場基金,AA1,TWD,45.54
200706,20084317,日盛日盛基金,AA1,TWD,12.15
200706,20089755,富邦精銳中小基金,AA1,TWD,9.24
200706,20092528,建弘店頭市場基金,AA1,TWD,9.46
200706,20094672,金鼎寶櫃基金,AA1,TWD,12.8
200706,20094820,友邦巨人基金,AA1,TWD,9.23
200706,20097447,保德信第一基金,AA1,TWD,23.25
200706,21759676,復華全方位基金,AA1,TWD,12.43
200706,29222213,台新台新基金,AA1,TWD,13.11
200706,48675778,群益奧斯卡基金,AA1,TWD,14.94
200706,48693065,台新科技基金,AA1,TWD,14.99
200706,48731589,華頓典範科技基金,AA1,TWD,13.92
200706,48749899,群益葛萊美基金,AA1,TWD,12.53
200706,48752280,凱基藍海策略基金,AA1,TWD,9.65
200706,48801228,台灣工銀新台灣基金,AA1,TWD,13.39
200706,48809501,富鼎台灣優勢基金,AA1,TWD,13.27
200706,48858663,台新主流基金,AA1,TWD,11.87
200706,48893417,富鼎台灣活力基金,AA1,TWD,10.01
200706,73982057,金復華金復華基金,AA1,TWD,14.3
200706,73987671,匯豐台灣精典基金,AA1,TWD,15.01
200706,73988171,德信全方位基金,AA1,TWD,14.04
200706,73988876,日盛小而美基金,AA1,TWD,15.66
200706,73989002,建弘小型精選基金,AA1,TWD,31.43
200706,73989256,景順台灣科技基金,AA1,TWD,24.74
200706,73989501,摩根富林明JF中小基金,AA1,TWD,29.79
200706,73990253,統一奔騰基金,AA1,TWD,29.97
200706,73990649,保德信科技島基金,AA1,TWD,23.44
200706,73991154,台灣工銀科技基金,AA1,TWD,15.6
200706,73991751,國際電子基金,AA1,TWD,29.98
200706,73992013,大華領航科技基金,AA1,TWD,21.64
200706,73998071,新光店頭基金,AA1,TWD,37.36
200706,73998086,復華高成長基金,AA1,TWD,27.23
200706,73999260,金鼎行動基金,AA1,TWD,19.44
200706,76941376,匯豐成功基金,AA1,TWD,23.44
200706,77537493,統一統信基金,AA1,TWD,30.75
200706,77537509,元大多元基金,AA1,TWD,12.76
200706,80892778,華頓中小型基金,AA1,TWD,50.95
200706,80894446,台灣工銀中國通基金,AA1,TWD,16.58
200706,81580149,新光國家建設基金,AA1,TWD,32.42
200706,81581724,統一經建基金,AA1,TWD,19.93
200706,81584335,元大高科技基金,AA1,TWD,19.73
200706,81584975,日盛上選基金,AA1,TWD,36.89
200706,81584996,國際中小基金,AA1,TWD,18.44
200706,81585242,新光創新科技基金,AA1,TWD,15.71
200706,81585475,富邦高成長基金,AA1,TWD,16.14
200706,81587889,復華復華基金,AA1,TWD,8.67
200706,81588536,台灣工銀大眾基金,AA1,TWD,24.69
200706,81591434,群益長安基金,AA1,TWD,19.67
200706,81594690,大華大華基金,AA1,TWD,17.66
200706,81595924,保誠中小型股基金,AA1,TWD,20.01
200706,83863002,傳山永豐基金,AA1,TWD,16.06
200706,83863951,元大經貿基金,AA1,TWD,28.62
200706,83864683,富邦科技基金,AA1,TWD,23.13
200706,83866508,保德信中小型股基金,AA1,TWD,38.36
200706,92000533,新光台灣永發基金,AA1,TWD,16.68
200706,92001765,元大多多基金,AA1,TWD,23.7
200706,92002244,統一黑馬基金,AA1,TWD,27.71
200706,92002384,富邦精準基金,AA1,TWD,57.48
200706,92003102,保誠高科技基金,AA1,TWD,55.04
200706,92003790,國際精選二十基金,AA1,TWD,12.89
200706,92004566,寶來績效基金,AA1,TWD,43.82
200706,92010477,富邦長紅基金,AA1,TWD,46.71
200706,92010770,富邦台灣鳳凰基金,AA1,TWD,824.51
200706,92012025,摩根富林明JF新興科技基金,AA1,TWD,40.79
200706,92012572,保誠外銷基金,AA1,TWD,39.86
200706,92012762,統一龍馬基金,AA1,TWD,42.34
200706,92013967,保德信金滿意基金,AA1,TWD,36.84
200706,92016839,華南永昌前瞻科技基金,AA1,TWD,17.21
200706,92017794,匯豐龍騰電子基金,AA1,TWD,33.13
200706,92019786,景順潛力基金,AA1,TWD,22.15
200706,92026219,元大卓越基金,AA1,TWD,50.55
200706,92028997,群益中小型股基金,AA1,TWD,33.52
200706,94991068,日盛新台商基金,AA1,TWD,29.67
200706,97972846,德信大發基金,AA1,TWD,20.16
200706,97974078,富邦冠軍基金,AA1,TWD,31.19
200706,97977878,統一店頭市場基金,AA1,TWD,18.68
200706,97978102,保誠掌櫃基金,AA1,TWD,18.26
200706,97980043,建弘福王基金,AA1,TWD,23.84
200706,97982984,金鼎概念型基金,AA1,TWD,25.89
200706,97984293,群益馬拉松基金,AA1,TWD,86.17
200706,97988636,保德信店頭市場基金,AA1,TWD,35.34
200706,97990696,保誠菁華基金,AA1,TWD,24.93
200706,97995664,匯豐中小基金,AA1,TWD,9.34
200706,97997635,金鼎大利基金,AA1,TWD,33.0
200706,99182734,兆豐國際兆豐基金,AA1,TWD,13.14
200706,99352821,台灣工銀精選25基金,AA1,TWD,14.34
200706,99354335,摩根富林明JF台灣微型基金,AA1,TWD,18.27
200706,99973878,安泰ING台灣高股息基金,AA1,TWD,13.25
200709,00965469,國際第一基金,AA1,TWD,16.7
200709,00968493,安泰ING鴻運基金,AA1,TWD,12.2
200709,00968521,建弘福元基金,AA1,TWD,18.5
200709,00971096,建弘雙福基金,AA1,TWD,14.73
200709,00973762,華南永昌永昌基金,AA1,TWD,14.07
200709,00974018,富邦富邦基金,AA1,TWD,13.93
200709,00974039,摩根富林明JF台灣基金,AA1,TWD,14.15
200709,00974066,寶來2001基金,AA1,TWD,45.73
200709,00974241,新光台灣富貴基金,AA1,TWD,39.8
200709,00988316,安泰ING台灣運籌基金,AA1,TWD,20.52
200709,00989005,匯豐匯豐基金,AA1,TWD,181.9
200709,01031298,匯豐龍鳳基金,AA1,TWD,39.81
200709,01031564,安泰ING積極成長基金,AA1,TWD,6.71
200709,01031699,統一全天候基金,AA1,TWD,59.85
200709,01031874,國泰小龍基金,AA1,TWD,11.26
200709,01032058,元大多福基金,AA1,TWD,49.8
200709,01032162,摩根富林明JF台灣增長基金,AA1,TWD,41.37
200709,01032183,保德信高成長基金,AA1,TWD,82.7
200709,01032803,建弘萬得福基金,AA1,TWD,22.07
200709,01047806,匯豐台灣基金,AA1,TWD,476.77
200709,01050013,匯豐成長基金,AA1,TWD,28.28
200709,01050148,國際國民基金,AA1,TWD,38.88
200709,13528977,保德信台商全方位基金,AA1,TWD,33.69
200709,13539952,凱基開創基金,AA1,TWD,24.59
200709,13984165,富達台灣成長基金,AA1,TWD,23.93
200709,13986924,新光大三通基金,AA1,TWD,29.11
200709,13998344,大華中小基金,AA1,TWD,40.4
200709,14293674,玉山登峰基金,AA1,TWD,10.67
200709,14541724,凱基創星基金,AA1,TWD,24.6
200709,14542287,寶來精準中小基金,AA1,TWD,26.29
200709,14545897,遠東大聯科技基金,AA1,TWD,16.82
200709,14548769,富鼎寶馬基金,AA1,TWD,17.22
200709,14693572,聯邦台灣創新基金,AA1,TWD,15.61
200709,14694495,華頓台灣基金,AA1,TWD,25.73
200709,14705562,國泰科技生化基金,AA1,TWD,29.04
200709,15588302,景順台灣精選成長基金,AA1,TWD,26.81
200709,15733973,第一富蘭克林第一富基金,AA1,TWD,27.03
200709,15739619,建弘大中華基金,AA1,TWD,27.83
200709,17139204,元大新主流基金,AA1,TWD,24.08
200709,17140568,景順主流基金,AA1,TWD,13.71
200709,17141187,富鼎半導體科技基金,AA1,TWD,15.05
200709,17141335,金鼎科技金融基金,AA1,TWD,18.51
200709,17144889,金復華雙響炮基金,AA1,TWD,14.38
200709,17144945,摩根富林明JF價值成長基金,AA1,TWD,17.81
200709,17145070,寶來矽谷基金,AA1,TWD,15.62
200709,17146752,安泰ING成長基金,AA1,TWD,15.25
200709,17147078,日盛精選五虎基金,AA1,TWD,22.58
200709,17147915,犇華磐石基金,AA1,TWD,23.32
200709,17148301,富邦台灣心基金,AA1,TWD,14.67
200709,17152509,大華高科技基金,AA1,TWD,19.06
200709,17153795,富邦價值基金,AA1,TWD,16.58
200709,17154324,建弘價值基金,AA1,TWD,18.85
200709,17597236,聯邦精選科技基金,AA1,TWD,8.69
200709,17597600,台壽保阿波羅基金,AA1,TWD,13.09
200709,17600534,安泰ING高科技基金,AA1,TWD,7.98
200709,17601891,富鼎大三元基金,AA1,TWD,8.77
200709,17602625,保德信新世紀基金,AA1,TWD,9.96
200709,17602821,台灣工銀2000高科技基金,AA1,TWD,19.91
200709,17603899,保誠電通網基金,AA1,TWD,15.29
200709,17604124,德盛台灣大壩基金,AA1,TWD,11.04
200709,17604341,新光摩天基金,AA1,TWD,9.98
200709,17605622,統一大滿貫基金,AA1,TWD,17.71
200709,17606299,國際金龍基金,AA1,TWD,10.32
200709,17607591,日盛高科技基金,AA1,TWD,11.46
200709,17607889,友邦網路商務基金,AA1,TWD,8.45
200709,17608445,富邦網路基金,AA1,TWD,10.54
200709,17608487,復華數位經濟基金,AA1,TWD,21.45
200709,17610006,華南永昌新銳星基金,AA1,TWD,10.12
200709,17612497,國泰國泰基金,AA1,TWD,15.84
200709,18030218,富達台灣基金,AA1,TWD,10.95
200709,18031960,傳山高科技基金,AA1,TWD,14.04
200709,18033138,德信數位時代基金,AA1,TWD,15.78
200709,18036281,元大巴菲特基金,AA1,TWD,23.27
200709,18037937,安泰INGｅ科技基金,AA1,TWD,14.79
200709,18040665,犇華高科技基金,AA1,TWD,31.98
200709,18043059,國泰中小成長基金,AA1,TWD,35.34
200709,18480065,德盛科技大壩基金,AA1,TWD,19.69
200709,18488279,復華中小精選基金,AA1,TWD,35.03
200709,18488469,安泰ING中小基金,AA1,TWD,29.02
200709,18496290,聯邦中國龍基金,AA1,TWD,17.13
200709,18499732,遠東大聯台灣旗艦基金,AA1,TWD,21.24
200709,19291128,國泰大中華基金,AA1,TWD,24.13
200709,19330712,犇華寶利基金,AA1,TWD,15.38
200709,19330754,安泰ING優質基金,AA1,TWD,23.1
200709,19339782,群益創新科技基金,AA1,TWD,29.47
200709,19341318,建弘電子基金,AA1,TWD,23.89
200709,20080023,元大店頭基金,AA1,TWD,11.82
200709,20081352,群益店頭市場基金,AA1,TWD,49.14
200709,20084317,日盛日盛基金,AA1,TWD,12.87
200709,20089755,富邦精銳中小基金,AA1,TWD,9.89
200709,20092528,建弘店頭市場基金,AA1,TWD,10.12
200709,20094672,金鼎寶櫃基金,AA1,TWD,14.46
200709,20094820,友邦巨人基金,AA1,TWD,10.12
200709,20097447,保德信第一基金,AA1,TWD,25.62
200709,21759676,復華全方位基金,AA1,TWD,14.3
200709,29222213,台新台新基金,AA1,TWD,12.41
200709,48675778,群益奧斯卡基金,AA1,TWD,16.89
200709,48693065,台新科技基金,AA1,TWD,16.33
200709,48731589,華頓典範科技基金,AA1,TWD,16.18
200709,48749899,群益葛萊美基金,AA1,TWD,13.82
200709,48752280,凱基藍海策略基金,AA1,TWD,10.27
200709,48801228,台灣工銀新台灣基金,AA1,TWD,14.5
200709,48809501,富鼎台灣優勢基金,AA1,TWD,15.16
200709,48858663,台新主流基金,AA1,TWD,13.58
200709,48893417,富鼎台灣活力基金,AA1,TWD,11.09
200709,48929007,華南永昌愛台灣基金,AA1,TWD,10.27
200709,48929409,建弘台灣成長基金,AA1,TWD,10.63
200709,48934304,統一台灣動力基金,AA1,TWD,10.22
200709,48944204,凱基台灣電利基金,AA1,TWD,10.0
200709,73982057,金復華金復華基金,AA1,TWD,16.05
200709,73987671,匯豐台灣精典基金,AA1,TWD,17.05
200709,73988171,德信全方位基金,AA1,TWD,15.38
200709,73988876,日盛小而美基金,AA1,TWD,16.21
200709,73989002,建弘小型精選基金,AA1,TWD,36.71
200709,73989256,景順台灣科技基金,AA1,TWD,26.66
200709,73989501,摩根富林明JF中小基金,AA1,TWD,31.46
200709,73990253,統一奔騰基金,AA1,TWD,37.0
200709,73990649,保德信科技島基金,AA1,TWD,23.84
200709,73991154,台灣工銀科技基金,AA1,TWD,17.54
200709,73991751,國際電子基金,AA1,TWD,32.74
200709,73992013,大華領航科技基金,AA1,TWD,23.63
200709,73998071,新光店頭基金,AA1,TWD,38.75
200709,73998086,復華高成長基金,AA1,TWD,31.73
200709,73999260,金鼎行動基金,AA1,TWD,20.66
200709,76941376,匯豐成功基金,AA1,TWD,26.24
200709,77537493,統一統信基金,AA1,TWD,35.1
200709,77537509,元大多元基金,AA1,TWD,14.75
200709,80892778,華頓中小型基金,AA1,TWD,51.95
200709,80894446,台灣工銀中國通基金,AA1,TWD,20.28
200709,81580149,新光國家建設基金,AA1,TWD,35.99
200709,81581724,統一經建基金,AA1,TWD,24.65
200709,81584335,元大高科技基金,AA1,TWD,21.32
200709,81584975,日盛上選基金,AA1,TWD,38.53
200709,81584996,國際中小基金,AA1,TWD,20.27
200709,81585242,新光創新科技基金,AA1,TWD,16.88
200709,81585475,富邦高成長基金,AA1,TWD,18.59
200709,81587889,復華復華基金,AA1,TWD,9.72
200709,81588536,台灣工銀大眾基金,AA1,TWD,28.26
200709,81591434,群益長安基金,AA1,TWD,21.33
200709,81594690,大華大華基金,AA1,TWD,22.81
200709,81595924,保誠中小型股基金,AA1,TWD,21.98
200709,83863002,傳山永豐基金,AA1,TWD,17.12
200709,83863951,元大經貿基金,AA1,TWD,32.05
200709,83864683,富邦科技基金,AA1,TWD,25.83
200709,83866508,保德信中小型股基金,AA1,TWD,42.09
200709,92000533,新光台灣永發基金,AA1,TWD,18.79
200709,92001765,元大多多基金,AA1,TWD,25.92
200709,92002244,統一黑馬基金,AA1,TWD,34.2
200709,92002384,富邦精準基金,AA1,TWD,64.62
200709,92003102,保誠高科技基金,AA1,TWD,58.93
200709,92003790,國際精選二十基金,AA1,TWD,14.11
200709,92004566,寶來績效基金,AA1,TWD,40.39
200709,92010477,富邦長紅基金,AA1,TWD,51.91
200709,92010770,富邦台灣鳳凰基金,AA1,TWD,896.39
200709,92012025,摩根富林明JF新興科技基金,AA1,TWD,46.02
200709,92012572,保誠外銷基金,AA1,TWD,42.8
200709,92012762,統一龍馬基金,AA1,TWD,48.87
200709,92013967,保德信金滿意基金,AA1,TWD,38.55
200709,92016839,華南永昌前瞻科技基金,AA1,TWD,18.46
200709,92017794,匯豐龍騰電子基金,AA1,TWD,34.92
200709,92019786,景順潛力基金,AA1,TWD,25.14
200709,92026219,元大卓越基金,AA1,TWD,57.09
200709,92028997,群益中小型股基金,AA1,TWD,38.05
200709,94991068,日盛新台商基金,AA1,TWD,31.43
200709,97972846,德信大發基金,AA1,TWD,23.82
200709,97974078,富邦冠軍基金,AA1,TWD,33.9
200709,97977878,統一店頭市場基金,AA1,TWD,19.6
200709,97978102,保誠掌櫃基金,AA1,TWD,19.33
200709,97980043,建弘福王基金,AA1,TWD,28.21
200709,97982984,金鼎概念型基金,AA1,TWD,27.96
200709,97984293,群益馬拉松基金,AA1,TWD,98.11
200709,97988636,保德信店頭市場基金,AA1,TWD,35.68
200709,97990696,保誠菁華基金,AA1,TWD,26.1
200709,97995664,匯豐中小基金,AA1,TWD,10.38
200709,97997635,金鼎大利基金,AA1,TWD,36.06
200709,99182734,兆豐國際兆豐基金,AA1,TWD,13.28
200709,99352821,台灣工銀精選25基金,AA1,TWD,16.44
200709,99354335,摩根富林明JF台灣微型基金,AA1,TWD,21.34
200709,99973878,安泰ING台灣高股息基金,AA1,TWD,16.97
200712,00965469,國際第一基金,AA1,TWD,12.59
200712,00968493,安泰ING鴻運基金,AA1,TWD,10.17
200712,00968521,建弘福元基金,AA1,TWD,15.19
200712,00971096,建弘雙福基金,AA1,TWD,11.29
200712,00973762,華南永昌永昌基金,AA1,TWD,11.32
200712,00974018,富邦富邦基金,AA1,TWD,11.24
200712,00974039,摩根富林明JF台灣基金,AA1,TWD,12.14
200712,00974066,寶來2001基金,AA1,TWD,38.32
200712,00974241,新光台灣富貴基金,AA1,TWD,27.86
200712,00988316,安泰ING台灣運籌基金,AA1,TWD,17.99
200712,00989005,匯豐匯豐基金,AA1,TWD,155.2
200712,01031298,匯豐龍鳳基金,AA1,TWD,34.82
200712,01031564,安泰ING積極成長基金,AA1,TWD,5.77
200712,01031699,統一全天候基金,AA1,TWD,46.73
200712,01031874,國泰小龍基金,AA1,TWD,10.03
200712,01032058,元大多福基金,AA1,TWD,42.3
200712,01032162,摩根富林明JF台灣增長基金,AA1,TWD,35.81
200712,01032183,保德信高成長基金,AA1,TWD,69.2
200712,01032803,建弘萬得福基金,AA1,TWD,18.57
200712,01047806,匯豐台灣基金,AA1,TWD,414.18
200712,01050013,匯豐成長基金,AA1,TWD,24.35
200712,01050148,國際國民基金,AA1,TWD,30.07
200712,13528977,保德信台商全方位基金,AA1,TWD,27.89
200712,13539952,凱基開創基金,AA1,TWD,20.6
200712,13984165,富達台灣成長基金,AA1,TWD,21.39
200712,13986924,新光大三通基金,AA1,TWD,23.85
200712,13998344,大華中小基金,AA1,TWD,36.57
200712,14293674,玉山登峰基金,AA1,TWD,8.34
200712,14541724,凱基創星基金,AA1,TWD,19.46
200712,14542287,寶來精準中小基金,AA1,TWD,21.86
200712,14545897,遠東大聯科技基金,AA1,TWD,14.56
200712,14548769,富鼎寶馬基金,AA1,TWD,13.39
200712,14693572,聯邦台灣創新基金,AA1,TWD,12.98
200712,14694495,華頓台灣基金,AA1,TWD,22.75
200712,14705562,國泰科技生化基金,AA1,TWD,25.14
200712,15588302,景順台灣精選成長基金,AA1,TWD,22.3
200712,15733973,第一富蘭克林第一富基金,AA1,TWD,23.03
200712,15739619,建弘大中華基金,AA1,TWD,23.36
200712,17139204,元大新主流基金,AA1,TWD,19.72
200712,17140568,景順主流基金,AA1,TWD,11.62
200712,17141187,富鼎半導體科技基金,AA1,TWD,12.33
200712,17141335,金鼎科技金融基金,AA1,TWD,14.74
200712,17144889,金復華雙響炮基金,AA1,TWD,12.68
200712,17144945,摩根富林明JF價值成長基金,AA1,TWD,15.35
200712,17145070,寶來矽谷基金,AA1,TWD,12.54
200712,17146752,安泰ING成長基金,AA1,TWD,13.32
200712,17147078,日盛精選五虎基金,AA1,TWD,18.64
200712,17147915,犇華磐石基金,AA1,TWD,17.8
200712,17148301,富邦台灣心基金,AA1,TWD,11.84
200712,17152509,大華高科技基金,AA1,TWD,16.33
200712,17153795,富邦價值基金,AA1,TWD,15.33
200712,17154324,建弘價值基金,AA1,TWD,15.78
200712,17597236,聯邦精選科技基金,AA1,TWD,7.29
200712,17597600,台壽保阿波羅基金,AA1,TWD,10.31
200712,17600534,安泰ING高科技基金,AA1,TWD,6.62
200712,17601891,富鼎大三元基金,AA1,TWD,6.88
200712,17602625,保德信新世紀基金,AA1,TWD,8.66
200712,17602821,台灣工銀2000高科技基金,AA1,TWD,16.22
200712,17603899,保誠電通網基金,AA1,TWD,12.08
200712,17604124,德盛台灣大壩基金,AA1,TWD,9.3
200712,17605622,統一大滿貫基金,AA1,TWD,15.04
200712,17606299,國際金龍基金,AA1,TWD,8.28
200712,17607591,日盛高科技基金,AA1,TWD,9.71
200712,17607889,友邦網路商務基金,AA1,TWD,7.29
200712,17608445,富邦網路基金,AA1,TWD,9.28
200712,17608487,復華數位經濟基金,AA1,TWD,17.69
200712,17610006,華南永昌新銳星基金,AA1,TWD,7.52
200712,17612497,國泰國泰基金,AA1,TWD,14.34
200712,18030218,富達台灣基金,AA1,TWD,9.67
200712,18031960,傳山高科技基金,AA1,TWD,10.72
200712,18033138,德信數位時代基金,AA1,TWD,12.69
200712,18036281,元大巴菲特基金,AA1,TWD,19.4
200712,18037937,安泰INGｅ科技基金,AA1,TWD,12.71
200712,18040665,犇華高科技基金,AA1,TWD,26.28
200712,18043059,國泰中小成長基金,AA1,TWD,30.23
200712,18480065,德盛科技大壩基金,AA1,TWD,16.45
200712,18488279,復華中小精選基金,AA1,TWD,28.68
200712,18488469,安泰ING中小基金,AA1,TWD,22.44
200712,18496290,聯邦中國龍基金,AA1,TWD,14.04
200712,18499732,遠東大聯台灣旗艦基金,AA1,TWD,18.28
200712,19291128,國泰大中華基金,AA1,TWD,21.1
200712,19330712,犇華寶利基金,AA1,TWD,12.73
200712,19330754,安泰ING優質基金,AA1,TWD,19.49
200712,19339782,群益創新科技基金,AA1,TWD,22.88
200712,19341318,建弘電子基金,AA1,TWD,20.43
200712,20080023,元大店頭基金,AA1,TWD,9.16
200712,20081352,群益店頭市場基金,AA1,TWD,41.21
200712,20084317,日盛日盛基金,AA1,TWD,10.11
200712,20089755,富邦精銳中小基金,AA1,TWD,7.66
200712,20092528,建弘店頭市場基金,AA1,TWD,8.34
200712,20094672,金鼎寶櫃基金,AA1,TWD,11.2
200712,20094820,友邦巨人基金,AA1,TWD,8.78
200712,20097447,保德信第一基金,AA1,TWD,21.55
200712,21759676,復華全方位基金,AA1,TWD,11.53
200712,29222213,台新台新基金,AA1,TWD,9.88
200712,48675778,群益奧斯卡基金,AA1,TWD,14.28
200712,48693065,台新科技基金,AA1,TWD,13.17
200712,48731589,華頓典範科技基金,AA1,TWD,13.78
200712,48749899,群益葛萊美基金,AA1,TWD,11.7
200712,48752280,凱基藍海策略基金,AA1,TWD,8.85
200712,48801228,台灣工銀新台灣基金,AA1,TWD,12.82
200712,48809501,富鼎台灣優勢基金,AA1,TWD,12.04
200712,48858663,台新主流基金,AA1,TWD,11.06
200712,48893417,富鼎台灣活力基金,AA1,TWD,8.35
200712,48929007,華南永昌愛台灣基金,AA1,TWD,8.93
200712,48929409,建弘台灣成長基金,AA1,TWD,9.11
200712,48934304,統一台灣動力基金,AA1,TWD,9.2
200712,48944204,凱基台灣電利基金,AA1,TWD,8.89
200712,48945169,華頓台灣金磚基金,AA1,TWD,9.65
200712,48948047,犇華台灣動力成長基金,AA1,TWD,10.0
200712,48948481,日盛首選基金,AA1,TWD,9.22
200712,48948623,國泰台灣計量基金,AA1,TWD,9.38
200712,48948834,玉山樂活中小基金,AA1,TWD,9.74
200712,48961688,新光多重計量基金,AA1,TWD,9.99
200712,73982057,金復華金復華基金,AA1,TWD,13.6
200712,73987671,匯豐台灣精典基金,AA1,TWD,15.34
200712,73988171,德信全方位基金,AA1,TWD,12.6
200712,73988876,日盛小而美基金,AA1,TWD,13.12
200712,73989002,建弘小型精選基金,AA1,TWD,28.07
200712,73989256,景順台灣科技基金,AA1,TWD,22.14
200712,73989501,摩根富林明JF中小基金,AA1,TWD,24.46
200712,73990253,統一奔騰基金,AA1,TWD,31.56
200712,73990649,保德信科技島基金,AA1,TWD,20.27
200712,73991154,台灣工銀科技基金,AA1,TWD,12.57
200712,73991751,國際電子基金,AA1,TWD,26.52
200712,73992013,大華領航科技基金,AA1,TWD,20.48
200712,73998071,新光店頭基金,AA1,TWD,30.02
200712,73998086,復華高成長基金,AA1,TWD,26.55
200712,73999260,金鼎行動基金,AA1,TWD,16.66
200712,76941376,匯豐成功基金,AA1,TWD,22.84
200712,77537493,統一統信基金,AA1,TWD,27.83
200712,77537509,元大多元基金,AA1,TWD,12.05
200712,80892778,華頓中小型基金,AA1,TWD,39.17
200712,80894446,台灣工銀中國通基金,AA1,TWD,17.15
200712,81580149,新光國家建設基金,AA1,TWD,28.4
200712,81581724,統一經建基金,AA1,TWD,20.53
200712,81584335,元大高科技基金,AA1,TWD,17.14
200712,81584975,日盛上選基金,AA1,TWD,35.61
200712,81584996,國際中小基金,AA1,TWD,15.16
200712,81585242,新光創新科技基金,AA1,TWD,13.69
200712,81585475,富邦高成長基金,AA1,TWD,14.9
200712,81587889,復華復華基金,AA1,TWD,8.26
200712,81588536,台灣工銀大眾基金,AA1,TWD,23.07
200712,81591434,群益長安基金,AA1,TWD,17.44
200712,81594690,大華大華基金,AA1,TWD,20.73
200712,81595924,保誠中小型股基金,AA1,TWD,17.38
200712,83863002,傳山永豐基金,AA1,TWD,12.42
200712,83863951,元大經貿基金,AA1,TWD,26.25
200712,83864683,富邦科技基金,AA1,TWD,23.12
200712,83866508,保德信中小型股基金,AA1,TWD,34.14
200712,92000533,新光台灣永發基金,AA1,TWD,15.25
200712,92001765,元大多多基金,AA1,TWD,20.91
200712,92002244,統一黑馬基金,AA1,TWD,28.32
200712,92002384,富邦精準基金,AA1,TWD,52.23
200712,92003102,保誠高科技基金,AA1,TWD,48.64
200712,92003790,國際精選二十基金,AA1,TWD,10.67
200712,92004566,寶來績效基金,AA1,TWD,32.34
200712,92010477,富邦長紅基金,AA1,TWD,46.05
200712,92010770,富邦台灣鳳凰基金,AA1,TWD,689.64
200712,92012025,摩根富林明JF新興科技基金,AA1,TWD,38.99
200712,92012572,保誠外銷基金,AA1,TWD,35.75
200712,92012762,統一龍馬基金,AA1,TWD,39.25
200712,92013967,保德信金滿意基金,AA1,TWD,33.66
200712,92016839,華南永昌前瞻科技基金,AA1,TWD,15.05
200712,92017794,匯豐龍騰電子基金,AA1,TWD,28.22
200712,92019786,景順潛力基金,AA1,TWD,21.8
200712,92026219,元大卓越基金,AA1,TWD,46.33
200712,92028997,群益中小型股基金,AA1,TWD,30.32
200712,94991068,日盛新台商基金,AA1,TWD,26.54
200712,97972846,德信大發基金,AA1,TWD,18.1
200712,97974078,富邦冠軍基金,AA1,TWD,26.17
200712,97977878,統一店頭市場基金,AA1,TWD,15.13
200712,97978102,保誠掌櫃基金,AA1,TWD,15.17
200712,97980043,建弘福王基金,AA1,TWD,21.91
200712,97982984,金鼎概念型基金,AA1,TWD,23.54
200712,97984293,群益馬拉松基金,AA1,TWD,78.57
200712,97988636,保德信店頭市場基金,AA1,TWD,28.77
200712,97990696,保誠菁華基金,AA1,TWD,21.5
200712,97995664,匯豐中小基金,AA1,TWD,8.3
200712,97997635,金鼎大利基金,AA1,TWD,29.19
200712,99352821,台灣工銀精選25基金,AA1,TWD,11.91
200712,99354335,摩根富林明JF台灣微型基金,AA1,TWD,18.21
200712,99973878,安泰ING台灣高股息基金,AA1,TWD,16.45
200803,00965469,國際第一基金,AA1,TWD,10.39
200803,00968493,安泰ING鴻運基金,AA1,TWD,9.81
200803,00968521,建弘福元基金,AA1,TWD,10.95
200803,00971096,建弘雙福基金,AA1,TWD,8.35
200803,00973762,華南永昌永昌基金,AA1,TWD,10.7
200803,00974018,富邦富邦基金,AA1,TWD,10.3
200803,00974039,摩根富林明JF台灣基金,AA1,TWD,9.78
200803,00974066,寶來2001基金,AA1,TWD,36.25
200803,00974241,新光台灣富貴基金,AA1,TWD,23.91
200803,00988316,安泰ING台灣運籌基金,AA1,TWD,18.44
200803,00989005,匯豐匯豐基金,AA1,TWD,147.5
200803,01031298,匯豐龍鳳基金,AA1,TWD,34.9
200803,01031564,安泰ING積極成長基金,AA1,TWD,5.62
200803,01031699,統一全天候基金,AA1,TWD,40.1
200803,01031874,國泰小龍基金,AA1,TWD,8.88
200803,01032058,元大多福基金,AA1,TWD,36.99
200803,01032162,摩根富林明JF台灣增長基金,AA1,TWD,35.22
200803,01032183,保德信高成長基金,AA1,TWD,64.75
200803,01032803,建弘萬得福基金,AA1,TWD,18.91
200803,01047806,匯豐台灣基金,AA1,TWD,406.67
200803,01050013,匯豐成長基金,AA1,TWD,23.59
200803,01050148,國際國民基金,AA1,TWD,26.13
200803,13528977,保德信台商全方位基金,AA1,TWD,24.58
200803,13539952,凱基開創基金,AA1,TWD,19.53
200803,13984165,富達台灣成長基金,AA1,TWD,22.97
200803,13986924,新光大三通基金,AA1,TWD,21.7
200803,13998344,大華中小基金,AA1,TWD,42.97
200803,14293674,玉山登峰基金,AA1,TWD,7.32
200803,14541724,凱基創星基金,AA1,TWD,17.71
200803,14542287,寶來精準中小基金,AA1,TWD,20.97
200803,14545897,遠東大聯科技基金,AA1,TWD,13.11
200803,14548769,富鼎寶馬基金,AA1,TWD,12.91
200803,14693572,聯邦台灣創新基金,AA1,TWD,10.97
200803,14694495,華頓台灣基金,AA1,TWD,21.64
200803,14705562,國泰科技生化基金,AA1,TWD,22.11
200803,15588302,景順台灣精選成長基金,AA1,TWD,20.43
200803,15733973,第一富蘭克林第一富基金,AA1,TWD,21.6
200803,15739619,建弘大中華基金,AA1,TWD,21.57
200803,17139204,元大新主流基金,AA1,TWD,17.3
200803,17140568,景順主流基金,AA1,TWD,12.08
200803,17141187,富鼎半導體科技基金,AA1,TWD,11.42
200803,17141335,金鼎科技金融基金,AA1,TWD,14.01
200803,17144889,金復華雙響炮基金,AA1,TWD,11.5
200803,17144945,摩根富林明JF價值成長基金,AA1,TWD,14.66
200803,17145070,寶來矽谷基金,AA1,TWD,11.82
200803,17146752,安泰ING成長基金,AA1,TWD,12.95
200803,17147078,日盛精選五虎基金,AA1,TWD,17.84
200803,17147915,犇華磐石基金,AA1,TWD,15.72
200803,17148301,富邦台灣心基金,AA1,TWD,11.19
200803,17152509,大華高科技基金,AA1,TWD,14.26
200803,17153795,富邦價值基金,AA1,TWD,14.71
200803,17154324,建弘價值基金,AA1,TWD,14.29
200803,17597236,聯邦精選科技基金,AA1,TWD,6.16
200803,17597600,台壽保阿波羅基金,AA1,TWD,9.38
200803,17600534,安泰ING高科技基金,AA1,TWD,5.55
200803,17601891,富鼎大三元基金,AA1,TWD,6.74
200803,17602625,保德信新世紀基金,AA1,TWD,7.59
200803,17602821,台灣工銀2000高科技基金,AA1,TWD,14.44
200803,17603899,保誠電通網基金,AA1,TWD,10.37
200803,17604124,德盛台灣大壩基金,AA1,TWD,8.49
200803,17605622,統一大滿貫基金,AA1,TWD,14.38
200803,17606299,國際金龍基金,AA1,TWD,6.83
200803,17607591,日盛高科技基金,AA1,TWD,8.47
200803,17607889,友邦網路商務基金,AA1,TWD,6.29
200803,17608445,富邦網路基金,AA1,TWD,8.68
200803,17608487,復華數位經濟基金,AA1,TWD,17.21
200803,17610006,華南永昌新銳星基金,AA1,TWD,6.47
200803,17612497,國泰國泰基金,AA1,TWD,12.79
200803,18031960,傳山高科技基金,AA1,TWD,9.79
200803,18033138,德信數位時代基金,AA1,TWD,12.36
200803,18036281,元大巴菲特基金,AA1,TWD,18.59
200803,18037937,安泰INGｅ科技基金,AA1,TWD,10.91
200803,18040665,犇華高科技基金,AA1,TWD,22.98
200803,18043059,國泰中小成長基金,AA1,TWD,26.79
200803,18480065,德盛科技大壩基金,AA1,TWD,13.76
200803,18488279,復華中小精選基金,AA1,TWD,28.15
200803,18488469,安泰ING中小基金,AA1,TWD,20.6
200803,18496290,聯邦中國龍基金,AA1,TWD,12.3
200803,18499732,遠東大聯台灣旗艦基金,AA1,TWD,17.56
200803,19291128,國泰大中華基金,AA1,TWD,18.58
200803,19330712,犇華寶利基金,AA1,TWD,11.84
200803,19330754,安泰ING優質基金,AA1,TWD,19.06
200803,19339782,群益創新科技基金,AA1,TWD,19.37
200803,19341318,建弘電子基金,AA1,TWD,17.32
200803,20080023,元大店頭基金,AA1,TWD,7.99
200803,20081352,群益店頭市場基金,AA1,TWD,35.31
200803,20084317,日盛日盛基金,AA1,TWD,9.37
200803,20089755,富邦精銳中小基金,AA1,TWD,6.79
200803,20092528,建弘店頭市場基金,AA1,TWD,7.64
200803,20094672,金鼎寶櫃基金,AA1,TWD,10.06
200803,20094820,友邦巨人基金,AA1,TWD,8.64
200803,20097447,保德信第一基金,AA1,TWD,18.25
200803,21759676,復華全方位基金,AA1,TWD,11.65
200803,29222213,台新台新基金,AA1,TWD,9.75
200803,48675778,群益奧斯卡基金,AA1,TWD,13.37
200803,48693065,台新科技基金,AA1,TWD,9.84
200803,48731589,華頓典範科技基金,AA1,TWD,11.73
200803,48749899,群益葛萊美基金,AA1,TWD,10.92
200803,48801228,台灣工銀新台灣基金,AA1,TWD,13.51
200803,48809501,富鼎台灣優勢基金,AA1,TWD,11.69
200803,48858663,台新主流基金,AA1,TWD,9.56
200803,48893417,富鼎台灣活力基金,AA1,TWD,7.87
200803,48929007,華南永昌愛台灣基金,AA1,TWD,9.55
200803,48929409,建弘台灣成長基金,AA1,TWD,8.11
200803,48934304,統一台灣動力基金,AA1,TWD,8.55
200803,48944204,凱基台灣電利基金,AA1,TWD,8.54
200803,48945169,華頓台灣金磚基金,AA1,TWD,9.03
200803,48948047,犇華台灣動力成長基金,AA1,TWD,10.09
200803,48948481,日盛首選基金,AA1,TWD,8.29
200803,48948623,國泰台灣計量基金,AA1,TWD,8.71
200803,48948834,玉山樂活中小基金,AA1,TWD,9.34
200803,48959579,友邦台灣靈活配置股票基金,AA1,TWD,10.17
200803,48961688,新光多重計量基金,AA1,TWD,10.06
200803,73982057,金復華金復華基金,AA1,TWD,11.84
200803,73987671,匯豐台灣精典基金,AA1,TWD,15.01
200803,73988171,德信全方位基金,AA1,TWD,11.33
200803,73988876,日盛小而美基金,AA1,TWD,11.56
200803,73989002,建弘小型精選基金,AA1,TWD,25.5
200803,73989256,景順台灣科技基金,AA1,TWD,20.34
200803,73989501,摩根富林明JF中小基金,AA1,TWD,22.61
200803,73990253,統一奔騰基金,AA1,TWD,28.92
200803,73990649,保德信科技島基金,AA1,TWD,17.31
200803,73991154,台灣工銀科技基金,AA1,TWD,9.97
200803,73991751,國際電子基金,AA1,TWD,22.25
200803,73992013,大華領航科技基金,AA1,TWD,17.57
200803,73998071,新光店頭基金,AA1,TWD,26.06
200803,73998086,復華高成長基金,AA1,TWD,25.56
200803,73999260,金鼎行動基金,AA1,TWD,14.88
200803,76941376,匯豐成功基金,AA1,TWD,23.14
200803,77537493,統一統信基金,AA1,TWD,24.45
200803,77537509,元大多元基金,AA1,TWD,11.01
200803,80892778,華頓中小型基金,AA1,TWD,34.2
200803,80894446,台灣工銀中國通基金,AA1,TWD,18.0
200803,81580149,新光國家建設基金,AA1,TWD,24.95
200803,81581724,統一經建基金,AA1,TWD,20.2
200803,81584335,元大高科技基金,AA1,TWD,15.45
200803,81584975,日盛上選基金,AA1,TWD,33.61
200803,81584996,國際中小基金,AA1,TWD,13.83
200803,81585242,新光創新科技基金,AA1,TWD,11.58
200803,81585475,富邦高成長基金,AA1,TWD,13.6
200803,81587889,復華復華基金,AA1,TWD,7.72
200803,81588536,台灣工銀大眾基金,AA1,TWD,19.58
200803,81591434,群益長安基金,AA1,TWD,16.51
200803,81594690,大華大華基金,AA1,TWD,23.25
200803,81595924,保誠中小型股基金,AA1,TWD,14.96
200803,83863002,傳山永豐基金,AA1,TWD,10.97
200803,83863951,元大經貿基金,AA1,TWD,25.45
200803,83864683,富邦科技基金,AA1,TWD,21.44
200803,83866508,保德信中小型股基金,AA1,TWD,30.01
200803,92000533,新光台灣永發基金,AA1,TWD,16.55
200803,92001765,元大多多基金,AA1,TWD,18.4
200803,92002244,統一黑馬基金,AA1,TWD,26.22
200803,92002384,富邦精準基金,AA1,TWD,47.47
200803,92003102,保誠高科技基金,AA1,TWD,41.89
200803,92003790,國際精選二十基金,AA1,TWD,9.3
200803,92004566,寶來績效基金,AA1,TWD,29.78
200803,92010477,富邦長紅基金,AA1,TWD,42.78
200803,92010770,富邦台灣鳳凰基金,AA1,TWD,636.55
200803,92012025,摩根富林明JF新興科技基金,AA1,TWD,34.86
200803,92012572,保誠外銷基金,AA1,TWD,33.36
200803,92012762,統一龍馬基金,AA1,TWD,34.73
200803,92013967,保德信金滿意基金,AA1,TWD,30.49
200803,92016839,華南永昌前瞻科技基金,AA1,TWD,13.12
200803,92017794,匯豐龍騰電子基金,AA1,TWD,25.2
200803,92019786,景順潛力基金,AA1,TWD,24.35
200803,92026219,元大卓越基金,AA1,TWD,40.73
200803,92028997,群益中小型股基金,AA1,TWD,26.68
200803,94991068,日盛新台商基金,AA1,TWD,24.48
200803,97972846,德信大發基金,AA1,TWD,17.01
200803,97974078,富邦冠軍基金,AA1,TWD,24.21
200803,97977878,統一店頭市場基金,AA1,TWD,13.43
200803,97978102,保誠掌櫃基金,AA1,TWD,13.08
200803,97980043,建弘福王基金,AA1,TWD,19.07
200803,97982984,金鼎概念型基金,AA1,TWD,21.11
200803,97984293,群益馬拉松基金,AA1,TWD,70.73
200803,97988636,保德信店頭市場基金,AA1,TWD,25.44
200803,97990696,保誠菁華基金,AA1,TWD,19.77
200803,97995664,匯豐中小基金,AA1,TWD,7.59
200803,97997635,金鼎大利基金,AA1,TWD,26.28
200803,99352821,台灣工銀精選25基金,AA1,TWD,10.9
200803,99354335,摩根富林明JF台灣微型基金,AA1,TWD,18.04
200803,99973878,安泰ING台灣高股息基金,AA1,TWD,16.46
200806,00965469,國際第一基金,AA1,TWD,9.43
200806,00968493,安泰ING鴻運基金,AA1,TWD,8.65
200806,00968521,建弘福元基金,AA1,TWD,9.05
200806,00971096,建弘雙福基金,AA1,TWD,7.07
200806,00973762,華南永昌永昌基金,AA1,TWD,9.38
200806,00974018,富邦富邦基金,AA1,TWD,8.13
200806,00974039,摩根富林明JF台灣基金,AA1,TWD,8.15
200806,00974066,寶來2001基金,AA1,TWD,33.21
200806,00974241,新光台灣富貴基金,AA1,TWD,19.78
200806,00988316,安泰ING台灣運籌基金,AA1,TWD,16.07
200806,00989005,匯豐匯豐基金,AA1,TWD,127.1
200806,01031298,匯豐龍鳳基金,AA1,TWD,30.03
200806,01031564,安泰ING積極成長基金,AA1,TWD,5.0
200806,01031699,統一全天候基金,AA1,TWD,33.34
200806,01031874,國泰小龍基金,AA1,TWD,8.24
200806,01032058,元大多福基金,AA1,TWD,32.07
200806,01032162,摩根富林明JF台灣增長基金,AA1,TWD,29.44
200806,01032183,保德信高成長基金,AA1,TWD,58.34
200806,01032803,建弘萬得福基金,AA1,TWD,15.65
200806,01047806,匯豐台灣基金,AA1,TWD,352.87
200806,01050013,匯豐成長基金,AA1,TWD,19.88
200806,01050148,國際國民基金,AA1,TWD,23.75
200806,10300195,建弘金鑽基金,AA1,TWD,8.44
200806,10300929,華南永昌台灣精選基金,AA1,TWD,8.62
200806,13528977,保德信台商全方位基金,AA1,TWD,22.1
200806,13539952,凱基開創基金,AA1,TWD,16.71
200806,13984165,富達台灣成長基金,AA1,TWD,20.34
200806,13986924,新光大三通基金,AA1,TWD,17.85
200806,13998344,永豐中小基金,AA1,TWD,39.03
200806,14293674,玉山登峰基金,AA1,TWD,5.99
200806,14541724,凱基創星基金,AA1,TWD,15.05
200806,14542287,寶來精準中小基金,AA1,TWD,18.31
200806,14545897,德銀遠東DWS科技基金,AA1,TWD,11.78
200806,14548769,富鼎寶馬基金,AA1,TWD,11.11
200806,14693572,聯邦台灣創新基金,AA1,TWD,9.56
200806,14694495,華頓台灣基金,AA1,TWD,19.22
200806,14705562,國泰科技生化基金,AA1,TWD,20.25
200806,15588302,景順台灣精選成長基金,AA1,TWD,17.02
200806,15733973,第一富蘭克林第一富基金,AA1,TWD,18.74
200806,15739619,建弘大中華基金,AA1,TWD,18.03
200806,17139204,元大新主流基金,AA1,TWD,15.12
200806,17140568,景順主流基金,AA1,TWD,10.15
200806,17141187,富鼎半導體科技基金,AA1,TWD,9.83
200806,17141335,金鼎科技金融基金,AA1,TWD,12.03
200806,17144889,金復華雙響炮基金,AA1,TWD,10.16
200806,17144945,摩根富林明JF價值成長基金,AA1,TWD,12.58
200806,17145070,寶來矽谷基金,AA1,TWD,10.68
200806,17146752,安泰ING成長基金,AA1,TWD,11.55
200806,17147078,日盛精選五虎基金,AA1,TWD,15.64
200806,17147915,犇華磐石基金,AA1,TWD,12.36
200806,17148301,富邦台灣心基金,AA1,TWD,9.45
200806,17152509,永豐高科技基金,AA1,TWD,12.9
200806,17153795,富邦價值基金,AA1,TWD,13.01
200806,17154324,建弘價值基金,AA1,TWD,11.5
200806,17597236,聯邦精選科技基金,AA1,TWD,5.4
200806,17597600,台壽保阿波羅基金,AA1,TWD,8.32
200806,17600534,安泰ING高科技基金,AA1,TWD,4.9
200806,17601891,富鼎大三元基金,AA1,TWD,5.66
200806,17602625,保德信新世紀基金,AA1,TWD,6.56
200806,17602821,台灣工銀2000高科技基金,AA1,TWD,12.98
200806,17603899,保誠電通網基金,AA1,TWD,9.48
200806,17604124,德盛台灣大壩基金,AA1,TWD,7.76
200806,17605622,統一大滿貫基金,AA1,TWD,12.62
200806,17606299,國際金龍基金,AA1,TWD,5.94
200806,17607591,日盛高科技基金,AA1,TWD,7.73
200806,17607889,友邦網路商務基金,AA1,TWD,5.58
200806,17608445,富邦網路基金,AA1,TWD,7.73
200806,17608487,復華數位經濟基金,AA1,TWD,14.99
200806,17610006,華南永昌新銳星基金,AA1,TWD,5.19
200806,17612497,國泰國泰基金,AA1,TWD,11.95
200806,18031960,傳山高科技基金,AA1,TWD,9.19
200806,18033138,德信數位時代基金,AA1,TWD,10.7
200806,18036281,元大巴菲特基金,AA1,TWD,15.81
200806,18037937,安泰INGｅ科技基金,AA1,TWD,9.82
200806,18040665,犇華高科技基金,AA1,TWD,18.37
200806,18043059,國泰中小成長基金,AA1,TWD,24.71
200806,18480065,德盛科技大壩基金,AA1,TWD,12.98
200806,18488279,復華中小精選基金,AA1,TWD,25.52
200806,18488469,安泰ING中小基金,AA1,TWD,18.24
200806,18496290,聯邦中國龍基金,AA1,TWD,10.82
200806,18499732,德銀遠東DWS台灣旗艦基金,AA1,TWD,14.75
200806,19291128,國泰大中華基金,AA1,TWD,17.07
200806,19330712,犇華寶利基金,AA1,TWD,9.43
200806,19330754,安泰ING優質基金,AA1,TWD,16.99
200806,19339782,群益創新科技基金,AA1,TWD,17.31
200806,19341318,建弘電子基金,AA1,TWD,15.33
200806,20080023,元大店頭基金,AA1,TWD,6.73
200806,20081352,群益店頭市場基金,AA1,TWD,30.97
200806,20084317,日盛日盛基金,AA1,TWD,8.98
200806,20089755,富邦精銳中小基金,AA1,TWD,5.9
200806,20092528,建弘店頭市場基金,AA1,TWD,6.44
200806,20094672,金鼎寶櫃基金,AA1,TWD,8.69
200806,20094820,友邦巨人基金,AA1,TWD,7.53
200806,20097447,保德信第一基金,AA1,TWD,16.57
200806,21759676,復華全方位基金,AA1,TWD,10.73
200806,29222213,台新台新基金,AA1,TWD,7.74
200806,48675778,群益奧斯卡基金,AA1,TWD,12.19
200806,48693065,台新科技基金,AA1,TWD,8.34
200806,48731589,華頓典範科技基金,AA1,TWD,10.46
200806,48749899,群益葛萊美基金,AA1,TWD,9.79
200806,48801228,台灣工銀新台灣基金,AA1,TWD,11.44
200806,48809501,富鼎台灣優勢基金,AA1,TWD,9.83
200806,48858663,台新主流基金,AA1,TWD,8.24
200806,48893417,富鼎台灣活力基金,AA1,TWD,6.61
200806,48929007,華南永昌愛台灣基金,AA1,TWD,8.17
200806,48929409,建弘台灣成長基金,AA1,TWD,6.84
200806,48934304,統一台灣動力基金,AA1,TWD,7.13
200806,48944204,凱基台灣電利基金,AA1,TWD,6.99
200806,48945169,華頓台灣金磚基金,AA1,TWD,7.57
200806,48948047,犇華台灣動力成長基金,AA1,TWD,7.8
200806,48948481,日盛首選基金,AA1,TWD,7.7
200806,48948623,國泰台灣計量基金,AA1,TWD,8.42
200806,48948834,玉山樂活中小基金,AA1,TWD,7.83
200806,48959579,友邦台灣靈活配置股票基金,AA1,TWD,8.79
200806,48961688,新光多重計量基金,AA1,TWD,9.48
200806,48997911,德盛安聯台灣智慧趨勢基金,AA1,TWD,8.79
200806,73982057,金復華金復華基金,AA1,TWD,10.52
200806,73987671,匯豐台灣精典基金,AA1,TWD,13.98
200806,73988171,德信全方位基金,AA1,TWD,10.25
200806,73988876,日盛小而美基金,AA1,TWD,10.19
200806,73989002,建弘小型精選基金,AA1,TWD,22.12
200806,73989256,景順台灣科技基金,AA1,TWD,16.93
200806,73989501,摩根富林明JF中小基金,AA1,TWD,19.07
200806,73990253,統一奔騰基金,AA1,TWD,24.58
200806,73990649,保德信科技島基金,AA1,TWD,15.75
200806,73991154,台灣工銀科技基金,AA1,TWD,8.13
200806,73991751,國際電子基金,AA1,TWD,19.25
200806,73992013,永豐領航科技基金,AA1,TWD,15.81
200806,73998071,新光店頭基金,AA1,TWD,20.73
200806,73998086,復華高成長基金,AA1,TWD,22.06
200806,73999260,金鼎行動基金,AA1,TWD,12.97
200806,76941376,匯豐成功基金,AA1,TWD,20.0
200806,77537493,統一統信基金,AA1,TWD,20.94
200806,77537509,元大多元基金,AA1,TWD,9.6
200806,80892778,華頓中小型基金,AA1,TWD,27.01
200806,80894446,台灣工銀中國通基金,AA1,TWD,15.62
200806,81580149,新光國家建設基金,AA1,TWD,19.76
200806,81581724,統一經建基金,AA1,TWD,17.61
200806,81584335,元大高科技基金,AA1,TWD,13.35
200806,81584975,日盛上選基金,AA1,TWD,30.55
200806,81584996,國際中小基金,AA1,TWD,12.64
200806,81585242,新光創新科技基金,AA1,TWD,9.59
200806,81585475,富邦高成長基金,AA1,TWD,11.68
200806,81587889,復華復華基金,AA1,TWD,6.91
200806,81588536,台灣工銀大眾基金,AA1,TWD,17.47
200806,81591434,群益長安基金,AA1,TWD,14.07
200806,81594690,永豐永豐基金,AA1,TWD,21.83
200806,81595924,保誠中小型股基金,AA1,TWD,13.63
200806,83863002,傳山永豐基金,AA1,TWD,8.85
200806,83863951,元大經貿基金,AA1,TWD,21.67
200806,83864683,富邦科技基金,AA1,TWD,18.98
200806,83866508,保德信中小型股基金,AA1,TWD,27.73
200806,92000533,新光台灣永發基金,AA1,TWD,13.54
200806,92001765,元大多多基金,AA1,TWD,15.39
200806,92002244,統一黑馬基金,AA1,TWD,22.41
200806,92002384,富邦精準基金,AA1,TWD,40.24
200806,92003102,保誠高科技基金,AA1,TWD,37.8
200806,92003790,國際精選二十基金,AA1,TWD,8.38
200806,92004566,寶來績效基金,AA1,TWD,26.32
200806,92010477,富邦長紅基金,AA1,TWD,37.89
200806,92010770,富邦台灣鳳凰基金,AA1,TWD,554.07
200806,92012025,摩根富林明JF新興科技基金,AA1,TWD,29.68
200806,92012572,保誠外銷基金,AA1,TWD,29.22
200806,92012762,統一龍馬基金,AA1,TWD,29.1
200806,92013967,保德信金滿意基金,AA1,TWD,26.75
200806,92016839,華南永昌前瞻科技基金,AA1,TWD,11.39
200806,92017794,匯豐龍騰電子基金,AA1,TWD,23.19
200806,92019786,景順潛力基金,AA1,TWD,20.22
200806,92026219,元大卓越基金,AA1,TWD,34.43
200806,92028997,群益中小型股基金,AA1,TWD,23.57
200806,94991068,日盛新台商基金,AA1,TWD,21.78
200806,97972846,德信大發基金,AA1,TWD,15.72
200806,97974078,富邦冠軍基金,AA1,TWD,21.1
200806,97977878,統一店頭市場基金,AA1,TWD,11.45
200806,97978102,保誠掌櫃基金,AA1,TWD,11.44
200806,97980043,建弘福王基金,AA1,TWD,15.98
200806,97982984,金鼎概念型基金,AA1,TWD,18.11
200806,97984293,群益馬拉松基金,AA1,TWD,62.24
200806,97988636,保德信店頭市場基金,AA1,TWD,22.75
200806,97990696,保誠菁華基金,AA1,TWD,17.52
200806,97995664,匯豐中小基金,AA1,TWD,6.96
200806,97997635,金鼎大利基金,AA1,TWD,23.35
200806,99352821,台灣工銀精選25基金,AA1,TWD,9.69
200806,99354335,摩根富林明JF台灣微型基金,AA1,TWD,16.61
200806,99973878,安泰ING台灣高股息基金,AA1,TWD,14.53
200809,00965469,國際第一基金,AA1,TWD,8.27
200809,00968493,安泰ING鴻運基金,AA1,TWD,6.92
200809,00968521,建弘福元基金,AA1,TWD,7.09
200809,00971096,建弘雙福基金,AA1,TWD,5.57
200809,00973762,華南永昌永昌基金,AA1,TWD,7.47
200809,00974018,富邦富邦基金,AA1,TWD,6.87
200809,00974039,摩根富林明JF台灣基金,AA1,TWD,6.85
200809,00974066,寶來2001基金,AA1,TWD,31.11
200809,00974241,新光台灣富貴基金,AA1,TWD,15.82
200809,00988316,安泰ING台灣運籌基金,AA1,TWD,12.23
200809,00989005,匯豐匯豐基金,AA1,TWD,105.7
200809,01031298,匯豐龍鳳基金,AA1,TWD,24.85
200809,01031564,安泰ING積極成長基金,AA1,TWD,3.95
200809,01031699,統一全天候基金,AA1,TWD,27.43
200809,01031874,國泰小龍基金,AA1,TWD,7.09
200809,01032058,元大多福基金,AA1,TWD,25.74
200809,01032162,摩根富林明JF台灣增長基金,AA1,TWD,24.66
200809,01032183,保德信高成長基金,AA1,TWD,46.77
200809,01032803,建弘萬得福基金,AA1,TWD,12.81
200809,01047806,匯豐台灣基金,AA1,TWD,279.71
200809,01050013,匯豐成長基金,AA1,TWD,16.42
200809,01050148,國際國民基金,AA1,TWD,19.68
200809,10300195,建弘金鑽基金,AA1,TWD,7.01
200809,10300929,華南永昌台灣精選基金,AA1,TWD,6.95
200809,10337833,康和比聯台灣紅不讓基金,AA1,TWD,9.4
200809,10341251,台壽保台灣新趨勢基金,AA1,TWD,9.39
200809,10341837,兆豐國際豐台灣基金,AA1,TWD,10.0
200809,10342250,德銀遠東DWS台灣精選主題,AA1,TWD,9.09
200809,13528977,保德信台商全方位基金,AA1,TWD,18.15
200809,13539952,凱基開創基金,AA1,TWD,13.2
200809,13984165,富達台灣成長基金,AA1,TWD,16.28
200809,13986924,新光大三通基金,AA1,TWD,14.49
200809,13998344,永豐中小基金,AA1,TWD,29.51
200809,14293674,玉山登峰基金,AA1,TWD,4.86
200809,14541724,凱基創星基金,AA1,TWD,11.42
200809,14542287,寶來精準中小基金,AA1,TWD,15.06
200809,14545897,德銀遠東DWS科技基金,AA1,TWD,10.42
200809,14548769,富鼎寶馬基金,AA1,TWD,8.21
200809,14693572,聯邦台灣創新基金,AA1,TWD,8.41
200809,14694495,華頓台灣基金,AA1,TWD,15.17
200809,14705562,國泰科技生化基金,AA1,TWD,17.05
200809,15588302,景順台灣精選成長基金,AA1,TWD,13.42
200809,15733973,第一富蘭克林第一富基金,AA1,TWD,15.17
200809,15739619,建弘大中華基金,AA1,TWD,13.57
200809,17139204,元大新主流基金,AA1,TWD,12.58
200809,17140568,景順主流基金,AA1,TWD,7.8
200809,17141187,富鼎半導體科技基金,AA1,TWD,7.77
200809,17144889,金復華雙響炮基金,AA1,TWD,8.79
200809,17144945,摩根富林明JF價值成長基金,AA1,TWD,9.88
200809,17145070,寶來矽谷基金,AA1,TWD,9.14
200809,17146752,安泰ING成長基金,AA1,TWD,9.19
200809,17147078,日盛精選五虎基金,AA1,TWD,12.89
200809,17147915,犇華磐石基金,AA1,TWD,9.35
200809,17148301,富邦台灣心基金,AA1,TWD,7.43
200809,17152509,永豐高科技基金,AA1,TWD,10.69
200809,17153795,富邦價值基金,AA1,TWD,10.1
200809,17154324,建弘價值基金,AA1,TWD,8.13
200809,17597236,聯邦精選科技基金,AA1,TWD,4.8
200809,17597600,台壽保阿波羅基金,AA1,TWD,6.58
200809,17600534,安泰ING高科技基金,AA1,TWD,4.16
200809,17601891,富鼎大三元基金,AA1,TWD,4.29
200809,17602625,保德信新世紀基金,AA1,TWD,5.18
200809,17602821,台灣工銀2000高科技基金,AA1,TWD,11.06
200809,17603899,保誠電通網基金,AA1,TWD,8.13
200809,17604124,德盛台灣大壩基金,AA1,TWD,6.26
200809,17605622,統一大滿貫基金,AA1,TWD,10.54
200809,17606299,國際金龍基金,AA1,TWD,5.0
200809,17607591,日盛高科技基金,AA1,TWD,6.54
200809,17607889,友邦網路商務基金,AA1,TWD,4.74
200809,17608445,富邦網路基金,AA1,TWD,6.59
200809,17608487,復華數位經濟基金,AA1,TWD,12.53
200809,17610006,華南永昌新銳星基金,AA1,TWD,4.27
200809,17612497,國泰國泰基金,AA1,TWD,9.87
200809,18031960,傳山高科技基金,AA1,TWD,7.92
200809,18033138,德信數位時代基金,AA1,TWD,9.0
200809,18036281,元大巴菲特基金,AA1,TWD,12.66
200809,18037937,安泰INGｅ科技基金,AA1,TWD,8.42
200809,18040665,犇華高科技基金,AA1,TWD,15.22
200809,18043059,國泰中小成長基金,AA1,TWD,20.8
200809,18480065,德盛科技大壩基金,AA1,TWD,10.83
200809,18488279,復華中小精選基金,AA1,TWD,22.58
200809,18488469,安泰ING中小基金,AA1,TWD,14.63
200809,18496290,聯邦中國龍基金,AA1,TWD,9.31
200809,18499732,德銀遠東DWS台灣旗艦基金,AA1,TWD,11.72
200809,19291128,國泰大中華基金,AA1,TWD,14.12
200809,19330712,犇華寶利基金,AA1,TWD,7.83
200809,19330754,安泰ING優質基金,AA1,TWD,13.45
200809,19339782,群益創新科技基金,AA1,TWD,14.57
200809,19341318,建弘電子基金,AA1,TWD,12.91
200809,20080023,元大店頭基金,AA1,TWD,5.27
200809,20081352,群益店頭市場基金,AA1,TWD,25.89
200809,20084317,日盛日盛基金,AA1,TWD,7.18
200809,20089755,富邦精銳中小基金,AA1,TWD,4.74
200809,20092528,建弘店頭市場基金,AA1,TWD,5.03
200809,20094672,金鼎寶櫃基金,AA1,TWD,7.1
200809,20094820,友邦巨人基金,AA1,TWD,5.98
200809,20097447,保德信第一基金,AA1,TWD,14.04
200809,21759676,復華全方位基金,AA1,TWD,10.22
200809,29222213,台新台新基金,AA1,TWD,6.43
200809,48675778,群益奧斯卡基金,AA1,TWD,9.79
200809,48693065,台新科技基金,AA1,TWD,6.34
200809,48731589,華頓典範科技基金,AA1,TWD,8.78
200809,48749899,群益葛萊美基金,AA1,TWD,7.82
200809,48801228,台灣工銀新台灣基金,AA1,TWD,9.53
200809,48809501,富鼎台灣優勢基金,AA1,TWD,7.5
200809,48858663,台新主流基金,AA1,TWD,6.61
200809,48893417,富鼎台灣活力基金,AA1,TWD,4.99
200809,48929007,華南永昌愛台灣基金,AA1,TWD,6.39
200809,48929409,建弘台灣成長基金,AA1,TWD,5.49
200809,48934304,統一台灣動力基金,AA1,TWD,5.94
200809,48944204,凱基台灣電利基金,AA1,TWD,5.66
200809,48945169,華頓台灣金磚基金,AA1,TWD,5.88
200809,48948047,犇華台灣動力成長基金,AA1,TWD,6.24
200809,48948481,日盛首選基金,AA1,TWD,6.29
200809,48948623,國泰台灣計量基金,AA1,TWD,7.51
200809,48948834,玉山樂活中小基金,AA1,TWD,6.45
200809,48959579,友邦台灣靈活配置股票基金,AA1,TWD,6.88
200809,48961688,新光多重計量基金,AA1,TWD,9.01
200809,48997911,德盛安聯台灣智慧趨勢基金,AA1,TWD,7.13
200809,73982057,金復華金復華基金,AA1,TWD,8.92
200809,73987671,匯豐台灣精典基金,AA1,TWD,11.72
200809,73988171,德信全方位基金,AA1,TWD,7.98
200809,73988876,日盛小而美基金,AA1,TWD,8.04
200809,73989002,建弘小型精選基金,AA1,TWD,17.81
200809,73989256,景順台灣科技基金,AA1,TWD,13.59
200809,73989501,摩根富林明JF中小基金,AA1,TWD,15.11
200809,73990253,統一奔騰基金,AA1,TWD,20.5
200809,73990649,保德信科技島基金,AA1,TWD,12.65
200809,73991154,台灣工銀科技基金,AA1,TWD,6.69
200809,73991751,國際電子基金,AA1,TWD,16.0
200809,73992013,永豐領航科技基金,AA1,TWD,12.8
200809,73998071,新光店頭基金,AA1,TWD,14.86
200809,73998086,復華高成長基金,AA1,TWD,18.38
200809,73999260,金鼎行動基金,AA1,TWD,10.07
200809,76941376,匯豐成功基金,AA1,TWD,16.95
200809,77537493,統一統信基金,AA1,TWD,16.54
200809,77537509,元大多元基金,AA1,TWD,7.86
200809,80892778,華頓中小型基金,AA1,TWD,21.17
200809,80894446,台灣工銀中國通基金,AA1,TWD,13.46
200809,81580149,新光國家建設基金,AA1,TWD,15.4
200809,81581724,統一經建基金,AA1,TWD,14.37
200809,81584335,元大高科技基金,AA1,TWD,11.04
200809,81584975,日盛上選基金,AA1,TWD,22.63
200809,81584996,國際中小基金,AA1,TWD,10.1
200809,81585242,新光創新科技基金,AA1,TWD,7.89
200809,81585475,富邦高成長基金,AA1,TWD,9.17
200809,81587889,復華復華基金,AA1,TWD,5.83
200809,81588536,台灣工銀大眾基金,AA1,TWD,14.2
200809,81591434,群益長安基金,AA1,TWD,11.58
200809,81594690,永豐永豐基金,AA1,TWD,16.73
200809,81595924,保誠中小型股基金,AA1,TWD,11.36
200809,83863002,傳山永豐基金,AA1,TWD,7.27
200809,83863951,元大經貿基金,AA1,TWD,17.24
200809,83864683,富邦科技基金,AA1,TWD,16.04
200809,83866508,保德信中小型股基金,AA1,TWD,22.64
200809,92000533,新光台灣永發基金,AA1,TWD,10.04
200809,92001765,元大多多基金,AA1,TWD,12.79
200809,92002244,統一黑馬基金,AA1,TWD,18.67
200809,92002384,富邦精準基金,AA1,TWD,32.13
200809,92003102,保誠高科技基金,AA1,TWD,32.21
200809,92003790,國際精選二十基金,AA1,TWD,7.49
200809,92004566,寶來績效基金,AA1,TWD,22.32
200809,92010477,富邦長紅基金,AA1,TWD,30.09
200809,92010770,富邦台灣鳳凰基金,AA1,TWD,461.52
200809,92012025,摩根富林明JF新興科技基金,AA1,TWD,26.85
200809,92012572,保誠外銷基金,AA1,TWD,23.25
200809,92012762,統一龍馬基金,AA1,TWD,24.56
200809,92013967,保德信金滿意基金,AA1,TWD,21.84
200809,92016839,華南永昌前瞻科技基金,AA1,TWD,9.12
200809,92017794,匯豐龍騰電子基金,AA1,TWD,19.92
200809,92019786,景順潛力基金,AA1,TWD,14.58
200809,92026219,元大卓越基金,AA1,TWD,27.54
200809,92028997,群益中小型股基金,AA1,TWD,19.41
200809,94991068,日盛新台商基金,AA1,TWD,18.13
200809,97972846,德信大發基金,AA1,TWD,12.18
200809,97974078,富邦冠軍基金,AA1,TWD,17.79
200809,97977878,統一中小基金,AA1,TWD,9.13
200809,97978102,保誠掌櫃基金,AA1,TWD,9.43
200809,97980043,建弘福王基金,AA1,TWD,12.4
200809,97982984,金鼎概念型基金,AA1,TWD,14.7
200809,97984293,群益馬拉松基金,AA1,TWD,51.27
200809,97988636,保德信店頭市場基金,AA1,TWD,17.82
200809,97990696,保誠菁華基金,AA1,TWD,14.16
200809,97995664,匯豐中小基金,AA1,TWD,5.72
200809,97997635,金鼎大利基金,AA1,TWD,17.46
200809,99352821,台灣工銀精選25基金,AA1,TWD,8.01
200809,99354335,摩根富林明JF台灣微型基金,AA1,TWD,13.18
200809,99973878,安泰ING台灣高股息基金,AA1,TWD,11.62
200812,00965469,兆豐國際第一基金,AA1,TWD,7.06
200812,00968493,安泰ING鴻運基金,AA1,TWD,5.81
200812,00968521,建弘福元基金,AA1,TWD,5.87
200812,00971096,建弘雙福基金,AA1,TWD,4.33
200812,00973762,華南永昌永昌基金,AA1,TWD,6.05
200812,00974018,富邦富邦基金,AA1,TWD,5.3
200812,00974039,摩根富林明JF台灣基金,AA1,TWD,5.77
200812,00974066,寶來2001基金,AA1,TWD,24.26
200812,00974241,新光台灣富貴基金,AA1,TWD,12.06
200812,00988316,安泰ING台灣運籌基金,AA1,TWD,9.38
200812,00989005,匯豐匯豐基金,AA1,TWD,87.9
200812,01031298,匯豐龍鳳基金,AA1,TWD,20.74
200812,01031564,安泰ING積極成長基金,AA1,TWD,3.3
200812,01031699,統一全天候基金,AA1,TWD,22.13
200812,01031874,國泰小龍基金,AA1,TWD,5.39
200812,01032058,元大多福基金,AA1,TWD,24.67
200812,01032162,摩根富林明JF台灣增長基金,AA1,TWD,20.77
200812,01032183,保德信高成長基金,AA1,TWD,37.16
200812,01032803,建弘萬得福基金,AA1,TWD,10.69
200812,01047806,匯豐台灣基金,AA1,TWD,229.42
200812,01050013,匯豐成長基金,AA1,TWD,13.25
200812,01050148,兆豐國際國民基金,AA1,TWD,15.47
200812,10300195,建弘金鑽基金,AA1,TWD,5.71
200812,10300929,華南永昌台灣精選基金,AA1,TWD,5.51
200812,10337833,康和比聯台灣紅不讓基金,AA1,TWD,8.12
200812,10341251,台壽保台灣新趨勢基金,AA1,TWD,8.32
200812,10341837,兆豐國際豐台灣基金,AA1,TWD,10.28
200812,10342250,德銀遠東DWS台灣精選主題,AA1,TWD,7.72
200812,13528977,保德信台商全方位基金,AA1,TWD,14.37
200812,13539952,凱基開創基金,AA1,TWD,10.33
200812,13984165,富達台灣成長基金,AA1,TWD,12.82
200812,13986924,新光大三通基金,AA1,TWD,11.42
200812,13998344,永豐中小基金,AA1,TWD,23.55
200812,14542287,寶來精準中小基金,AA1,TWD,11.81
200812,14545897,德銀遠東DWS科技基金,AA1,TWD,7.98
200812,14693572,聯邦台灣創新基金,AA1,TWD,7.2
200812,14694495,華頓台灣基金,AA1,TWD,12.02
200812,14705562,國泰科技生化基金,AA1,TWD,13.58
200812,15588302,景順台灣精選成長基金,AA1,TWD,10.97
200812,15733973,第一富蘭克林第一富基金,AA1,TWD,11.6
200812,15739619,建弘大中華基金,AA1,TWD,11.25
200812,17139204,元大新主流基金,AA1,TWD,11.76
200812,17140568,景順主流基金,AA1,TWD,7.13
200812,17141187,富鼎半導體科技基金,AA1,TWD,6.16
200812,17144889,金復華雙響炮基金,AA1,TWD,7.16
200812,17144945,摩根富林明JF價值成長基金,AA1,TWD,8.21
200812,17145070,寶來矽谷基金,AA1,TWD,7.58
200812,17146752,安泰ING成長基金,AA1,TWD,7.66
200812,17147078,日盛精選五虎基金,AA1,TWD,10.88
200812,17148301,富邦台灣心基金,AA1,TWD,6.08
200812,17152509,永豐高科技基金,AA1,TWD,7.69
200812,17153795,富邦價值基金,AA1,TWD,7.77
200812,17597236,聯邦精選科技基金,AA1,TWD,4.05
200812,17597600,台壽保阿波羅基金,AA1,TWD,5.47
200812,17600534,安泰ING高科技基金,AA1,TWD,2.99
200812,17601891,富鼎大三元基金,AA1,TWD,3.19
200812,17602625,保德信新世紀基金,AA1,TWD,4.34
200812,17602821,台灣工銀2000高科技基金,AA1,TWD,9.26
200812,17603899,保誠電通網基金,AA1,TWD,6.18
200812,17604124,德盛台灣大壩基金,AA1,TWD,4.87
200812,17605622,統一大滿貫基金,AA1,TWD,8.15
200812,17607591,日盛高科技基金,AA1,TWD,5.36
200812,17608445,富邦網路基金,AA1,TWD,5.13
200812,17608487,復華數位經濟基金,AA1,TWD,10.97
200812,17612497,國泰國泰基金,AA1,TWD,7.83
200812,18031960,傳山高科技基金,AA1,TWD,6.78
200812,18033138,德信數位時代基金,AA1,TWD,7.21
200812,18036281,元大巴菲特基金,AA1,TWD,12.27
200812,18037937,安泰INGｅ科技基金,AA1,TWD,6.08
200812,18040665,犇華高科技基金,AA1,TWD,10.47
200812,18043059,國泰中小成長基金,AA1,TWD,16.05
200812,18480065,德盛科技大壩基金,AA1,TWD,8.79
200812,18488279,復華中小精選基金,AA1,TWD,20.05
200812,18488469,安泰ING中小基金,AA1,TWD,11.56
200812,18496290,聯邦中國龍基金,AA1,TWD,7.69
200812,18499732,德銀遠東DWS台灣旗艦基金,AA1,TWD,9.26
200812,19291128,國泰大中華基金,AA1,TWD,10.47
200812,19330712,犇華寶利基金,AA1,TWD,6.73
200812,19330754,安泰ING優質基金,AA1,TWD,10.51
200812,19339782,群益創新科技基金,AA1,TWD,10.87
200812,19341318,建弘電子基金,AA1,TWD,10.21
200812,20080023,元大店頭基金,AA1,TWD,4.61
200812,20081352,群益店頭市場基金,AA1,TWD,21.35
200812,20084317,日盛日盛基金,AA1,TWD,6.84
200812,20089755,富邦精銳中小基金,AA1,TWD,4.06
200812,20092528,建弘店頭市場基金,AA1,TWD,4.17
200812,20094672,金鼎寶櫃基金,AA1,TWD,5.51
200812,20094820,友邦巨人基金,AA1,TWD,4.7
200812,20097447,保德信第一基金,AA1,TWD,10.92
200812,21759676,復華全方位基金,AA1,TWD,9.12
200812,29222213,台新台新基金,AA1,TWD,4.94
200812,48675778,群益奧斯卡基金,AA1,TWD,8.06
200812,48693065,台新科技基金,AA1,TWD,3.9
200812,48731589,華頓典範科技基金,AA1,TWD,6.63
200812,48749899,群益葛萊美基金,AA1,TWD,5.89
200812,48801228,台灣工銀新台灣基金,AA1,TWD,10.07
200812,48809501,富鼎台灣優勢基金,AA1,TWD,5.71
200812,48858663,台新主流基金,AA1,TWD,4.6
200812,48893417,富鼎台灣活力基金,AA1,TWD,3.64
200812,48929007,華南永昌愛台灣基金,AA1,TWD,5.56
200812,48929409,建弘台灣成長基金,AA1,TWD,4.18
200812,48934304,統一台灣動力基金,AA1,TWD,4.48
200812,48944204,凱基台灣電利基金,AA1,TWD,4.2
200812,48945169,華頓台灣金磚基金,AA1,TWD,4.98
200812,48948481,日盛首選基金,AA1,TWD,5.02
200812,48948623,國泰台灣計量基金,AA1,TWD,6.54
200812,48948834,施羅德樂活中小基金,AA1,TWD,5.11
200812,48961688,新光多重計量基金,AA1,TWD,7.07
200812,48997911,德盛安聯台灣智慧趨勢基金,AA1,TWD,5.77
200812,73982057,金復華金復華基金,AA1,TWD,7.37
200812,73987671,匯豐台灣精典基金,AA1,TWD,9.88
200812,73988171,德信全方位基金,AA1,TWD,6.3
200812,73988876,日盛小而美基金,AA1,TWD,6.65
200812,73989002,建弘小型精選基金,AA1,TWD,13.72
200812,73989256,景順台灣科技基金,AA1,TWD,10.86
200812,73989501,摩根富林明JF中小基金,AA1,TWD,11.42
200812,73990253,統一奔騰基金,AA1,TWD,15.72
200812,73990649,保德信科技島基金,AA1,TWD,10.52
200812,73991751,兆豐國際電子基金,AA1,TWD,12.8
200812,73992013,永豐領航科技基金,AA1,TWD,9.24
200812,73998071,新光店頭基金,AA1,TWD,11.9
200812,73998086,復華高成長基金,AA1,TWD,16.24
200812,73999260,金鼎行動基金,AA1,TWD,8.98
200812,76941376,匯豐成功基金,AA1,TWD,14.22
200812,77537493,統一統信基金,AA1,TWD,11.73
200812,77537509,元大多元基金,AA1,TWD,7.89
200812,80892778,華頓中小型基金,AA1,TWD,15.48
200812,80894446,台灣工銀中國通基金,AA1,TWD,13.9
200812,81580149,新光國家建設基金,AA1,TWD,12.02
200812,81581724,統一經建基金,AA1,TWD,11.24
200812,81584335,元大高科技基金,AA1,TWD,9.26
200812,81584975,日盛上選基金,AA1,TWD,21.09
200812,81584996,兆豐國際中小基金,AA1,TWD,7.65
200812,81585242,新光創新科技基金,AA1,TWD,6.1
200812,81585475,富邦高成長基金,AA1,TWD,7.0
200812,81587889,復華復華基金,AA1,TWD,4.9
200812,81588536,台灣工銀大眾基金,AA1,TWD,11.41
200812,81591434,群益長安基金,AA1,TWD,8.15
200812,81594690,永豐永豐基金,AA1,TWD,14.01
200812,81595924,保誠中小型股基金,AA1,TWD,8.57
200812,83863951,元大經貿基金,AA1,TWD,15.99
200812,83864683,富邦科技基金,AA1,TWD,12.69
200812,83866508,保德信中小型股基金,AA1,TWD,17.68
200812,92000533,新光台灣永發基金,AA1,TWD,8.72
200812,92001765,元大多多基金,AA1,TWD,12.18
200812,92002244,統一黑馬基金,AA1,TWD,14.13
200812,92002384,富邦精準基金,AA1,TWD,25.65
200812,92003102,保誠高科技基金,AA1,TWD,24.24
200812,92003790,兆豐國際精選二十基金,AA1,TWD,6.39
200812,92004566,寶來績效基金,AA1,TWD,17.47
200812,92010477,富邦長紅基金,AA1,TWD,22.93
200812,92010770,富邦台灣鳳凰基金,AA1,TWD,357.4
200812,92012025,摩根富林明JF新興科技基金,AA1,TWD,21.12
200812,92012572,保誠外銷基金,AA1,TWD,17.7
200812,92012762,統一龍馬基金,AA1,TWD,18.36
200812,92013967,保德信金滿意基金,AA1,TWD,17.48
200812,92016839,華南永昌前瞻科技基金,AA1,TWD,6.78
200812,92017794,匯豐龍騰電子基金,AA1,TWD,14.84
200812,92019786,景順潛力基金,AA1,TWD,13.56
200812,92026219,元大卓越基金,AA1,TWD,23.22
200812,92028997,群益中小型股基金,AA1,TWD,14.97
200812,94991068,日盛新台商基金,AA1,TWD,15.34
200812,97972846,德信大發基金,AA1,TWD,10.04
200812,97974078,富邦冠軍基金,AA1,TWD,13.88
200812,97977878,統一中小基金,AA1,TWD,6.72
200812,97978102,保誠掌櫃基金,AA1,TWD,7.39
200812,97980043,建弘福王基金,AA1,TWD,9.3
200812,97982984,金鼎概念型基金,AA1,TWD,13.91
200812,97984293,群益馬拉松基金,AA1,TWD,41.0
200812,97988636,保德信店頭市場基金,AA1,TWD,14.65
200812,97990696,保誠菁華基金,AA1,TWD,11.36
200812,97995664,匯豐中小基金,AA1,TWD,4.29
200812,97997635,金鼎大利基金,AA1,TWD,14.59
200812,99354335,摩根富林明JF台灣微型基金,AA1,TWD,11.86
200812,99973878,安泰ING台灣高股息基金,AA1,TWD,9.09
200903,00965469,兆豐國際第一基金,AA1,TWD,8.2
200903,00968493,安泰ING鴻運基金,AA1,TWD,6.41
200903,00968521,建弘福元基金,AA1,TWD,6.28
200903,00973762,華南永昌永昌基金,AA1,TWD,6.6
200903,00974018,富邦富邦基金,AA1,TWD,5.87
200903,00974039,摩根富林明JF台灣基金,AA1,TWD,6.47
200903,00974066,寶來2001基金,AA1,TWD,25.01
200903,00974241,新光台灣富貴基金,AA1,TWD,12.86
200903,00988316,安泰ING台灣運籌基金,AA1,TWD,10.22
200903,00989005,匯豐匯豐基金,AA1,TWD,94.1
200903,01031298,匯豐龍鳳基金,AA1,TWD,22.31
200903,01031564,安泰ING積極成長基金,AA1,TWD,3.82
200903,01031699,統一全天候基金,AA1,TWD,25.27
200903,01031874,國泰小龍基金,AA1,TWD,6.58
200903,01032058,元大多福基金,AA1,TWD,27.47
200903,01032162,摩根富林明JF台灣增長基金,AA1,TWD,23.27
200903,01032183,保德信高成長基金,AA1,TWD,41.02
200903,01032803,建弘萬得福基金,AA1,TWD,10.97
200903,01047806,匯豐台灣基金,AA1,TWD,249.79
200903,01050013,匯豐成長基金,AA1,TWD,14.04
200903,01050148,兆豐國際國民基金,AA1,TWD,16.94
200903,10300195,建弘金鑽基金,AA1,TWD,6.06
200903,10300929,華南永昌台灣精選基金,AA1,TWD,5.53
200903,10337833,康和比聯台灣紅不讓基金,AA1,TWD,8.59
200903,10341251,台壽保台灣新趨勢基金,AA1,TWD,8.89
200903,10341837,兆豐國際豐台灣基金,AA1,TWD,11.42
200903,10342250,德銀遠東DWS台灣精選主題,AA1,TWD,8.38
200903,10388939,富邦台灣企業社會責任基金,AA1,TWD,9.99
200903,13528977,保德信台商全方位基金,AA1,TWD,16.06
200903,13539952,凱基開創基金,AA1,TWD,10.99
200903,13984165,富達台灣成長基金,AA1,TWD,13.8
200903,13986924,新光大三通基金,AA1,TWD,12.23
200903,13998344,永豐中小基金,AA1,TWD,27.52
200903,14542287,寶來精準中小基金,AA1,TWD,12.56
200903,14545897,德銀遠東DWS科技基金,AA1,TWD,9.27
200903,14693572,聯邦台灣創新基金,AA1,TWD,8.68
200903,14694495,華頓台灣基金,AA1,TWD,13.56
200903,14705562,國泰科技生化基金,AA1,TWD,16.19
200903,15588302,景順台灣精選成長基金,AA1,TWD,12.41
200903,15733973,第一富蘭克林第一富基金,AA1,TWD,13.59
200903,15739619,建弘大中華基金,AA1,TWD,12.2
200903,17139204,元大新主流基金,AA1,TWD,12.56
200903,17140568,景順主流基金,AA1,TWD,7.75
200903,17141187,富鼎半導體科技基金,AA1,TWD,6.99
200903,17144889,宏利雙響炮基金,AA1,TWD,8.21
200903,17144945,摩根富林明JF價值成長基金,AA1,TWD,8.81
200903,17145070,寶來矽谷基金,AA1,TWD,7.97
200903,17146752,安泰ING成長基金,AA1,TWD,8.89
200903,17147078,日盛精選五虎基金,AA1,TWD,12.12
200903,17148301,富邦台灣心基金,AA1,TWD,6.53
200903,17152509,永豐高科技基金,AA1,TWD,9.37
200903,17153795,富邦價值基金,AA1,TWD,8.75
200903,17597236,聯邦精選科技基金,AA1,TWD,4.9
200903,17597600,台壽保阿波羅基金,AA1,TWD,6.18
200903,17600534,安泰ING高科技基金,AA1,TWD,3.51
200903,17601891,富鼎大三元基金,AA1,TWD,3.46
200903,17602625,保德信新世紀基金,AA1,TWD,4.74
200903,17602821,台灣工銀2000高科技基金,AA1,TWD,10.43
200903,17603899,保誠電通網基金,AA1,TWD,7.12
200903,17604124,德盛台灣大壩基金,AA1,TWD,5.5
200903,17605622,統一大滿貫基金,AA1,TWD,9.35
200903,17607591,日盛高科技基金,AA1,TWD,6.3
200903,17608445,富邦網路基金,AA1,TWD,5.69
200903,17608487,復華數位經濟基金,AA1,TWD,11.97
200903,17612497,國泰國泰基金,AA1,TWD,8.99
200903,18031960,傳山高科技基金,AA1,TWD,6.55
200903,18033138,德信數位時代基金,AA1,TWD,8.4
200903,18036281,元大巴菲特基金,AA1,TWD,13.1
200903,18037937,安泰INGｅ科技基金,AA1,TWD,7.12
200903,18040665,犇華高科技基金,AA1,TWD,11.48
200903,18043059,國泰中小成長基金,AA1,TWD,19.29
200903,18480065,德盛科技大壩基金,AA1,TWD,10.47
200903,18488279,復華中小精選基金,AA1,TWD,19.29
200903,18488469,安泰ING中小基金,AA1,TWD,12.86
200903,18496290,聯邦中國龍基金,AA1,TWD,8.48
200903,18499732,德銀遠東DWS台灣旗艦基金,AA1,TWD,10.18
200903,19291128,國泰大中華基金,AA1,TWD,12.62
200903,19330712,犇華寶利基金,AA1,TWD,7.2
200903,19330754,安泰ING優質基金,AA1,TWD,11.81
200903,19339782,群益創新科技基金,AA1,TWD,12.84
200903,19341318,建弘電子基金,AA1,TWD,11.86
200903,20080023,元大店頭基金,AA1,TWD,5.31
200903,20081352,群益店頭市場基金,AA1,TWD,25.09
200903,20084317,日盛日盛基金,AA1,TWD,7.58
200903,20089755,富邦精銳中小基金,AA1,TWD,4.85
200903,20092528,建弘店頭市場基金,AA1,TWD,4.95
200903,20094672,金鼎寶櫃基金,AA1,TWD,6.93
200903,20094820,友邦巨人基金,AA1,TWD,5.18
200903,20097447,保德信第一基金,AA1,TWD,12.64
200903,21759676,復華全方位基金,AA1,TWD,8.49
200903,29222213,台新台新基金,AA1,TWD,5.3
200903,48675778,群益奧斯卡基金,AA1,TWD,8.8
200903,48693065,台新科技基金,AA1,TWD,4.3
200903,48731589,華頓典範科技基金,AA1,TWD,7.06
200903,48749899,群益葛萊美基金,AA1,TWD,6.49
200903,48801228,台灣工銀新台灣基金,AA1,TWD,9.8
200903,48809501,富鼎台灣優勢基金,AA1,TWD,6.34
200903,48858663,台新主流基金,AA1,TWD,5.37
200903,48893417,富鼎台灣活力基金,AA1,TWD,4.14
200903,48929007,華南永昌愛台灣基金,AA1,TWD,5.53
200903,48929409,建弘台灣成長基金,AA1,TWD,4.67
200903,48934304,統一台灣動力基金,AA1,TWD,5.12
200903,48944204,凱基台灣電利基金,AA1,TWD,4.72
200903,48948481,日盛首選基金,AA1,TWD,5.54
200903,48948623,國泰台灣計量基金,AA1,TWD,6.92
200903,48948834,施羅德樂活中小基金,AA1,TWD,5.86
200903,48961688,新光多重計量基金,AA1,TWD,7.75
200903,48997911,德盛安聯台灣智慧趨勢基金,AA1,TWD,6.59
200903,73982057,宏利宏利基金,AA1,TWD,8.4
200903,73987671,匯豐台灣精典基金,AA1,TWD,10.77
200903,73988171,德信全方位基金,AA1,TWD,7.28
200903,73988876,日盛小而美基金,AA1,TWD,7.81
200903,73989002,建弘小型精選基金,AA1,TWD,14.86
200903,73989256,景順台灣科技基金,AA1,TWD,12.3
200903,73989501,摩根富林明JF中小基金,AA1,TWD,13.1
200903,73990253,統一奔騰基金,AA1,TWD,17.1
200903,73990649,保德信科技島基金,AA1,TWD,11.6
200903,73991751,兆豐國際電子基金,AA1,TWD,14.88
200903,73992013,永豐領航科技基金,AA1,TWD,11.29
200903,73998071,新光店頭基金,AA1,TWD,13.71
200903,73998086,復華高成長基金,AA1,TWD,17.7
200903,73999260,金鼎行動基金,AA1,TWD,10.35
200903,76941376,匯豐成功基金,AA1,TWD,15.24
200903,77537493,統一統信基金,AA1,TWD,12.82
200903,77537509,元大多元基金,AA1,TWD,8.44
200903,80892778,華頓中小型基金,AA1,TWD,17.36
200903,80894446,台灣工銀中國通基金,AA1,TWD,13.26
200903,81580149,新光國家建設基金,AA1,TWD,13.17
200903,81581724,統一經建基金,AA1,TWD,12.77
200903,81584335,元大高科技基金,AA1,TWD,10.42
200903,81584975,日盛上選基金,AA1,TWD,19.62
200903,81584996,兆豐國際中小基金,AA1,TWD,8.65
200903,81585242,新光創新科技基金,AA1,TWD,6.84
200903,81585475,富邦高成長基金,AA1,TWD,7.66
200903,81587889,復華復華基金,AA1,TWD,5.16
200903,81588536,台灣工銀大眾基金,AA1,TWD,12.83
200903,81591434,群益長安基金,AA1,TWD,8.93
200903,81594690,永豐永豐基金,AA1,TWD,16.0
200903,81595924,保誠中小型股基金,AA1,TWD,9.83
200903,83863951,元大經貿基金,AA1,TWD,17.9
200903,83864683,富邦科技基金,AA1,TWD,14.37
200903,83866508,保德信中小型股基金,AA1,TWD,20.37
200903,92000533,新光台灣永發基金,AA1,TWD,8.67
200903,92001765,元大多多基金,AA1,TWD,13.2
200903,92002244,統一黑馬基金,AA1,TWD,15.41
200903,92002384,富邦精準基金,AA1,TWD,27.06
200903,92003102,保誠高科技基金,AA1,TWD,27.93
200903,92003790,兆豐國際精選二十基金,AA1,TWD,7.43
200903,92004566,寶來績效基金,AA1,TWD,18.37
200903,92010477,富邦長紅基金,AA1,TWD,25.39
200903,92010770,富邦台灣鳳凰基金,AA1,TWD,395.15
200903,92012025,摩根富林明JF新興科技基金,AA1,TWD,25.15
200903,92012572,保誠外銷基金,AA1,TWD,19.37
200903,92012762,統一龍馬基金,AA1,TWD,20.12
200903,92013967,保德信金滿意基金,AA1,TWD,20.03
200903,92016839,華南永昌前瞻科技基金,AA1,TWD,7.38
200903,92017794,匯豐龍騰電子基金,AA1,TWD,17.09
200903,92019786,景順潛力基金,AA1,TWD,14.34
200903,92026219,元大卓越基金,AA1,TWD,24.58
200903,92028997,群益中小型股基金,AA1,TWD,17.28
200903,94991068,日盛新台商基金,AA1,TWD,17.51
200903,97972846,德信大發基金,AA1,TWD,10.96
200903,97974078,富邦冠軍基金,AA1,TWD,15.34
200903,97977878,統一中小基金,AA1,TWD,8.29
200903,97978102,保誠掌櫃基金,AA1,TWD,8.74
200903,97980043,建弘福王基金,AA1,TWD,9.76
200903,97982984,金鼎概念型基金,AA1,TWD,17.41
200903,97984293,群益馬拉松基金,AA1,TWD,45.75
200903,97988636,保德信店頭市場基金,AA1,TWD,16.96
200903,97990696,保誠菁華基金,AA1,TWD,12.54
200903,97995664,匯豐中小基金,AA1,TWD,4.96
200903,97997635,金鼎大利基金,AA1,TWD,17.7
200903,99354335,摩根富林明JF台灣微型基金,AA1,TWD,12.89
200903,99973878,安泰ING台灣高股息基金,AA1,TWD,11.21
200906,00965469,兆豐國際第一基金,AA1,TWD,9.64
200906,00968493,安泰ING鴻運基金,AA1,TWD,8.34
200906,00968521,第一金福元基金,AA1,TWD,8.36
200906,00973762,華南永昌永昌基金,AA1,TWD,7.24
200906,00974018,富邦富邦基金,AA1,TWD,6.8
200906,00974039,摩根富林明JF台灣基金,AA1,TWD,7.93
200906,00974066,寶來2001基金,AA1,TWD,31.78
200906,00974241,新光台灣富貴基金,AA1,TWD,15.52
200906,00988316,安泰ING台灣運籌基金,AA1,TWD,13.03
200906,00989005,匯豐匯豐基金,AA1,TWD,112.1
200906,01031298,匯豐龍鳳基金,AA1,TWD,25.81
200906,01031564,安泰ING積極成長基金,AA1,TWD,4.98
200906,01031699,統一全天候基金,AA1,TWD,30.53
200906,01031874,國泰小龍基金,AA1,TWD,8.06
200906,01032058,元大多福基金,AA1,TWD,33.23
200906,01032162,摩根富林明JF台灣增長基金,AA1,TWD,28.52
200906,01032183,保德信高成長基金,AA1,TWD,49.09
200906,01032803,第一金萬得福基金,AA1,TWD,11.8
200906,01050013,匯豐成長基金,AA1,TWD,16.57
200906,01050148,兆豐國際國民基金,AA1,TWD,19.98
200906,10300195,第一金金鑽基金,AA1,TWD,7.48
200906,10300929,華南永昌台灣精選基金,AA1,TWD,6.47
200906,10337833,康和比聯台灣紅不讓基金,AA1,TWD,10.2
200906,10341251,台壽保台灣新趨勢基金,AA1,TWD,10.64
200906,10341837,兆豐國際豐台灣基金,AA1,TWD,13.61
200906,10342250,德銀遠東DWS台灣精選主題,AA1,TWD,10.37
200906,10388939,富邦台灣企業社會責任基金,AA1,TWD,10.15
200906,13528977,保德信台商全方位基金,AA1,TWD,18.93
200906,13539952,凱基開創基金,AA1,TWD,12.47
200906,13984165,富達台灣成長基金,AA1,TWD,17.32
200906,13986924,新光大三通基金,AA1,TWD,14.72
200906,13998344,永豐中小基金,AA1,TWD,34.5
200906,14542287,寶來精準中小基金,AA1,TWD,15.0
200906,14545897,德銀遠東DWS科技基金,AA1,TWD,10.83
200906,14693572,聯邦台灣創新基金,AA1,TWD,9.71
200906,14694495,華頓台灣基金,AA1,TWD,15.41
200906,14705562,國泰科技生化基金,AA1,TWD,19.79
200906,15588302,景順台灣精選成長基金,AA1,TWD,14.96
200906,15733973,第一富蘭克林第一富基金,AA1,TWD,16.77
200906,15739619,第一金大中華基金,AA1,TWD,15.34
200906,17139204,元大新主流基金,AA1,TWD,14.83
200906,17140568,景順主流基金,AA1,TWD,9.88
200906,17141187,富鼎半導體科技基金,AA1,TWD,8.55
200906,17144889,宏利雙響炮基金,AA1,TWD,9.84
200906,17144945,摩根富林明JF價值成長基金,AA1,TWD,10.38
200906,17145070,寶來矽谷基金,AA1,TWD,9.81
200906,17146752,安泰ING成長基金,AA1,TWD,11.6
200906,17147078,日盛精選五虎基金,AA1,TWD,15.02
200906,17148301,富邦台灣心基金,AA1,TWD,8.78
200906,17152509,永豐高科技基金,AA1,TWD,11.69
200906,17153795,富邦價值基金,AA1,TWD,10.96
200906,17597236,聯邦精選科技基金,AA1,TWD,5.5
200906,17597600,台壽保阿波羅基金,AA1,TWD,7.24
200906,17600534,安泰ING高科技基金,AA1,TWD,4.41
200906,17602625,保德信新世紀基金,AA1,TWD,5.63
200906,17602821,台灣工銀2000高科技基金,AA1,TWD,13.24
200906,17603899,保誠電通網基金,AA1,TWD,8.3
200906,17604124,德盛台灣大壩基金,AA1,TWD,6.47
200906,17605622,統一大滿貫基金,AA1,TWD,11.26
200906,17607591,日盛高科技基金,AA1,TWD,7.93
200906,17608445,富邦網路基金,AA1,TWD,6.8
200906,17608487,復華數位經濟基金,AA1,TWD,14.47
200906,17612497,國泰國泰基金,AA1,TWD,10.72
200906,18031960,傳山高科技基金,AA1,TWD,7.22
200906,18033138,德信數位時代基金,AA1,TWD,10.56
200906,18036281,元大巴菲特基金,AA1,TWD,16.34
200906,18037937,安泰INGｅ科技基金,AA1,TWD,8.91
200906,18040665,犇華高科技基金,AA1,TWD,13.29
200906,18043059,國泰中小成長基金,AA1,TWD,22.75
200906,18480065,德盛科技大壩基金,AA1,TWD,12.5
200906,18488279,復華中小精選基金,AA1,TWD,21.5
200906,18488469,安泰ING中小基金,AA1,TWD,16.77
200906,18496290,聯邦中國龍基金,AA1,TWD,10.69
200906,18499732,德銀遠東DWS台灣旗艦基金,AA1,TWD,12.45
200906,19291128,國泰大中華基金,AA1,TWD,15.31
200906,19330712,犇華寶利基金,AA1,TWD,8.34
200906,19330754,安泰ING優質基金,AA1,TWD,16.09
200906,19339782,群益創新科技基金,AA1,TWD,15.41
200906,19341318,第一金電子基金,AA1,TWD,14.23
200906,20080023,元大店頭基金,AA1,TWD,6.48
200906,20081352,群益店頭市場基金,AA1,TWD,32.66
200906,20084317,日盛日盛基金,AA1,TWD,9.55
200906,20089755,富邦精銳中小基金,AA1,TWD,5.88
200906,20092528,第一金店頭市場基金,AA1,TWD,6.26
200906,20094672,金鼎寶櫃基金,AA1,TWD,8.55
200906,20094820,友邦巨人基金,AA1,TWD,6.15
200906,20097447,保德信第一基金,AA1,TWD,14.7
200906,21759676,復華全方位基金,AA1,TWD,9.51
200906,29222213,台新台新基金,AA1,TWD,6.87
200906,48675778,群益奧斯卡基金,AA1,TWD,11.34
200906,48693065,台新科技基金,AA1,TWD,5.26
200906,48731589,華頓典範科技基金,AA1,TWD,8.71
200906,48749899,群益葛萊美基金,AA1,TWD,8.4
200906,48801228,台灣工銀新台灣基金,AA1,TWD,12.01
200906,48809501,富鼎台灣優勢基金,AA1,TWD,7.33
200906,48858663,台新主流基金,AA1,TWD,7.33
200906,48893417,富鼎台灣活力基金,AA1,TWD,4.69
200906,48929007,華南永昌愛台灣基金,AA1,TWD,6.62
200906,48929409,第一金台灣成長基金,AA1,TWD,5.52
200906,48934304,統一台灣動力基金,AA1,TWD,6.38
200906,48944204,凱基台灣電利基金,AA1,TWD,5.38
200906,48948481,日盛首選基金,AA1,TWD,7.24
200906,48948623,國泰台灣計量基金,AA1,TWD,7.75
200906,48948834,施羅德樂活中小基金,AA1,TWD,6.98
200906,48961688,新光多重計量基金,AA1,TWD,8.92
200906,48997911,德盛安聯台灣智慧趨勢基金,AA1,TWD,8.16
200906,73982057,宏利宏利基金,AA1,TWD,10.17
200906,73987671,匯豐台灣精典基金,AA1,TWD,13.08
200906,73988171,德信全方位基金,AA1,TWD,8.71
200906,73988876,日盛小而美基金,AA1,TWD,10.01
200906,73989002,第一金小型精選基金,AA1,TWD,17.53
200906,73989256,景順台灣科技基金,AA1,TWD,14.55
200906,73989501,摩根富林明JF中小基金,AA1,TWD,15.82
200906,73990253,統一奔騰基金,AA1,TWD,21.27
200906,73990649,保德信科技島基金,AA1,TWD,13.69
200906,73991751,兆豐國際電子基金,AA1,TWD,16.95
200906,73992013,永豐領航科技基金,AA1,TWD,14.18
200906,73998071,新光店頭基金,AA1,TWD,17.34
200906,73998086,復華高成長基金,AA1,TWD,21.21
200906,73999260,金鼎行動基金,AA1,TWD,11.75
200906,76941376,匯豐成功基金,AA1,TWD,18.38
200906,77537493,統一統信基金,AA1,TWD,14.99
200906,77537509,元大多元基金,AA1,TWD,10.35
200906,80892778,華頓中小型基金,AA1,TWD,21.12
200906,80894446,台灣工銀中國通基金,AA1,TWD,15.94
200906,81580149,新光國家建設基金,AA1,TWD,15.94
200906,81581724,統一經建基金,AA1,TWD,14.42
200906,81584335,元大高科技基金,AA1,TWD,12.27
200906,81584975,日盛上選基金,AA1,TWD,21.77
200906,81584996,兆豐國際中小基金,AA1,TWD,10.68
200906,81585242,新光創新科技基金,AA1,TWD,8.41
200906,81585475,富邦高成長基金,AA1,TWD,9.63
200906,81587889,復華復華基金,AA1,TWD,6.03
200906,81588536,台灣工銀大眾基金,AA1,TWD,15.58
200906,81591434,群益長安基金,AA1,TWD,11.33
200906,81594690,永豐永豐基金,AA1,TWD,20.67
200906,81595924,保誠中小型股基金,AA1,TWD,11.37
200906,83863951,元大經貿基金,AA1,TWD,21.42
200906,83864683,富邦科技基金,AA1,TWD,17.15
200906,83866508,保德信中小型股基金,AA1,TWD,24.51
200906,92000533,新光台灣永發基金,AA1,TWD,10.71
200906,92001765,元大多多基金,AA1,TWD,16.03
200906,92002244,統一黑馬基金,AA1,TWD,19.43
200906,92002384,富邦精準基金,AA1,TWD,34.71
200906,92003102,保誠高科技基金,AA1,TWD,32.43
200906,92003790,兆豐國際精選二十基金,AA1,TWD,8.76
200906,92004566,寶來績效基金,AA1,TWD,22.82
200906,92010477,富邦長紅基金,AA1,TWD,32.28
200906,92010770,富邦台灣鳳凰基金,AA1,TWD,468.6
200906,92012025,摩根富林明JF新興科技基金,AA1,TWD,29.61
200906,92012572,保誠外銷基金,AA1,TWD,22.94
200906,92012762,統一龍馬基金,AA1,TWD,25.38
200906,92013967,保德信金滿意基金,AA1,TWD,23.94
200906,92016839,華南永昌前瞻科技基金,AA1,TWD,8.46
200906,92017794,匯豐龍騰電子基金,AA1,TWD,20.42
200906,92019786,景順潛力基金,AA1,TWD,17.79
200906,92026219,元大卓越基金,AA1,TWD,29.72
200906,92028997,群益中小型股基金,AA1,TWD,21.47
200906,94991068,日盛新台商基金,AA1,TWD,21.66
200906,97972846,德信大發基金,AA1,TWD,12.71
200906,97974078,富邦冠軍基金,AA1,TWD,18.13
200906,97977878,統一中小基金,AA1,TWD,9.54
200906,97978102,保誠掌櫃基金,AA1,TWD,11.2
200906,97980043,第一金福王基金,AA1,TWD,12.37
200906,97982984,金鼎概念型基金,AA1,TWD,21.37
200906,97984293,群益馬拉松基金,AA1,TWD,55.29
200906,97988636,保德信店頭市場基金,AA1,TWD,20.5
200906,97990696,保誠菁華基金,AA1,TWD,14.6
200906,97995664,匯豐中小基金,AA1,TWD,5.76
200906,97997635,金鼎大利基金,AA1,TWD,22.72
200906,99354335,摩根富林明JF台灣微型基金,AA1,TWD,15.51
200906,99973878,安泰ING台灣高股息基金,AA1,TWD,13.95
200909,00965469,兆豐國際第一基金,AA1,TWD,12.26
200909,00968493,安泰ING鴻運基金,AA1,TWD,10.02
200909,00968521,第一金福元基金,AA1,TWD,8.6
200909,00973762,華南永昌永昌基金,AA1,TWD,8.96
200909,00974018,富邦富邦基金,AA1,TWD,8.18
200909,00974039,摩根富林明JF台灣基金,AA1,TWD,9.18
200909,00974066,寶來2001基金,AA1,TWD,37.12
200909,00974241,新光台灣富貴基金,AA1,TWD,18.11
200909,00988316,安泰ING台灣運籌基金,AA1,TWD,15.95
200909,00989005,匯豐匯豐基金,AA1,TWD,128.3
200909,01031298,匯豐龍鳳基金,AA1,TWD,29.56
200909,01031564,安泰ING積極成長基金,AA1,TWD,5.97
200909,01031699,統一全天候基金,AA1,TWD,38.77
200909,01031874,國泰小龍基金,AA1,TWD,10.46
200909,01032058,元大多福基金,AA1,TWD,40.26
200909,01032162,摩根富林明JF台灣增長基金,AA1,TWD,32.88
200909,01032183,保德信高成長基金,AA1,TWD,59.66
200909,01032803,第一金萬得福基金,AA1,TWD,12.7
200909,01050013,匯豐成長基金,AA1,TWD,19.3
200909,01050148,兆豐國際國民基金,AA1,TWD,23.87
200909,10300195,第一金金鑽基金,AA1,TWD,8.96
200909,10300929,華南永昌台灣精選基金,AA1,TWD,6.9
200909,10337833,康和比聯台灣紅不讓基金,AA1,TWD,11.99
200909,10341251,台壽保台灣新趨勢基金,AA1,TWD,12.43
200909,10341837,兆豐國際豐台灣基金,AA1,TWD,17.26
200909,10342250,德銀遠東DWS台灣精選主題,AA1,TWD,12.06
200909,10388939,富邦台灣企業社會責任基金,AA1,TWD,12.7
200909,13528977,保德信台商全方位基金,AA1,TWD,22.27
200909,13539952,凱基開創基金,AA1,TWD,15.26
200909,13984165,富達台灣成長基金,AA1,TWD,19.87
200909,13986924,新光大三通基金,AA1,TWD,17.15
200909,13998344,永豐中小基金,AA1,TWD,40.12
200909,14542287,寶來精準中小基金,AA1,TWD,17.91
200909,14545897,德銀遠東DWS科技基金,AA1,TWD,13.51
200909,14693572,聯邦台灣創新基金,AA1,TWD,12.13
200909,14694495,華頓台灣基金,AA1,TWD,18.11
200909,14705562,國泰科技生化基金,AA1,TWD,24.8
200909,15588302,景順台灣精選成長基金,AA1,TWD,18.43
200909,15733973,第一富蘭克林第一富基金,AA1,TWD,22.2
200909,15739619,第一金大中華基金,AA1,TWD,18.63
200909,17139204,元大新主流基金,AA1,TWD,16.54
200909,17140568,景順主流基金,AA1,TWD,11.63
200909,17141187,富鼎半導體科技基金,AA1,TWD,10.44
200909,17144889,宏利雙響炮基金,AA1,TWD,11.57
200909,17144945,摩根富林明JF價值成長基金,AA1,TWD,11.7
200909,17145070,寶來矽谷基金,AA1,TWD,12.02
200909,17146752,安泰ING成長基金,AA1,TWD,13.87
200909,17147078,日盛精選五虎基金,AA1,TWD,16.86
200909,17148301,富邦台灣心基金,AA1,TWD,11.26
200909,17152509,永豐高科技基金,AA1,TWD,13.41
200909,17153795,富邦價值基金,AA1,TWD,13.53
200909,17597236,聯邦精選科技基金,AA1,TWD,6.85
200909,17597600,台壽保阿波羅基金,AA1,TWD,8.68
200909,17600534,安泰ING高科技基金,AA1,TWD,5.63
200909,17602625,保德信新世紀基金,AA1,TWD,6.71
200909,17602821,台灣工銀2000高科技基金,AA1,TWD,15.41
200909,17603899,保誠電通網基金,AA1,TWD,10.37
200909,17604124,德盛台灣大壩基金,AA1,TWD,7.93
200909,17605622,統一大滿貫基金,AA1,TWD,14.35
200909,17607591,日盛高科技基金,AA1,TWD,9.52
200909,17608445,富邦網路基金,AA1,TWD,8.39
200909,17608487,復華數位經濟基金,AA1,TWD,17.23
200909,17612497,國泰國泰基金,AA1,TWD,13.8
200909,18031960,安多利高科技基金,AA1,TWD,7.98
200909,18033138,德信數位時代基金,AA1,TWD,13.78
200909,18036281,元大巴菲特基金,AA1,TWD,17.58
200909,18037937,安泰INGｅ科技基金,AA1,TWD,11.37
200909,18040665,犇華高科技基金,AA1,TWD,15.49
200909,18043059,國泰中小成長基金,AA1,TWD,30.48
200909,18480065,德盛科技大壩基金,AA1,TWD,15.95
200909,18488279,復華中小精選基金,AA1,TWD,25.43
200909,18488469,安泰ING中小基金,AA1,TWD,20.2
200909,18496290,聯邦中國龍基金,AA1,TWD,13.5
200909,18499732,德銀遠東DWS台灣旗艦基金,AA1,TWD,14.52
200909,19291128,國泰大中華基金,AA1,TWD,18.98
200909,19330712,犇華寶利基金,AA1,TWD,9.1
200909,19330754,安泰ING優質基金,AA1,TWD,19.11
200909,19339782,群益創新科技基金,AA1,TWD,19.1
200909,19341318,第一金電子基金,AA1,TWD,16.99
200909,20080023,元大店頭基金,AA1,TWD,8.21
200909,20081352,群益店頭市場基金,AA1,TWD,42.38
200909,20084317,日盛日盛基金,AA1,TWD,11.07
200909,20089755,富邦精銳中小基金,AA1,TWD,6.91
200909,20092528,第一金店頭市場基金,AA1,TWD,7.98
200909,20094672,金鼎寶櫃基金,AA1,TWD,9.74
200909,20094820,友邦巨人基金,AA1,TWD,7.64
200909,20097447,保德信第一基金,AA1,TWD,16.64
200909,21759676,復華全方位基金,AA1,TWD,11.34
200909,25601923,施羅德台灣主動基金,AA1,TWD,10.44
200909,25612029,凱基台灣精五門基金,AA1,TWD,10.19
200909,25614244,寶來寶來(A)基金,AA1,TWD,10.04
200909,29222213,台新台新基金,AA1,TWD,7.83
200909,48675778,群益奧斯卡基金,AA1,TWD,14.14
200909,48731589,華頓典範科技基金,AA1,TWD,10.87
200909,48749899,群益葛萊美基金,AA1,TWD,10.58
200909,48801228,台灣工銀新台灣基金,AA1,TWD,12.58
200909,48809501,富鼎台灣優勢基金,AA1,TWD,8.47
200909,48858663,台新主流基金,AA1,TWD,8.72
200909,48893417,富鼎台灣活力基金,AA1,TWD,5.68
200909,48929007,華南永昌愛台灣基金,AA1,TWD,7.39
200909,48929409,第一金台灣成長基金,AA1,TWD,6.8
200909,48934304,統一台灣動力基金,AA1,TWD,7.73
200909,48944204,凱基台灣電利基金,AA1,TWD,6.47
200909,48948481,日盛首選基金,AA1,TWD,8.74
200909,48948623,國泰台灣計量基金,AA1,TWD,8.93
200909,48948834,施羅德樂活中小基金,AA1,TWD,8.68
200909,48961688,新光多重計量基金,AA1,TWD,8.91
200909,48997911,德盛安聯台灣智慧趨勢基金,AA1,TWD,9.46
200909,73982057,宏利宏利基金,AA1,TWD,12.22
200909,73987671,匯豐台灣精典基金,AA1,TWD,15.12
200909,73988171,德信全方位基金,AA1,TWD,11.08
200909,73988876,日盛小而美基金,AA1,TWD,12.45
200909,73989002,第一金小型精選基金,AA1,TWD,18.14
200909,73989256,景順台灣科技基金,AA1,TWD,17.59
200909,73989501,摩根富林明JF中小基金,AA1,TWD,18.33
200909,73990253,統一奔騰基金,AA1,TWD,26.73
200909,73990649,保德信科技島基金,AA1,TWD,16.34
200909,73991751,兆豐國際電子基金,AA1,TWD,20.05
200909,73992013,永豐領航科技基金,AA1,TWD,16.33
200909,73998071,新光店頭基金,AA1,TWD,20.52
200909,73998086,復華高成長基金,AA1,TWD,25.19
200909,73999260,金鼎行動基金,AA1,TWD,13.35
200909,76941376,匯豐成功基金,AA1,TWD,20.87
200909,77537493,統一統信基金,AA1,TWD,17.9
200909,77537509,元大多元基金,AA1,TWD,11.61
200909,80892778,華頓中小型基金,AA1,TWD,26.01
200909,80894446,台灣工銀中國通基金,AA1,TWD,17.02
200909,81580149,新光國家建設基金,AA1,TWD,18.4
200909,81581724,統一經建基金,AA1,TWD,17.82
200909,81584335,元大高科技基金,AA1,TWD,14.73
200909,81584975,日盛上選基金,AA1,TWD,23.78
200909,81584996,兆豐國際中小基金,AA1,TWD,12.7
200909,81585242,新光創新科技基金,AA1,TWD,10.22
200909,81585475,富邦高成長基金,AA1,TWD,12.53
200909,81587889,復華復華基金,AA1,TWD,7.28
200909,81588536,台灣工銀大眾基金,AA1,TWD,17.8
200909,81591434,群益長安基金,AA1,TWD,13.93
200909,81594690,永豐永豐基金,AA1,TWD,23.98
200909,81595924,保誠中小型股基金,AA1,TWD,13.94
200909,83863951,元大經貿基金,AA1,TWD,25.06
200909,83864683,富邦科技基金,AA1,TWD,20.08
200909,83866508,保德信中小型股基金,AA1,TWD,30.52
200909,92000533,新光台灣永發基金,AA1,TWD,11.85
200909,92001765,元大多多基金,AA1,TWD,17.68
200909,92002244,統一黑馬基金,AA1,TWD,24.17
200909,92002384,富邦精準基金,AA1,TWD,42.72
200909,92003102,保誠高科技基金,AA1,TWD,40.49
200909,92003790,兆豐國際精選二十基金,AA1,TWD,11.04
200909,92004566,寶來績效基金,AA1,TWD,25.59
200909,92010477,富邦長紅基金,AA1,TWD,38.13
200909,92010770,富邦台灣鳳凰基金,AA1,TWD,575.88
200909,92012025,摩根富林明JF新興科技基金,AA1,TWD,36.21
200909,92012572,保誠外銷基金,AA1,TWD,26.38
200909,92012762,統一龍馬基金,AA1,TWD,31.4
200909,92013967,保德信金滿意基金,AA1,TWD,28.68
200909,92016839,華南永昌前瞻科技基金,AA1,TWD,10.81
200909,92017794,匯豐龍騰電子基金,AA1,TWD,24.48
200909,92019786,景順潛力基金,AA1,TWD,20.76
200909,92026219,元大卓越基金,AA1,TWD,35.06
200909,92028997,群益中小型股基金,AA1,TWD,26.13
200909,94991068,日盛新台商基金,AA1,TWD,25.73
200909,97972846,德信大發基金,AA1,TWD,15.77
200909,97974078,富邦冠軍基金,AA1,TWD,22.44
200909,97977878,統一中小基金,AA1,TWD,12.67
200909,97978102,保誠掌櫃基金,AA1,TWD,14.34
200909,97980043,第一金福王基金,AA1,TWD,14.19
200909,97982984,金鼎概念型基金,AA1,TWD,24.42
200909,97984293,群益馬拉松基金,AA1,TWD,65.19
200909,97988636,保德信店頭市場基金,AA1,TWD,25.19
200909,97990696,保誠菁華基金,AA1,TWD,16.82
200909,97995664,匯豐中小基金,AA1,TWD,6.77
200909,97997635,金鼎大利基金,AA1,TWD,26.92
200909,99354335,摩根富林明JF台灣微型基金,AA1,TWD,17.59
200909,99973878,安泰ING台灣高股息基金,AA1,TWD,15.38
200912,00965469,兆豐國際第一基金,AA1,TWD,13.24
200912,00968493,安泰ING鴻運基金,AA1,TWD,10.53
200912,00968521,第一金福元基金,AA1,TWD,9.29
200912,00973762,華南永昌永昌基金,AA1,TWD,10.04
200912,00974018,富邦富邦基金,AA1,TWD,9.12
200912,00974039,摩根富林明JF台灣基金,AA1,TWD,9.95
200912,00974066,寶來2001基金,AA1,TWD,42.16
200912,00974241,新光台灣富貴基金,AA1,TWD,19.42
200912,00988316,安泰ING台灣運籌基金,AA1,TWD,16.81
200912,00989005,匯豐匯豐基金,AA1,TWD,134.4
200912,01031298,匯豐龍鳳基金,AA1,TWD,31.38
200912,01031564,安泰ING積極成長基金,AA1,TWD,6.76
200912,01031699,統一全天候基金,AA1,TWD,42.92
200912,01031874,國泰小龍基金,AA1,TWD,11.12
200912,01032058,元大多福基金,AA1,TWD,44.01
200912,01032162,摩根富林明JF台灣增長基金,AA1,TWD,35.6
200912,01032183,保德信高成長基金,AA1,TWD,62.89
200912,01032803,第一金萬得福基金,AA1,TWD,13.83
200912,01050013,匯豐成長基金,AA1,TWD,20.6
200912,01050148,兆豐國際國民基金,AA1,TWD,25.43
200912,10300195,第一金金鑽基金,AA1,TWD,9.74
200912,10300929,華南永昌台灣精選基金,AA1,TWD,7.21
200912,10337833,康和比聯台灣紅不讓基金,AA1,TWD,12.71
200912,10341251,台壽保台灣新趨勢基金,AA1,TWD,13.08
200912,10341837,兆豐國際豐台灣基金,AA1,TWD,18.75
200912,10342250,德銀遠東DWS台灣精選主題,AA1,TWD,13.52
200912,10388939,富邦台灣企業社會責任基金,AA1,TWD,14.76
200912,13528977,保德信台商全方位基金,AA1,TWD,23.51
200912,13539952,凱基開創基金,AA1,TWD,15.21
200912,13984165,富達台灣成長基金,AA1,TWD,21.28
200912,13986924,新光大三通基金,AA1,TWD,18.27
200912,13998344,永豐中小基金,AA1,TWD,43.83
200912,14542287,寶來精準中小基金,AA1,TWD,19.61
200912,14545897,德銀遠東DWS科技基金,AA1,TWD,15.32
200912,14693572,聯邦台灣創新基金,AA1,TWD,14.03
200912,14694495,華頓台灣基金,AA1,TWD,19.44
200912,14705562,國泰科技生化基金,AA1,TWD,26.51
200912,15588302,景順台灣精選成長基金,AA1,TWD,20.31
200912,15733973,第一富蘭克林第一富基金,AA1,TWD,24.37
200912,15739619,第一金大中華基金,AA1,TWD,20.27
200912,17139204,元大新主流基金,AA1,TWD,18.37
200912,17140568,景順主流基金,AA1,TWD,13.13
200912,17141187,富鼎半導體科技基金,AA1,TWD,11.67
200912,17144889,宏利雙響炮基金,AA1,TWD,12.54
200912,17144945,摩根富林明JF價值成長基金,AA1,TWD,12.98
200912,17145070,寶來矽谷基金,AA1,TWD,13.93
200912,17146752,安泰ING成長基金,AA1,TWD,15.71
200912,17147078,日盛精選五虎基金,AA1,TWD,19.08
200912,17148301,富邦台灣心基金,AA1,TWD,12.63
200912,17152509,永豐高科技基金,AA1,TWD,14.73
200912,17153795,富邦價值基金,AA1,TWD,15.12
200912,17597236,聯邦精選科技基金,AA1,TWD,8.0
200912,17597600,台壽保阿波羅基金,AA1,TWD,9.33
200912,17600534,安泰ING高科技基金,AA1,TWD,6.04
200912,17602625,保德信新世紀基金,AA1,TWD,7.05
200912,17602821,台灣工銀2000高科技基金,AA1,TWD,17.02
200912,17603899,保誠電通網基金,AA1,TWD,10.98
200912,17604124,德盛台灣大壩基金,AA1,TWD,8.38
200912,17605622,統一大滿貫基金,AA1,TWD,15.87
200912,17607591,日盛高科技基金,AA1,TWD,10.9
200912,17608445,富邦網路基金,AA1,TWD,9.63
200912,17608487,復華數位經濟基金,AA1,TWD,19.0
200912,17612497,國泰國泰基金,AA1,TWD,15.12
200912,18031960,安多利高科技基金,AA1,TWD,8.9
200912,18033138,德信數位時代基金,AA1,TWD,15.26
200912,18036281,元大巴菲特基金,AA1,TWD,18.91
200912,18037937,安泰INGｅ科技基金,AA1,TWD,12.21
200912,18040665,犇華高科技基金,AA1,TWD,16.63
200912,18043059,國泰中小成長基金,AA1,TWD,33.05
200912,18480065,德盛科技大壩基金,AA1,TWD,17.5
200912,18488279,復華中小精選基金,AA1,TWD,27.89
200912,18488469,安泰ING中小基金,AA1,TWD,21.16
200912,18496290,聯邦中國龍基金,AA1,TWD,15.59
200912,18499732,德銀遠東DWS台灣旗艦基金,AA1,TWD,16.12
200912,19291128,國泰大中華基金,AA1,TWD,20.26
200912,19330712,犇華寶利基金,AA1,TWD,10.07
200912,19330754,安泰ING優質基金,AA1,TWD,20.2
200912,19339782,群益創新科技基金,AA1,TWD,20.67
200912,19341318,第一金電子基金,AA1,TWD,18.26
200912,20080023,元大店頭基金,AA1,TWD,9.06
200912,20081352,群益店頭市場基金,AA1,TWD,45.42
200912,20084317,日盛日盛基金,AA1,TWD,13.33
200912,20089755,富邦精銳中小基金,AA1,TWD,7.94
200912,20092528,第一金店頭市場基金,AA1,TWD,8.6
200912,20094672,金鼎寶櫃基金,AA1,TWD,10.83
200912,20094820,友邦巨人基金,AA1,TWD,9.16
200912,20097447,保德信第一基金,AA1,TWD,18.36
200912,21759676,復華全方位基金,AA1,TWD,12.28
200912,25601923,施羅德台灣主動基金,AA1,TWD,11.55
200912,25612029,凱基台灣精五門基金,AA1,TWD,10.94
200912,25614244,寶來寶來(A)基金,AA1,TWD,10.74
200912,29222213,台新台新基金,AA1,TWD,8.16
200912,48675778,群益奧斯卡基金,AA1,TWD,15.97
200912,48731589,華頓典範科技基金,AA1,TWD,11.96
200912,48749899,群益葛萊美基金,AA1,TWD,11.67
200912,48801228,台灣工銀新台灣基金,AA1,TWD,13.0
200912,48809501,富鼎台灣優勢基金,AA1,TWD,9.37
200912,48858663,台新主流基金,AA1,TWD,9.45
200912,48893417,富鼎台灣活力基金,AA1,TWD,6.3
200912,48929007,華南永昌愛台灣基金,AA1,TWD,8.25
200912,48929409,第一金台灣成長基金,AA1,TWD,7.29
200912,48934304,統一台灣動力基金,AA1,TWD,8.32
200912,48944204,凱基台灣電利基金,AA1,TWD,6.86
200912,48948481,日盛首選基金,AA1,TWD,9.89
200912,48948623,國泰台灣計量基金,AA1,TWD,9.81
200912,48948834,施羅德樂活中小基金,AA1,TWD,9.55
200912,48997911,德盛安聯台灣智慧趨勢基金,AA1,TWD,10.17
200912,73982057,宏利宏利基金,AA1,TWD,13.25
200912,73987671,匯豐台灣精典基金,AA1,TWD,15.97
200912,73988171,德信全方位基金,AA1,TWD,12.19
200912,73988876,日盛小而美基金,AA1,TWD,14.73
200912,73989002,第一金小型精選基金,AA1,TWD,19.5
200912,73989256,景順台灣科技基金,AA1,TWD,20.04
200912,73989501,摩根富林明JF中小基金,AA1,TWD,20.77
200912,73990253,統一奔騰基金,AA1,TWD,29.12
200912,73990649,保德信科技島基金,AA1,TWD,17.68
200912,73991751,兆豐國際電子基金,AA1,TWD,21.41
200912,73992013,永豐領航科技基金,AA1,TWD,18.05
200912,73998071,新光店頭基金,AA1,TWD,23.05
200912,73998086,復華高成長基金,AA1,TWD,27.83
200912,73999260,金鼎行動基金,AA1,TWD,14.64
200912,76941376,匯豐成功基金,AA1,TWD,22.04
200912,77537493,統一統信基金,AA1,TWD,19.36
200912,77537509,元大多元基金,AA1,TWD,12.94
200912,80892778,華頓中小型基金,AA1,TWD,27.4
200912,80894446,台灣工銀中國通基金,AA1,TWD,17.77
200912,81580149,新光國家建設基金,AA1,TWD,19.63
200912,81581724,統一經建基金,AA1,TWD,19.11
200912,81584335,元大高科技基金,AA1,TWD,15.69
200912,81584975,日盛上選基金,AA1,TWD,26.17
200912,81584996,兆豐國際中小基金,AA1,TWD,14.43
200912,81585242,新光創新科技基金,AA1,TWD,11.22
200912,81585475,富邦高成長基金,AA1,TWD,14.62
200912,81587889,復華復華基金,AA1,TWD,8.21
200912,81588536,台灣工銀大眾基金,AA1,TWD,18.91
200912,81591434,群益長安基金,AA1,TWD,15.16
200912,81594690,永豐永豐基金,AA1,TWD,25.09
200912,81595924,保誠中小型股基金,AA1,TWD,14.58
200912,83863951,元大經貿基金,AA1,TWD,27.44
200912,83864683,富邦科技基金,AA1,TWD,22.55
200912,83866508,保德信中小型股基金,AA1,TWD,32.3
200912,92000533,新光台灣永發基金,AA1,TWD,12.24
200912,92001765,元大多多基金,AA1,TWD,19.47
200912,92002244,統一黑馬基金,AA1,TWD,27.05
200912,92002384,富邦精準基金,AA1,TWD,45.93
200912,92003102,保誠高科技基金,AA1,TWD,42.88
200912,92003790,兆豐國際精選二十基金,AA1,TWD,11.78
200912,92004566,寶來績效基金,AA1,TWD,28.46
200912,92010477,富邦長紅基金,AA1,TWD,42.37
200912,92010770,富邦台灣鳳凰基金,AA1,TWD,655.54
200912,92012025,摩根富林明JF新興科技基金,AA1,TWD,39.26
200912,92012572,保誠外銷基金,AA1,TWD,27.7
200912,92012762,統一龍馬基金,AA1,TWD,34.98
200912,92013967,保德信金滿意基金,AA1,TWD,30.35
200912,92016839,華南永昌前瞻科技基金,AA1,TWD,12.38
200912,92017794,匯豐龍騰電子基金,AA1,TWD,26.49
200912,92019786,景順潛力基金,AA1,TWD,22.98
200912,92026219,元大卓越基金,AA1,TWD,37.58
200912,92028997,群益中小型股基金,AA1,TWD,28.39
200912,94991068,日盛新台商基金,AA1,TWD,29.37
200912,97972846,德信大發基金,AA1,TWD,18.28
200912,97974078,富邦冠軍基金,AA1,TWD,25.67
200912,97977878,統一中小基金,AA1,TWD,14.64
200912,97978102,保誠掌櫃基金,AA1,TWD,14.98
200912,97980043,第一金福王基金,AA1,TWD,15.26
200912,97982984,金鼎概念型基金,AA1,TWD,27.51
200912,97984293,群益馬拉松基金,AA1,TWD,68.26
200912,97988636,保德信店頭市場基金,AA1,TWD,26.29
200912,97990696,保誠菁華基金,AA1,TWD,17.79
200912,97995664,匯豐中小基金,AA1,TWD,7.11
200912,97997635,金鼎大利基金,AA1,TWD,30.19
200912,99354335,摩根富林明JF台灣微型基金,AA1,TWD,20.0
200912,99973878,安泰ING台灣高股息基金,AA1,TWD,16.34
201003,00965469,兆豐國際第一基金,AA1,TWD,12.33
201003,00968493,安泰ING鴻運基金,AA1,TWD,10.11
201003,00968521,第一金福元基金,AA1,TWD,8.43
201003,00973762,華南永昌永昌基金,AA1,TWD,9.16
201003,00974018,富邦富邦基金,AA1,TWD,8.63
201003,00974039,摩根富林明JF台灣基金,AA1,TWD,8.93
201003,00974066,寶來2001基金,AA1,TWD,36.88
201003,00974241,新光台灣富貴基金,AA1,TWD,18.72
201003,00988316,安泰ING台灣運籌基金,AA1,TWD,15.92
201003,00989005,匯豐匯豐基金,AA1,TWD,128.1
201003,01031298,匯豐龍鳳基金,AA1,TWD,29.74
201003,01031564,安泰ING積極成長基金,AA1,TWD,6.63
201003,01031699,統一全天候基金,AA1,TWD,39.35
201003,01031874,國泰小龍基金,AA1,TWD,10.75
201003,01032058,元大多福基金,AA1,TWD,41.17
201003,01032162,摩根富林明JF台灣增長基金,AA1,TWD,31.79
201003,01032183,保德信高成長基金,AA1,TWD,61.15
201003,01032803,第一金萬得福基金,AA1,TWD,13.01
201003,01050013,匯豐成長基金,AA1,TWD,19.64
201003,01050148,兆豐國際國民基金,AA1,TWD,24.23
201003,10300195,第一金金鑽基金,AA1,TWD,8.89
201003,10300929,華南永昌台灣精選基金,AA1,TWD,6.93
201003,10337833,康和比聯台灣紅不讓基金,AA1,TWD,12.21
201003,10341251,台壽保台灣新趨勢基金,AA1,TWD,12.61
201003,10341837,兆豐國際豐台灣基金,AA1,TWD,18.56
201003,10342250,德銀遠東DWS台灣精選主題基金,AA1,TWD,13.34
201003,10388939,富邦台灣企業社會責任基金,AA1,TWD,14.0
201003,13528977,保德信台商全方位基金,AA1,TWD,22.79
201003,13539952,凱基開創基金,AA1,TWD,14.48
201003,13984165,富達台灣成長基金,AA1,TWD,20.09
201003,13986924,新光大三通基金,AA1,TWD,17.25
201003,13998344,永豐中小基金,AA1,TWD,43.03
201003,14542287,寶來精準中小基金,AA1,TWD,17.86
201003,14545897,德銀遠東DWS科技基金,AA1,TWD,15.22
201003,14693572,聯邦台灣創新基金,AA1,TWD,13.38
201003,14694495,華頓台灣基金,AA1,TWD,18.8
201003,14705562,國泰科技生化基金,AA1,TWD,25.06
201003,15588302,景順台灣精選成長基金,AA1,TWD,19.26
201003,15733973,富蘭克林華美第一富基金,AA1,TWD,23.42
201003,15739619,第一金大中華基金,AA1,TWD,18.82
201003,17139204,元大新主流基金,AA1,TWD,18.16
201003,17140568,景順主流基金,AA1,TWD,12.49
201003,17141187,富鼎半導體科技基金,AA1,TWD,10.61
201003,17144889,宏利雙響炮基金,AA1,TWD,12.04
201003,17144945,摩根富林明JF價值成長基金,AA1,TWD,12.25
201003,17145070,寶來矽谷基金,AA1,TWD,11.95
201003,17146752,安泰ING成長基金,AA1,TWD,15.41
201003,17147078,日盛精選五虎基金,AA1,TWD,18.83
201003,17148301,富邦台灣心基金,AA1,TWD,12.26
201003,17152509,永豐高科技基金,AA1,TWD,13.83
201003,17153795,富邦價值基金,AA1,TWD,14.22
201003,17597236,聯邦精選科技基金,AA1,TWD,8.07
201003,17597600,台壽保阿波羅基金,AA1,TWD,8.66
201003,17600534,安泰ING高科技基金,AA1,TWD,5.67
201003,17602625,保德信新世紀基金,AA1,TWD,6.73
201003,17602821,台灣工銀2000高科技基金,AA1,TWD,15.89
201003,17603899,保誠電通網基金,AA1,TWD,10.2
201003,17604124,德盛台灣大壩基金,AA1,TWD,7.83
201003,17605622,統一大滿貫基金,AA1,TWD,15.16
201003,17607591,日盛高科技基金,AA1,TWD,10.53
201003,17608445,富邦網路基金,AA1,TWD,8.99
201003,17608487,復華數位經濟基金,AA1,TWD,18.9
201003,17612497,國泰國泰基金,AA1,TWD,14.69
201003,18031960,安多利高科技基金,AA1,TWD,7.9
201003,18033138,德信數位時代基金,AA1,TWD,15.41
201003,18036281,元大巴菲特基金,AA1,TWD,18.43
201003,18037937,安泰INGｅ科技基金,AA1,TWD,11.44
201003,18040665,犇華高科技基金,AA1,TWD,15.67
201003,18043059,國泰中小成長基金,AA1,TWD,31.83
201003,18480065,德盛科技大壩基金,AA1,TWD,16.49
201003,18488279,復華中小精選基金,AA1,TWD,26.21
201003,18488469,安泰ING中小基金,AA1,TWD,20.15
201003,18496290,聯邦中國龍基金,AA1,TWD,15.64
201003,18499732,德銀遠東DWS台灣旗艦基金,AA1,TWD,15.66
201003,19291128,國泰大中華基金,AA1,TWD,19.34
201003,19330712,犇華寶利基金,AA1,TWD,9.55
201003,19330754,安泰ING優質基金,AA1,TWD,18.91
201003,19339782,群益創新科技基金,AA1,TWD,19.58
201003,19341318,第一金電子基金,AA1,TWD,16.53
201003,20080023,元大店頭基金,AA1,TWD,8.35
201003,20081352,群益店頭市場基金,AA1,TWD,43.18
201003,20084317,日盛日盛基金,AA1,TWD,12.7
201003,20089755,富邦精銳中小基金,AA1,TWD,7.64
201003,20092528,第一金店頭市場基金,AA1,TWD,8.32
201003,20094672,金鼎寶櫃基金,AA1,TWD,10.55
201003,20094820,柏瑞巨人基金,AA1,TWD,9.48
201003,20097447,保德信第一基金,AA1,TWD,17.74
201003,21759676,復華全方位基金,AA1,TWD,11.59
201003,25601923,施羅德台灣主動基金,AA1,TWD,10.68
201003,25612029,凱基台灣精五門基金,AA1,TWD,10.29
201003,25614244,寶來寶來(A)基金,AA1,TWD,9.94
201003,25636367,摩根富林明JF台灣金磚基金,AA1,TWD,10.65
201003,29222213,台新台新基金,AA1,TWD,7.81
201003,48675778,群益奧斯卡基金,AA1,TWD,15.35
201003,48731589,華頓典範科技基金,AA1,TWD,10.79
201003,48749899,群益葛萊美基金,AA1,TWD,11.66
201003,48801228,台灣工銀新台灣基金,AA1,TWD,11.88
201003,48809501,富鼎台灣優勢基金,AA1,TWD,8.4
201003,48858663,台新主流基金,AA1,TWD,9.1
201003,48893417,富鼎台灣活力基金,AA1,TWD,5.64
201003,48929007,華南永昌愛台灣基金,AA1,TWD,7.71
201003,48929409,第一金台灣成長基金,AA1,TWD,7.03
201003,48934304,統一台灣動力基金,AA1,TWD,7.39
201003,48944204,凱基台灣電利基金,AA1,TWD,6.66
201003,48948481,日盛首選基金,AA1,TWD,9.44
201003,48948623,國泰台灣計量基金,AA1,TWD,9.61
201003,48948834,施羅德樂活中小基金,AA1,TWD,9.13
201003,48997911,德盛安聯台灣智慧趨勢基金,AA1,TWD,9.78
201003,73982057,宏利宏利基金,AA1,TWD,12.69
201003,73987671,匯豐台灣精典基金,AA1,TWD,15.41
201003,73988171,德信全方位基金,AA1,TWD,11.56
201003,73988876,日盛小而美基金,AA1,TWD,14.37
201003,73989002,第一金小型精選基金,AA1,TWD,17.88
201003,73989256,景順台灣科技基金,AA1,TWD,19.06
201003,73989501,摩根富林明JF中小基金,AA1,TWD,19.61
201003,73990253,統一奔騰基金,AA1,TWD,26.45
201003,73990649,保德信科技島基金,AA1,TWD,17.18
201003,73991751,兆豐國際電子基金,AA1,TWD,19.33
201003,73992013,永豐領航科技基金,AA1,TWD,16.96
201003,73998071,新光店頭基金,AA1,TWD,21.9
201003,73998086,復華高成長基金,AA1,TWD,27.48
201003,73999260,金鼎行動基金,AA1,TWD,13.69
201003,76941376,匯豐成功基金,AA1,TWD,22.23
201003,77537493,統一統信基金,AA1,TWD,18.06
201003,77537509,元大多元基金,AA1,TWD,10.72
201003,80892778,華頓中小型基金,AA1,TWD,24.91
201003,80894446,台灣工銀中國通基金,AA1,TWD,16.75
201003,81580149,新光國家建設基金,AA1,TWD,18.9
201003,81581724,統一經建基金,AA1,TWD,17.82
201003,81584335,元大高科技基金,AA1,TWD,15.18
201003,81584975,日盛上選基金,AA1,TWD,25.19
201003,81584996,兆豐國際中小基金,AA1,TWD,14.01
201003,81585242,新光創新科技基金,AA1,TWD,10.48
201003,81585475,富邦高成長基金,AA1,TWD,13.97
201003,81587889,復華復華基金,AA1,TWD,7.95
201003,81588536,台灣工銀大眾基金,AA1,TWD,17.62
201003,81591434,群益長安基金,AA1,TWD,14.64
201003,81594690,永豐永豐基金,AA1,TWD,23.79
201003,81595924,保誠中小型股基金,AA1,TWD,14.0
201003,83863951,元大經貿基金,AA1,TWD,25.97
201003,83864683,富邦科技基金,AA1,TWD,21.2
201003,83866508,保德信中小型股基金,AA1,TWD,31.93
201003,92000533,新光台灣永發基金,AA1,TWD,11.39
201003,92001765,元大多多基金,AA1,TWD,19.51
201003,92002244,統一黑馬基金,AA1,TWD,25.01
201003,92002384,富邦精準基金,AA1,TWD,43.39
201003,92003102,保誠高科技基金,AA1,TWD,39.44
201003,92003790,兆豐國際精選二十基金,AA1,TWD,10.75
201003,92004566,寶來績效基金,AA1,TWD,27.02
201003,92010477,富邦長紅基金,AA1,TWD,39.68
201003,92010770,富邦台灣鳳凰基金,AA1,TWD,612.97
201003,92012025,摩根富林明JF新興科技基金,AA1,TWD,36.02
201003,92012572,保誠外銷基金,AA1,TWD,25.89
201003,92012762,統一龍馬基金,AA1,TWD,32.7
201003,92013967,保德信金滿意基金,AA1,TWD,28.57
201003,92016839,華南永昌前瞻科技基金,AA1,TWD,11.06
201003,92017794,匯豐龍騰電子基金,AA1,TWD,24.96
201003,92019786,景順潛力基金,AA1,TWD,21.84
201003,92026219,元大卓越基金,AA1,TWD,35.77
201003,92028997,群益中小型股基金,AA1,TWD,26.79
201003,94991068,日盛新台商基金,AA1,TWD,29.13
201003,97972846,德信大發基金,AA1,TWD,17.08
201003,97974078,富邦冠軍基金,AA1,TWD,24.12
201003,97977878,統一中小基金,AA1,TWD,14.58
201003,97978102,保誠掌櫃基金,AA1,TWD,14.36
201003,97980043,第一金福王基金,AA1,TWD,13.08
201003,97982984,金鼎概念型基金,AA1,TWD,26.6
201003,97984293,群益馬拉松基金,AA1,TWD,64.31
201003,97988636,保德信店頭市場基金,AA1,TWD,25.23
201003,97990696,保誠菁華基金,AA1,TWD,16.54
201003,97995664,匯豐中小基金,AA1,TWD,6.77
201003,97997635,金鼎大利基金,AA1,TWD,28.09
201003,99354335,摩根富林明JF台灣微型基金,AA1,TWD,18.99
201003,99973878,安泰ING台灣高股息基金,AA1,TWD,15.96
201006,00965469,兆豐國際第一基金,AA1,TWD,11.1
201006,00968493,安泰ING鴻運基金,AA1,TWD,9.39
201006,00968521,第一金福元基金,AA1,TWD,7.34
201006,00973762,華南永昌永昌基金,AA1,TWD,8.73
201006,00974018,富邦富邦基金,AA1,TWD,7.79
201006,00974039,摩根富林明JF台灣基金,AA1,TWD,7.98
201006,00974066,寶來二00一基金,AA1,TWD,31.46
201006,00974241,新光台灣富貴基金,AA1,TWD,17.11
201006,00988316,安泰ING台灣運籌基金,AA1,TWD,14.42
201006,00989005,匯豐匯豐基金,AA1,TWD,118.9
201006,01031298,匯豐龍鳳基金,AA1,TWD,27.55
201006,01031564,安泰ING積極成長基金,AA1,TWD,5.83
201006,01031699,統一全天候基金,AA1,TWD,35.81
201006,01031874,國泰小龍基金,AA1,TWD,9.81
201006,01032058,元大多福基金,AA1,TWD,38.96
201006,01032162,摩根富林明JF台灣增長基金,AA1,TWD,28.46
201006,01032183,保德信高成長基金,AA1,TWD,57.91
201006,01032803,第一金萬得福基金,AA1,TWD,12.08
201006,01050013,匯豐成長基金,AA1,TWD,18.25
201006,01050148,兆豐國際國民基金,AA1,TWD,21.91
201006,10300195,第一金金鑽基金,AA1,TWD,8.17
201006,10300929,華南永昌台灣精選基金,AA1,TWD,6.42
201006,10337833,康和比聯台灣紅不讓基金,AA1,TWD,11.3
201006,10341251,台壽保台灣新趨勢基金,AA1,TWD,11.97
201006,10341837,兆豐國際豐台灣基金,AA1,TWD,17.6
201006,10342250,德銀遠東DWS台灣精選主題,AA1,TWD,12.11
201006,10388939,富邦台灣企業社會責任基金,AA1,TWD,10.89
201006,13528977,保德信台商全方位基金,AA1,TWD,21.13
201006,13539952,凱基開創基金,AA1,TWD,12.76
201006,13984165,富達台灣成長基金,AA1,TWD,18.04
201006,13986924,新光大三通基金,AA1,TWD,15.45
201006,13998344,永豐中小基金,AA1,TWD,40.71
201006,14542287,寶來精準中小基金,AA1,TWD,15.71
201006,14545897,德銀遠東DWS科技,AA1,TWD,13.52
201006,14693572,聯邦台灣創新基金,AA1,TWD,12.47
201006,14694495,華頓台灣基金,AA1,TWD,17.48
201006,14705562,國泰科技生化基金,AA1,TWD,22.13
201006,15588302,景順台灣精選成長基金,AA1,TWD,16.75
201006,15733973,富蘭克林華美第一富基金,AA1,TWD,21.65
201006,15739619,第一金大中華基金,AA1,TWD,17.03
201006,17139204,元大新主流基金,AA1,TWD,16.71
201006,17140568,景順主流基金,AA1,TWD,11.4
201006,17141187,富鼎半導體科技基金,AA1,TWD,9.81
201006,17144889,宏利雙響炮基金,AA1,TWD,11.47
201006,17144945,摩根富林明JF價值成長基金,AA1,TWD,11.44
201006,17145070,寶來矽谷基金,AA1,TWD,11.07
201006,17146752,安泰ING成長基金,AA1,TWD,13.65
201006,17147078,日盛精選五虎基金,AA1,TWD,18.37
201006,17148301,富邦台灣心基金,AA1,TWD,10.93
201006,17152509,永豐高科技基金,AA1,TWD,11.73
201006,17153795,富邦價值基金,AA1,TWD,12.98
201006,17597236,聯邦精選科技基金,AA1,TWD,7.42
201006,17597600,台壽保阿波羅基金,AA1,TWD,7.74
201006,17600534,安泰ING高科技基金,AA1,TWD,5.01
201006,17602625,保德信新世紀基金,AA1,TWD,6.45
201006,17602821,台灣工銀2000高科技基金,AA1,TWD,13.78
201006,17603899,保誠電通網基金,AA1,TWD,9.37
201006,17604124,德盛台灣大壩基金,AA1,TWD,7.31
201006,17605622,統一大滿貫基金,AA1,TWD,14.56
201006,17607591,日盛高科技基金,AA1,TWD,9.4
201006,17608445,富邦網路基金,AA1,TWD,7.88
201006,17608487,復華數位經濟基金,AA1,TWD,17.58
201006,17612497,國泰國泰基金,AA1,TWD,13.1
201006,18031960,安多利高科技基金,AA1,TWD,7.0
201006,18033138,德信數位時代基金,AA1,TWD,14.06
201006,18036281,元大巴菲特基金,AA1,TWD,17.1
201006,18037937,安泰INGｅ科技基金,AA1,TWD,10.07
201006,18040665,華高科技基金,AA1,TWD,13.78
201006,18043059,國泰中小成長基金,AA1,TWD,28.58
201006,18480065,德盛科技大壩基金,AA1,TWD,15.28
201006,18488279,復華中小精選基金,AA1,TWD,23.56
201006,18488469,安泰ING中小基金,AA1,TWD,18.81
201006,18496290,聯邦中國龍基金,AA1,TWD,14.84
201006,18499732,德銀遠東DWS台灣旗艦,AA1,TWD,14.24
201006,19291128,國泰大中華基金,AA1,TWD,17.07
201006,19330712,華寶利基金,AA1,TWD,8.46
201006,19330754,安泰ING優質基金,AA1,TWD,16.7
201006,19339782,群益創新科技基金,AA1,TWD,18.18
201006,19341318,第一金電子基金,AA1,TWD,14.82
201006,20080023,元大店頭基金,AA1,TWD,7.44
201006,20081352,群益店頭市場基金,AA1,TWD,41.32
201006,20084317,日盛日盛基金,AA1,TWD,10.8
201006,20089755,富邦精銳中小基金,AA1,TWD,7.58
201006,20092528,第一金店頭市場基金,AA1,TWD,7.41
201006,20094672,金鼎寶櫃基金,AA1,TWD,10.41
201006,20094820,柏瑞巨人基金,AA1,TWD,8.59
201006,20097447,保德信第一基金,AA1,TWD,16.26
201006,21759676,復華全方位基金,AA1,TWD,10.39
201006,25601923,施羅德台灣主動基金,AA1,TWD,10.14
201006,25612029,凱基台灣精五門基金,AA1,TWD,9.5
201006,25614244,寶來寶來（Ａ）基金,AA1,TWD,8.81
201006,25636367,摩根富林明JF台灣金磚基金,AA1,TWD,9.21
201006,29222213,台新台新基金,AA1,TWD,7.45
201006,48675778,群益奧斯卡基金,AA1,TWD,14.73
201006,48731589,華頓典範科技基金,AA1,TWD,9.51
201006,48749899,群益葛萊美基金,AA1,TWD,11.38
201006,48801228,台灣工銀新台灣基金,AA1,TWD,10.9
201006,48809501,富鼎台灣優勢基金,AA1,TWD,7.96
201006,48858663,台新主流基金,AA1,TWD,8.57
201006,48893417,富鼎台灣活力基金,AA1,TWD,5.34
201006,48929007,華南永昌愛台灣基金,AA1,TWD,6.83
201006,48929409,第一金台灣成長基金,AA1,TWD,6.37
201006,48934304,統一台灣動力基金,AA1,TWD,6.77
201006,48944204,凱基台灣電利基金,AA1,TWD,5.84
201006,48948481,日盛首選基金,AA1,TWD,8.54
201006,48948623,國泰台灣計量基金,AA1,TWD,9.03
201006,48948834,施羅德樂活中小基金,AA1,TWD,8.77
201006,48997911,德盛安聯台灣智慧趨勢基金,AA1,TWD,9.27
201006,73982057,宏利宏利基金,AA1,TWD,11.83
201006,73987671,匯豐台灣精典基金,AA1,TWD,14.22
201006,73988171,德信全方位基金,AA1,TWD,10.62
201006,73988876,日盛小而美基金,AA1,TWD,12.85
201006,73989002,第一金小型精選基金,AA1,TWD,16.19
201006,73989256,景順台灣科技基金,AA1,TWD,16.95
201006,73989501,摩根富林明JF中小基金,AA1,TWD,17.9
201006,73990253,統一奔騰基金,AA1,TWD,24.36
201006,73990649,保德信科技島基金,AA1,TWD,15.44
201006,73991751,兆豐國際電子基金,AA1,TWD,16.6
201006,73992013,永豐領航科技基金,AA1,TWD,15.06
201006,73998071,新光店頭基金,AA1,TWD,18.54
201006,73998086,復華高成長基金,AA1,TWD,25.24
201006,73999260,金鼎行動基金,AA1,TWD,13.18
201006,76941376,匯豐成功基金,AA1,TWD,21.13
201006,77537493,統一統信基金,AA1,TWD,16.34
201006,77537509,元大多元基金,AA1,TWD,9.66
201006,80892778,華頓中小型基金,AA1,TWD,22.29
201006,80894446,台灣工銀中國通基金,AA1,TWD,15.24
201006,81580149,新光國家建設基金,AA1,TWD,17.08
201006,81581724,統一經建基金,AA1,TWD,16.28
201006,81584335,元大高科技基金,AA1,TWD,13.62
201006,81584975,日盛上選基金,AA1,TWD,22.64
201006,81584996,兆豐國際中小基金,AA1,TWD,12.76
201006,81585242,新光創新科技基金,AA1,TWD,9.37
201006,81585475,富邦高成長基金,AA1,TWD,13.42
201006,81587889,復華復華基金,AA1,TWD,7.29
201006,81588536,台灣工銀大眾基金,AA1,TWD,15.78
201006,81591434,群益長安基金,AA1,TWD,14.08
201006,81594690,永豐永豐基金,AA1,TWD,22.82
201006,81595924,保誠中小型股基金,AA1,TWD,12.62
201006,83863951,元大經貿基金,AA1,TWD,23.67
201006,83864683,富邦科技基金,AA1,TWD,19.07
201006,83866508,保德信中小型股基金,AA1,TWD,30.49
201006,92000533,新光台灣永發基金,AA1,TWD,10.97
201006,92001765,元大多多基金,AA1,TWD,18.0
201006,92002244,統一黑馬基金,AA1,TWD,23.66
201006,92002384,富邦精準基金,AA1,TWD,39.25
201006,92003102,保誠高科技基金,AA1,TWD,35.72
201006,92003790,兆豐國際精選二十基金,AA1,TWD,9.53
201006,92004566,寶來績效基金,AA1,TWD,25.43
201006,92010477,富邦長紅基金,AA1,TWD,36.03
201006,92010770,富邦台灣鳳凰基金,AA1,TWD,539.93
201006,92012025,摩根富林明JF新興科技基金,AA1,TWD,31.72
201006,92012572,保誠外銷基金,AA1,TWD,23.48
201006,92012762,統一龍馬基金,AA1,TWD,29.88
201006,92013967,保德信金滿意基金,AA1,TWD,26.2
201006,92016839,華南永昌前瞻科技基金,AA1,TWD,10.43
201006,92017794,匯豐龍騰電子基金,AA1,TWD,22.03
201006,92019786,景順潛力基金,AA1,TWD,19.92
201006,92026219,元大卓越基金,AA1,TWD,33.2
201006,92028997,群益中小型股基金,AA1,TWD,24.27
201006,94991068,日盛新台商基金,AA1,TWD,26.85
201006,97972846,德信大發基金,AA1,TWD,15.59
201006,97974078,富邦冠軍基金,AA1,TWD,21.19
201006,97977878,統一中小基金,AA1,TWD,13.23
201006,97978102,保誠掌櫃基金,AA1,TWD,12.84
201006,97980043,第一金福王基金,AA1,TWD,11.16
201006,97982984,金鼎概念型基金,AA1,TWD,26.34
201006,97984293,群益馬拉松基金,AA1,TWD,58.77
201006,97988636,保德信店頭市場基金,AA1,TWD,22.79
201006,97990696,保誠菁華基金,AA1,TWD,15.38
201006,97995664,匯豐中小基金,AA1,TWD,6.25
201006,97997635,金鼎大利基金,AA1,TWD,26.97
201006,99354335,摩根富林明JF台灣微型基金,AA1,TWD,17.08
201006,99973878,安泰ING台灣高股息基金,AA1,TWD,14.79
201009,00965469,兆豐國際第一基金,AA1,TWD,12.95
201009,00968493,安泰ING鴻運基金,AA1,TWD,10.88
201009,00968521,第一金福元基金,AA1,TWD,8.18
201009,00973762,華南永昌永昌基金,AA1,TWD,10.04
201009,00974018,富邦富邦基金,AA1,TWD,8.55
201009,00974039,摩根富林明JF台灣基金,AA1,TWD,9.02
201009,00974066,寶來二00一基金,AA1,TWD,36.71
201009,00974241,新光台灣富貴基金,AA1,TWD,19.93
201009,00988316,安泰ING台灣運籌基金,AA1,TWD,16.93
201009,01031298,匯豐龍鳳基金,AA1,TWD,31.73
201009,01031564,安泰ING積極成長基金,AA1,TWD,6.51
201009,01031699,統一全天候基金,AA1,TWD,43.66
201009,01031874,國泰小龍基金,AA1,TWD,11.18
201009,01032058,元大多福基金,AA1,TWD,43.48
201009,01032162,摩根富林明JF台灣增長基金,AA1,TWD,32.25
201009,01032183,保德信高成長基金,AA1,TWD,64.79
201009,01032803,第一金萬得福基金,AA1,TWD,13.61
201009,01050013,匯豐成長基金,AA1,TWD,21.29
201009,01050148,兆豐國際國民基金,AA1,TWD,25.37
201009,10300195,第一金金鑽基金,AA1,TWD,9.49
201009,10300929,華南永昌台灣精選基金,AA1,TWD,7.29
201009,10337833,康和比聯台灣紅不讓基金,AA1,TWD,12.89
201009,10341251,台壽保台灣新趨勢基金,AA1,TWD,13.84
201009,10341837,兆豐國際豐台灣基金,AA1,TWD,19.84
201009,10342250,德銀遠東DWS台灣精選主題,AA1,TWD,13.54
201009,10388939,富邦台灣企業社會責任基金,AA1,TWD,12.84
201009,13528977,保德信台商全方位基金,AA1,TWD,24.14
201009,13539952,凱基開創基金,AA1,TWD,13.55
201009,13984165,富達台灣成長基金,AA1,TWD,20.48
201009,13986924,新光大三通基金,AA1,TWD,17.47
201009,13998344,永豐中小基金,AA1,TWD,45.35
201009,14542287,寶來精準中小基金,AA1,TWD,17.19
201009,14545897,德銀遠東DWS科技,AA1,TWD,14.8
201009,14693572,聯邦台灣創新基金,AA1,TWD,13.53
201009,14694495,華頓台灣基金,AA1,TWD,19.72
201009,14705562,國泰科技生化基金,AA1,TWD,24.85
201009,15588302,景順台灣精選成長基金,AA1,TWD,18.82
201009,15733973,富蘭克林華美第一富基金,AA1,TWD,25.01
201009,15739619,第一金大中華基金,AA1,TWD,19.81
201009,17139204,元大新主流基金,AA1,TWD,18.92
201009,17140568,景順主流基金,AA1,TWD,13.92
201009,17141187,富鼎半導體科技基金,AA1,TWD,10.83
201009,17144889,宏利台灣動力基金,AA1,TWD,13.45
201009,17144945,摩根富林明JF價值成長基金,AA1,TWD,12.96
201009,17145070,寶來矽谷基金,AA1,TWD,12.53
201009,17146752,安泰ING成長基金,AA1,TWD,15.35
201009,17147078,日盛精選五虎基金,AA1,TWD,19.39
201009,17148301,富邦台灣心基金,AA1,TWD,12.61
201009,17152509,永豐高科技基金,AA1,TWD,12.26
201009,17153795,富邦價值基金,AA1,TWD,15.22
201009,17597236,聯邦精選科技基金,AA1,TWD,7.96
201009,17597600,台壽保阿波羅基金,AA1,TWD,8.87
201009,17600534,安泰ING高科技基金,AA1,TWD,5.71
201009,17602625,保德信新世紀基金,AA1,TWD,7.44
201009,17602821,台灣工銀2000高科技基金,AA1,TWD,15.53
201009,17603899,保誠電通網基金,AA1,TWD,10.52
201009,17604124,德盛台灣大壩基金,AA1,TWD,9.01
201009,17605622,統一大滿貫基金,AA1,TWD,16.96
201009,17607591,日盛高科技基金,AA1,TWD,9.97
201009,17608445,富邦網路基金,AA1,TWD,8.6
201009,17608487,復華數位經濟基金,AA1,TWD,19.25
201009,17612497,國泰國泰基金,AA1,TWD,14.72
201009,18031960,安多利高科技基金,AA1,TWD,7.29
201009,18033138,德信數位時代基金,AA1,TWD,16.2
201009,18036281,元大巴菲特基金,AA1,TWD,20.07
201009,18037937,安泰INGｅ科技基金,AA1,TWD,11.49
201009,18043059,國泰中小成長基金,AA1,TWD,32.02
201009,18480065,德盛科技大壩基金,AA1,TWD,18.77
201009,18488279,復華中小精選基金,AA1,TWD,25.75
201009,18488469,安泰ING中小基金,AA1,TWD,21.76
201009,18496290,聯邦中國龍基金,AA1,TWD,15.98
201009,18499732,德銀遠東DWS台灣旗艦,AA1,TWD,15.92
201009,19291128,國泰大中華基金,AA1,TWD,19.36
201009,19330712,華寶利基金,AA1,TWD,9.04
201009,19330754,安泰ING優質基金,AA1,TWD,19.1
201009,19339782,群益創新科技基金,AA1,TWD,21.12
201009,19341318,第一金電子基金,AA1,TWD,17.27
201009,20080023,元大店頭基金,AA1,TWD,8.31
201009,20081352,群益店頭市場基金,AA1,TWD,47.02
201009,20084317,日盛日盛基金,AA1,TWD,11.63
201009,20089755,富邦精銳中小基金,AA1,TWD,8.58
201009,20092528,第一金店頭市場基金,AA1,TWD,8.45
201009,20094672,金鼎寶櫃基金,AA1,TWD,10.8
201009,20094820,柏瑞巨人基金,AA1,TWD,8.98
201009,20097447,保德信第一基金,AA1,TWD,18.79
201009,21759676,復華全方位基金,AA1,TWD,11.92
201009,25601923,施羅德台灣主動基金,AA1,TWD,12.0
201009,25612029,凱基台灣精五門基金,AA1,TWD,12.25
201009,25614244,寶來寶來（Ａ）基金,AA1,TWD,10.14
201009,25636367,摩根富林明JF台灣金磚基金,AA1,TWD,10.78
201009,29222213,台新台新基金,AA1,TWD,8.57
201009,48675778,群益奧斯卡基金,AA1,TWD,17.18
201009,48731589,華頓典範科技基金,AA1,TWD,10.62
201009,48749899,群益葛萊美基金,AA1,TWD,13.35
201009,48801228,台灣工銀新台灣基金,AA1,TWD,12.3
201009,48809501,富鼎台灣優勢基金,AA1,TWD,9.92
201009,48858663,台新主流基金,AA1,TWD,9.99
201009,48893417,富鼎台灣活力基金,AA1,TWD,6.6
201009,48929007,華南永昌愛台灣基金,AA1,TWD,7.61
201009,48929409,第一金台灣成長基金,AA1,TWD,7.3
201009,48934304,統一台灣動力基金,AA1,TWD,7.87
201009,48944204,凱基台灣電利基金,AA1,TWD,6.02
201009,48948481,日盛首選基金,AA1,TWD,9.28
201009,48948623,國泰台灣計量基金,AA1,TWD,10.02
201009,48948834,施羅德樂活中小基金,AA1,TWD,10.18
201009,48997911,德盛安聯台灣智慧趨勢基金,AA1,TWD,11.46
201009,73982057,宏利宏利基金,AA1,TWD,13.77
201009,73987671,匯豐台灣精典基金,AA1,TWD,16.36
201009,73988171,德信全方位基金,AA1,TWD,12.08
201009,73988876,日盛小而美基金,AA1,TWD,13.79
201009,73989002,第一金小型精選基金,AA1,TWD,19.56
201009,73989256,景順台灣科技基金,AA1,TWD,21.52
201009,73989501,摩根富林明JF中小基金,AA1,TWD,20.29
201009,73990253,統一奔騰基金,AA1,TWD,28.6
201009,73990649,保德信科技島基金,AA1,TWD,18.58
201009,73991751,兆豐國際電子基金,AA1,TWD,18.63
201009,73992013,永豐領航科技基金,AA1,TWD,18.16
201009,73998071,新光店頭基金,AA1,TWD,19.74
201009,73998086,復華高成長基金,AA1,TWD,27.76
201009,73999260,金鼎行動基金,AA1,TWD,13.86
201009,76941376,匯豐成功基金,AA1,TWD,25.17
201009,77537493,統一統信基金,AA1,TWD,18.74
201009,77537509,元大多元基金,AA1,TWD,11.23
201009,80892778,華頓中小型基金,AA1,TWD,23.07
201009,80894446,台灣工銀中國通基金,AA1,TWD,17.65
201009,81580149,新光國家建設基金,AA1,TWD,19.6
201009,81581724,統一經建基金,AA1,TWD,19.91
201009,81584335,元大高科技基金,AA1,TWD,15.07
201009,81584975,日盛上選基金,AA1,TWD,24.7
201009,81584996,兆豐國際中小基金,AA1,TWD,14.03
201009,81585242,新光創新科技基金,AA1,TWD,10.93
201009,81585475,富邦高成長基金,AA1,TWD,15.58
201009,81587889,復華復華基金,AA1,TWD,8.19
201009,81588536,台灣工銀大眾基金,AA1,TWD,18.13
201009,81591434,群益長安基金,AA1,TWD,16.6
201009,81594690,永豐永豐基金,AA1,TWD,27.31
201009,81595924,保誠中小型股基金,AA1,TWD,14.29
201009,83863951,元大經貿基金,AA1,TWD,26.91
201009,83864683,富邦科技基金,AA1,TWD,21.4
201009,83866508,保德信中小型股基金,AA1,TWD,34.01
201009,92000533,新光台灣永發基金,AA1,TWD,12.73
201009,92001765,元大多多基金,AA1,TWD,19.98
201009,92002244,統一黑馬基金,AA1,TWD,27.46
201009,92002384,富邦精準基金,AA1,TWD,44.56
201009,92003102,保誠高科技基金,AA1,TWD,41.83
201009,92003790,兆豐國際精選二十基金,AA1,TWD,11.01
201009,92004566,寶來績效基金,AA1,TWD,30.16
201009,92010477,富邦長紅基金,AA1,TWD,41.48
201009,92010770,富邦台灣鳳凰基金,AA1,TWD,590.91
201009,92012025,摩根富林明JF新興科技基金,AA1,TWD,36.33
201009,92012572,保誠外銷基金,AA1,TWD,26.84
201009,92012762,統一龍馬基金,AA1,TWD,35.38
201009,92013967,保德信金滿意基金,AA1,TWD,29.51
201009,92016839,華南永昌前瞻科技基金,AA1,TWD,12.2
201009,92017794,匯豐龍騰電子基金,AA1,TWD,24.73
201009,92019786,景順潛力基金,AA1,TWD,24.09
201009,92026219,元大卓越基金,AA1,TWD,38.26
201009,92028997,群益中小型股基金,AA1,TWD,27.81
201009,94991068,日盛新台商基金,AA1,TWD,28.36
201009,97972846,大發基金,AA1,TWD,17.32
201009,97974078,富邦冠軍基金,AA1,TWD,23.28
201009,97977878,統一中小基金,AA1,TWD,15.09
201009,97978102,保誠掌櫃基金,AA1,TWD,14.3
201009,97980043,第一金福王基金,AA1,TWD,12.67
201009,97982984,金鼎概念型基金,AA1,TWD,27.05
201009,97984293,群益馬拉松基金,AA1,TWD,68.49
201009,97988636,保德信店頭市場基金,AA1,TWD,26.11
201009,97990696,保誠菁華基金,AA1,TWD,17.11
201009,97995664,匯豐中小基金,AA1,TWD,7.15
201009,97997635,金鼎大利基金,AA1,TWD,28.9
201009,99354335,摩根富林明JF台灣微型基金,AA1,TWD,19.44
201009,99973878,安泰ING台灣高股息基金,AA1,TWD,16.35
201012,00965469,兆豐國際第一基金,AA1,TWD,13.14
201012,00968493,安泰ING鴻運基金,AA1,TWD,10.86
201012,00968521,第一金福元基金,AA1,TWD,8.19
201012,00973762,華南永昌永昌基金,AA1,TWD,10.22
201012,00974018,富邦富邦基金,AA1,TWD,8.92
201012,00974039,摩根富林明JF台灣基金,AA1,TWD,9.59
201012,00974066,寶來二00一基金,AA1,TWD,37.67
201012,00974241,新光台灣富貴基金,AA1,TWD,20.44
201012,00988316,安泰ING台灣運籌基金,AA1,TWD,17.98
201012,01031298,匯豐龍鳳基金,AA1,TWD,34.82
201012,01031564,安泰ING積極成長基金,AA1,TWD,6.56
201012,01031699,統一全天候基金,AA1,TWD,46.0
201012,01031874,國泰小龍基金,AA1,TWD,11.8
201012,01032058,元大多福基金,AA1,TWD,44.41
201012,01032162,摩根富林明JF台灣增長基金,AA1,TWD,34.29
201012,01032183,保德信高成長基金,AA1,TWD,69.83
201012,01032803,第一金萬得福基金,AA1,TWD,12.7
201012,01050013,匯豐成長基金,AA1,TWD,23.03
201012,01050148,兆豐國際國民基金,AA1,TWD,26.07
201012,10300195,第一金金鑽基金,AA1,TWD,9.7
201012,10300929,華南永昌台灣精選基金,AA1,TWD,7.75
201012,10337833,康和比聯台灣紅不讓基金,AA1,TWD,14.01
201012,10341251,台壽保台灣新趨勢基金,AA1,TWD,13.34
201012,10341837,兆豐國際豐台灣基金,AA1,TWD,21.74
201012,10342250,德銀遠東DWS台灣精選主題基金,AA1,TWD,14.35
201012,10388939,富邦台灣企業社會責任基金-A類型,AA1,TWD,13.16
201012,13528977,保德信台商全方位基金,AA1,TWD,25.24
201012,13539952,凱基開創基金,AA1,TWD,14.23
201012,13984165,富達台灣成長基金,AA1,TWD,21.67
201012,13986924,新光大三通基金,AA1,TWD,17.6
201012,13998344,永豐中小基金,AA1,TWD,45.61
201012,14542287,寶來精準中小基金,AA1,TWD,17.05
201012,14545897,德銀遠東DWS科技基金,AA1,TWD,15.31
201012,14693572,聯邦台灣創新基金,AA1,TWD,13.58
201012,14694495,華頓台灣基金,AA1,TWD,20.74
201012,14705562,國泰科技生化基金,AA1,TWD,25.85
201012,15588302,景順台灣精選成長基金,AA1,TWD,20.59
201012,15733973,富蘭克林華美第一富基金,AA1,TWD,25.92
201012,15739619,第一金大中華基金,AA1,TWD,20.15
201012,17139204,元大新主流基金,AA1,TWD,20.51
201012,17140568,景順主流基金,AA1,TWD,14.98
201012,17141187,富鼎半導體科技基金,AA1,TWD,10.54
201012,17144889,宏利台灣動力基金,AA1,TWD,14.51
201012,17144945,摩根富林明JF價值成長基金,AA1,TWD,13.84
201012,17145070,寶來矽谷基金,AA1,TWD,12.71
201012,17146752,安泰ING成長基金,AA1,TWD,15.47
201012,17147078,日盛精選五虎基金,AA1,TWD,20.44
201012,17148301,富邦台灣心基金,AA1,TWD,12.9
201012,17152509,永豐高科技基金,AA1,TWD,12.7
201012,17153795,富邦價值基金,AA1,TWD,16.3
201012,17597236,聯邦精選科技基金,AA1,TWD,7.66
201012,17597600,台壽保阿波羅基金,AA1,TWD,8.7
201012,17600534,安泰ING高科技基金,AA1,TWD,5.67
201012,17602625,保德信新世紀基金,AA1,TWD,8.38
201012,17602821,台灣工銀2000高科技基金,AA1,TWD,15.7
201012,17603899,保誠電通網基金,AA1,TWD,10.26
201012,17604124,德盛台灣大壩基金,AA1,TWD,9.29
201012,17605622,統一大滿貫基金,AA1,TWD,17.88
201012,17607591,日盛高科技基金,AA1,TWD,10.0
201012,17608445,富邦網路基金,AA1,TWD,8.52
201012,17608487,復華數位經濟基金,AA1,TWD,19.7
201012,17612497,國泰國泰基金,AA1,TWD,15.51
201012,18031960,安多利高科技基金,AA1,TWD,7.04
201012,18033138,德信數位時代基金,AA1,TWD,15.86
201012,18036281,元大巴菲特基金,AA1,TWD,21.37
201012,18037937,安泰INGｅ科技基金,AA1,TWD,11.45
201012,18043059,國泰中小成長基金,AA1,TWD,32.94
201012,18480065,德盛科技大壩基金,AA1,TWD,18.79
201012,18488279,復華中小精選基金,AA1,TWD,26.47
201012,18488469,安泰ING中小基金,AA1,TWD,21.5
201012,18496290,聯邦中國龍基金,AA1,TWD,15.57
201012,18499732,德銀遠東DWS台灣旗艦基金,AA1,TWD,17.13
201012,19291128,國泰大中華基金,AA1,TWD,20.33
201012,19330712,貝萊德寶利基金,AA1,TWD,9.76
201012,19330754,安泰ING優質基金,AA1,TWD,19.38
201012,19339782,群益創新科技基金,AA1,TWD,23.83
201012,19341318,第一金電子基金,AA1,TWD,17.03
201012,20080023,元大店頭基金,AA1,TWD,8.16
201012,20081352,群益店頭市場基金,AA1,TWD,48.85
201012,20084317,日盛日盛基金,AA1,TWD,11.5
201012,20089755,富邦精銳中小基金,AA1,TWD,9.37
201012,20092528,第一金店頭市場基金,AA1,TWD,8.31
201012,20094672,金鼎寶櫃基金,AA1,TWD,10.45
201012,20094820,柏瑞巨人基金,AA1,TWD,8.93
201012,20097447,保德信第一基金,AA1,TWD,19.67
201012,21759676,復華全方位基金,AA1,TWD,12.5
201012,25601923,施羅德台灣主動基金,AA1,TWD,12.54
201012,25612029,凱基台灣精五門基金,AA1,TWD,14.08
201012,25614244,寶來寶來（Ａ）基金,AA1,TWD,10.56
201012,25636367,摩根富林明JF台灣金磚基金,AA1,TWD,11.79
201012,26202396,第一金創新趨勢基金,AA1,TWD,10.66
201012,26273336,日盛MIT主流基金,AA1,TWD,9.95
201012,26279964,華南永昌中小型基金,AA1,TWD,10.0
201012,29222213,台新台新基金,AA1,TWD,9.21
201012,48675778,群益奧斯卡基金,AA1,TWD,17.89
201012,48731589,華頓典範科技基金,AA1,TWD,10.68
201012,48749899,群益葛萊美基金,AA1,TWD,14.37
201012,48801228,台灣工銀新台灣基金,AA1,TWD,12.09
201012,48809501,富鼎台灣優勢基金,AA1,TWD,11.16
201012,48858663,台新主流基金,AA1,TWD,10.68
201012,48893417,富鼎台灣活力基金,AA1,TWD,7.43
201012,48929007,華南永昌愛台灣基金,AA1,TWD,7.88
201012,48929409,第一金台灣成長基金,AA1,TWD,7.39
201012,48934304,統一台灣動力基金,AA1,TWD,8.65
201012,48948481,日盛首選基金,AA1,TWD,9.6
201012,48948623,國泰台灣計量基金,AA1,TWD,10.41
201012,48948834,施羅德樂活中小基金,AA1,TWD,10.69
201012,48997911,德盛安聯台灣智慧趨勢基金,AA1,TWD,11.53
201012,73982057,宏利宏利基金,AA1,TWD,14.7
201012,73987671,匯豐台灣精典基金,AA1,TWD,18.32
201012,73988171,德信全方位基金,AA1,TWD,12.43
201012,73988876,日盛小而美基金,AA1,TWD,13.66
201012,73989002,第一金小型精選基金,AA1,TWD,20.34
201012,73989256,景順台灣科技基金,AA1,TWD,22.67
201012,73989501,摩根富林明JF中小基金,AA1,TWD,21.44
201012,73990253,統一奔騰基金,AA1,TWD,32.02
201012,73990649,保德信科技島基金,AA1,TWD,18.65
201012,73991751,兆豐國際電子基金,AA1,TWD,18.25
201012,73992013,永豐領航科技基金,AA1,TWD,17.92
201012,73998071,新光店頭基金,AA1,TWD,19.35
201012,73998086,復華高成長基金,AA1,TWD,28.09
201012,73999260,金鼎行動基金,AA1,TWD,14.29
201012,76941376,匯豐成功基金,AA1,TWD,27.75
201012,77537493,統一統信基金,AA1,TWD,19.74
201012,77537509,元大多元基金,AA1,TWD,12.29
201012,80892778,華頓中小型基金,AA1,TWD,21.79
201012,80894446,台灣工銀中國通基金,AA1,TWD,18.42
201012,81580149,新光國家建設基金,AA1,TWD,19.33
201012,81581724,統一經建基金,AA1,TWD,22.03
201012,81584335,元大高科技基金,AA1,TWD,15.42
201012,81584975,日盛上選基金,AA1,TWD,24.7
201012,81584996,兆豐國際中小基金,AA1,TWD,14.11
201012,81585242,新光創新科技基金,AA1,TWD,10.91
201012,81585475,富邦高成長基金,AA1,TWD,17.46
201012,81587889,復華復華基金,AA1,TWD,9.29
201012,81588536,台灣工銀大眾基金,AA1,TWD,17.89
201012,81591434,群益長安基金,AA1,TWD,17.94
201012,81594690,永豐永豐基金,AA1,TWD,29.53
201012,81595924,保誠中小型股基金,AA1,TWD,14.25
201012,83863951,元大經貿基金,AA1,TWD,27.91
201012,83864683,富邦科技基金,AA1,TWD,21.34
201012,83866508,保德信中小型股基金,AA1,TWD,35.8
201012,92000533,新光台灣永發基金,AA1,TWD,12.9
201012,92001765,元大多多基金,AA1,TWD,21.06
201012,92002244,統一黑馬基金,AA1,TWD,30.3
201012,92002384,富邦精準基金,AA1,TWD,45.49
201012,92003102,保誠高科技基金,AA1,TWD,41.0
201012,92003790,兆豐國際精選二十基金,AA1,TWD,11.46
201012,92004566,寶來績效基金,AA1,TWD,32.63
201012,92010477,富邦長紅基金,AA1,TWD,43.51
201012,92010770,富邦台灣鳳凰基金,AA1,TWD,593.43
201012,92012025,摩根富林明JF新興科技基金,AA1,TWD,37.41
201012,92012572,保誠外銷基金,AA1,TWD,28.04
201012,92012762,統一龍馬基金,AA1,TWD,38.97
201012,92013967,保德信金滿意基金,AA1,TWD,32.35
201012,92016839,華南永昌前瞻科技基金,AA1,TWD,12.16
201012,92017794,匯豐龍騰電子基金,AA1,TWD,26.43
201012,92019786,景順潛力基金,AA1,TWD,26.13
201012,92026219,元大卓越基金,AA1,TWD,41.27
201012,92028997,群益中小型股基金,AA1,TWD,28.49
201012,94991068,日盛新台商基金,AA1,TWD,28.12
201012,97972846,德信大發基金,AA1,TWD,18.04
201012,97974078,富邦冠軍基金,AA1,TWD,23.35
201012,97977878,統一中小基金,AA1,TWD,14.54
201012,97978102,保誠掌櫃基金,AA1,TWD,14.11
201012,97980043,第一金福王基金,AA1,TWD,13.25
201012,97982984,金鼎概念型基金,AA1,TWD,27.14
201012,97984293,群益馬拉松基金,AA1,TWD,74.42
201012,97988636,保德信店頭市場基金,AA1,TWD,26.05
201012,97990696,保誠菁華基金,AA1,TWD,17.41
201012,97995664,匯豐中小基金,AA1,TWD,7.55
201012,97997635,金鼎大利基金,AA1,TWD,29.4
201012,99354335,摩根富林明JF台灣微型基金,AA1,TWD,20.45
201012,99973878,安泰ING台灣高股息基金,AA1,TWD,16.16
201103,00965469,兆豐國際第一基金,AA1,TWD,13.81
201103,00968493,安泰ING鴻運基金,AA1,TWD,10.82
201103,00968521,第一金福元基金,AA1,TWD,7.84
201103,00973762,華南永昌永昌基金,AA1,TWD,9.88
201103,00974018,富邦富邦基金,AA1,TWD,8.94
201103,00974039,摩根富林明JF台灣基金,AA1,TWD,9.39
201103,00974066,寶來二00一基金,AA1,TWD,36.36
201103,00974241,新光台灣富貴基金,AA1,TWD,18.86
201103,00988316,安泰ING台灣運籌基金,AA1,TWD,17.08
201103,01031298,匯豐龍鳳基金,AA1,TWD,34.49
201103,01031564,安泰ING積極成長基金,AA1,TWD,6.42
201103,01031699,統一全天候基金,AA1,TWD,47.98
201103,01031874,國泰小龍基金,AA1,TWD,11.61
201103,01032058,元大多福基金,AA1,TWD,40.43
201103,01032162,摩根富林明JF台灣增長基金,AA1,TWD,33.59
201103,01032183,保德信高成長基金,AA1,TWD,70.35
201103,01032803,第一金萬得福基金,AA1,TWD,12.08
201103,01050013,匯豐成長基金,AA1,TWD,22.6
201103,01050148,兆豐國際國民基金,AA1,TWD,25.81
201103,10300195,第一金金鑽基金,AA1,TWD,9.54
201103,10300929,華南永昌台灣精選基金,AA1,TWD,7.79
201103,10337833,康和比聯台灣紅不讓基金,AA1,TWD,13.45
201103,10341251,台壽保台灣新趨勢基金,AA1,TWD,12.54
201103,10341837,兆豐國際豐台灣基金,AA1,TWD,20.21
201103,10342250,德銀遠東DWS台灣精選主題基金,AA1,TWD,13.82
201103,10388939,富邦台灣企業社會責任基金-A類型,AA1,TWD,13.36
201103,13528977,保德信台商全方位基金,AA1,TWD,25.03
201103,13539952,凱基開創基金,AA1,TWD,14.5
201103,13984165,富達台灣成長基金,AA1,TWD,20.57
201103,13986924,新光大三通基金,AA1,TWD,16.8
201103,13998344,永豐中小基金,AA1,TWD,41.21
201103,14542287,寶來精準中小基金,AA1,TWD,16.74
201103,14545897,德銀遠東DWS科技基金,AA1,TWD,14.35
201103,14693572,聯邦台灣創新基金,AA1,TWD,13.13
201103,14694495,華頓台灣基金,AA1,TWD,20.39
201103,14705562,國泰科技生化基金,AA1,TWD,25.66
201103,15588302,景順台灣精選成長基金,AA1,TWD,20.45
201103,15733973,富蘭克林華美第一富基金,AA1,TWD,25.68
201103,15739619,第一金大中華基金,AA1,TWD,19.32
201103,17139204,元大新主流基金,AA1,TWD,18.47
201103,17140568,景順主流基金,AA1,TWD,14.61
201103,17141187,富鼎半導體科技基金,AA1,TWD,10.39
201103,17144889,宏利台灣動力基金,AA1,TWD,13.87
201103,17144945,摩根富林明JF價值成長基金,AA1,TWD,13.64
201103,17145070,寶來矽谷基金,AA1,TWD,12.54
201103,17146752,安泰ING成長基金,AA1,TWD,15.23
201103,17147078,日盛精選五虎基金,AA1,TWD,21.03
201103,17148301,富邦台灣心基金,AA1,TWD,13.05
201103,17152509,永豐高科技基金,AA1,TWD,12.02
201103,17153795,富邦價值基金,AA1,TWD,17.02
201103,17597236,聯邦精選科技基金,AA1,TWD,7.26
201103,17597600,台壽保阿波羅基金,AA1,TWD,8.06
201103,17600534,安泰ING高科技基金,AA1,TWD,5.84
201103,17602625,保德信新世紀基金,AA1,TWD,8.18
201103,17602821,台新2000高科技基金,AA1,TWD,15.24
201103,17603899,保誠電通網基金,AA1,TWD,10.1
201103,17604124,德盛台灣大壩基金,AA1,TWD,9.33
201103,17605622,統一大滿貫基金,AA1,TWD,19.6
201103,17607591,日盛高科技基金,AA1,TWD,9.47
201103,17608445,富邦網路基金,AA1,TWD,8.68
201103,17608487,復華數位經濟基金,AA1,TWD,18.57
201103,17612497,國泰國泰基金,AA1,TWD,15.45
201103,18031960,安多利高科技基金,AA1,TWD,6.46
201103,18033138,德信數位時代基金,AA1,TWD,15.53
201103,18036281,元大巴菲特基金,AA1,TWD,19.1
201103,18037937,安泰INGｅ科技基金,AA1,TWD,11.82
201103,18043059,國泰中小成長基金,AA1,TWD,32.48
201103,18480065,德盛科技大壩基金,AA1,TWD,19.22
201103,18488279,復華中小精選基金,AA1,TWD,25.77
201103,18488469,安泰ING中小基金,AA1,TWD,21.7
201103,18496290,聯邦中國龍基金,AA1,TWD,14.57
201103,18499732,德銀遠東DWS台灣旗艦基金,AA1,TWD,16.47
201103,19291128,國泰大中華基金,AA1,TWD,19.77
201103,19330712,貝萊德寶利基金,AA1,TWD,9.33
201103,19330754,安泰ING優質基金,AA1,TWD,18.96
201103,19339782,群益創新科技基金,AA1,TWD,23.56
201103,19341318,第一金電子基金,AA1,TWD,17.61
201103,20080023,元大店頭基金,AA1,TWD,7.71
201103,20081352,群益店頭市場基金,AA1,TWD,48.49
201103,20084317,日盛日盛基金,AA1,TWD,10.77
201103,20089755,富邦精銳中小基金,AA1,TWD,9.75
201103,20092528,第一金店頭市場基金,AA1,TWD,8.17
201103,20094672,匯達寶櫃基金,AA1,TWD,9.27
201103,20094820,柏瑞巨人基金,AA1,TWD,9.32
201103,20097447,保德信第一基金,AA1,TWD,19.59
201103,21759676,復華全方位基金,AA1,TWD,12.17
201103,25601923,施羅德台灣主動基金,AA1,TWD,12.5
201103,25612029,凱基台灣精五門基金,AA1,TWD,14.23
201103,25614244,寶來寶來(A)基金,AA1,TWD,10.18
201103,25636367,摩根富林明JF台灣金磚基金,AA1,TWD,11.77
201103,26202396,第一金創新趨勢基金,AA1,TWD,10.7
201103,26273336,日盛MIT主流基金,AA1,TWD,9.44
201103,26279964,華南永昌中小型基金,AA1,TWD,9.71
201103,26288534,德信台灣主流中小基金,AA1,TWD,10.03
201103,29222213,台新台新基金,AA1,TWD,8.95
201103,48675778,群益奧斯卡基金,AA1,TWD,17.72
201103,48731589,華頓典範科技基金,AA1,TWD,10.7
201103,48749899,群益葛萊美基金,AA1,TWD,14.01
201103,48801228,台灣工銀新台灣基金,AA1,TWD,12.16
201103,48809501,富鼎台灣優勢基金,AA1,TWD,11.06
201103,48858663,台新主流基金,AA1,TWD,10.2
201103,48893417,富鼎台灣活力基金,AA1,TWD,7.34
201103,48929007,華南永昌愛台灣基金,AA1,TWD,7.72
201103,48929409,第一金台灣成長基金,AA1,TWD,7.3
201103,48934304,統一台灣動力基金,AA1,TWD,9.29
201103,48948481,日盛首選基金,AA1,TWD,8.76
201103,48948623,國泰台灣計量基金,AA1,TWD,10.2
201103,48948834,施羅德樂活中小基金,AA1,TWD,10.72
201103,48997911,德盛安聯台灣智慧趨勢基金,AA1,TWD,11.5
201103,73982057,宏利宏利基金,AA1,TWD,14.16
201103,73987671,匯豐台灣精典基金,AA1,TWD,17.88
201103,73988171,德信全方位基金,AA1,TWD,11.68
201103,73988876,日盛小而美基金,AA1,TWD,13.35
201103,73989002,第一金小型精選基金,AA1,TWD,19.26
201103,73989256,景順台灣科技基金,AA1,TWD,21.49
201103,73989501,摩根富林明JF中小基金,AA1,TWD,20.66
201103,73990253,統一奔騰基金,AA1,TWD,32.42
201103,73990649,保德信科技島基金,AA1,TWD,18.28
201103,73991751,兆豐國際電子基金,AA1,TWD,18.1
201103,73992013,永豐領航科技基金,AA1,TWD,17.31
201103,73998071,新光店頭基金,AA1,TWD,18.75
201103,73998086,復華高成長基金,AA1,TWD,26.42
201103,73999260,匯達行動基金,AA1,TWD,13.54
201103,76941376,匯豐成功基金,AA1,TWD,28.31
201103,77537493,統一統信基金,AA1,TWD,20.23
201103,77537509,元大多元基金,AA1,TWD,10.97
201103,80892778,華頓中小型基金,AA1,TWD,21.21
201103,80894446,台新中國通基金,AA1,TWD,17.87
201103,81580149,新光國家建設基金,AA1,TWD,18.93
201103,81581724,統一經建基金,AA1,TWD,22.54
201103,81584335,元大高科技基金,AA1,TWD,14.65
201103,81584975,日盛上選基金,AA1,TWD,23.29
201103,81584996,兆豐國際中小基金,AA1,TWD,14.92
201103,81585242,新光創新科技基金,AA1,TWD,10.75
201103,81585475,富邦高成長基金,AA1,TWD,17.66
201103,81587889,復華復華基金,AA1,TWD,9.6
201103,81588536,台新大眾基金,AA1,TWD,17.1
201103,81591434,群益長安基金,AA1,TWD,18.06
201103,81594690,永豐永豐基金,AA1,TWD,27.49
201103,81595924,保誠中小型股基金,AA1,TWD,14.43
201103,83863951,元大經貿基金,AA1,TWD,25.7
201103,83864683,富邦科技基金,AA1,TWD,22.17
201103,83866508,保德信中小型股基金,AA1,TWD,33.47
201103,92000533,新光台灣永發基金,AA1,TWD,12.03
201103,92001765,元大多多基金,AA1,TWD,19.05
201103,92002244,統一黑馬基金,AA1,TWD,31.4
201103,92002384,富邦精準基金,AA1,TWD,44.0
201103,92003102,保誠高科技基金,AA1,TWD,40.69
201103,92003790,兆豐國際精選二十基金,AA1,TWD,11.24
201103,92004566,寶來績效基金,AA1,TWD,28.11
201103,92010477,富邦長紅基金,AA1,TWD,45.42
201103,92010770,富邦台灣鳳凰基金,AA1,TWD,559.6
201103,92012025,摩根富林明JF新興科技基金,AA1,TWD,35.51
201103,92012572,保誠外銷基金,AA1,TWD,27.51
201103,92012762,統一龍馬基金,AA1,TWD,40.38
201103,92013967,保德信金滿意基金,AA1,TWD,31.45
201103,92016839,華南永昌前瞻科技基金,AA1,TWD,12.02
201103,92017794,匯豐龍騰電子基金,AA1,TWD,26.11
201103,92019786,景順潛力基金,AA1,TWD,26.21
201103,92026219,元大卓越基金,AA1,TWD,40.51
201103,92028997,群益中小型股基金,AA1,TWD,27.49
201103,94991068,日盛新台商基金,AA1,TWD,27.11
201103,97972846,德信大發基金,AA1,TWD,17.77
201103,97974078,富邦冠軍基金,AA1,TWD,22.14
201103,97977878,統一中小基金,AA1,TWD,14.48
201103,97978102,保誠掌櫃基金,AA1,TWD,14.27
201103,97980043,第一金福王基金,AA1,TWD,12.39
201103,97982984,匯達概念型基金,AA1,TWD,24.33
201103,97984293,群益馬拉松基金,AA1,TWD,73.43
201103,97988636,保德信店頭市場基金,AA1,TWD,25.48
201103,97990696,保誠菁華基金,AA1,TWD,16.91
201103,97995664,匯豐中小基金,AA1,TWD,7.62
201103,97997635,匯達大利基金,AA1,TWD,26.27
201103,99354335,摩根富林明JF台灣微型基金,AA1,TWD,19.58
201103,99973878,安泰ING台灣高股息基金,AA1,TWD,14.97
201106,00965469,兆豐國際第一基金,AA1,TWD,12.8
201106,00968493,安泰ING鴻運基金,AA1,TWD,11.14
201106,00968521,第一金福元基金,AA1,TWD,8.14
201106,00973762,華南永昌永昌基金,AA1,TWD,10.41
201106,00974018,富邦富邦基金,AA1,TWD,8.96
201106,00974039,摩根富林明JF台灣基金,AA1,TWD,9.57
201106,00974066,寶來2001基金,AA1,TWD,35.11
201106,00974241,新光台灣富貴基金,AA1,TWD,19.23
201106,00988316,安泰ING台灣運籌基金,AA1,TWD,17.2
201106,01031298,匯豐龍鳳基金,AA1,TWD,35.53
201106,01031564,安泰ING積極成長基金,AA1,TWD,6.7
201106,01031699,統一全天候基金,AA1,TWD,49.09
201106,01031874,國泰小龍基金,AA1,TWD,11.82
201106,01032058,元大多福基金,AA1,TWD,39.85
201106,01032162,摩根富林明JF台灣增長基金,AA1,TWD,34.21
201106,01032183,保德信高成長基金,AA1,TWD,66.86
201106,01032803,第一金萬得福基金,AA1,TWD,11.53
201106,01050013,匯豐成長基金,AA1,TWD,22.71
201106,01050148,兆豐國際國民基金,AA1,TWD,25.11
201106,10300195,第一金金鑽基金,AA1,TWD,9.55
201106,10300929,華南永昌台灣精選基金,AA1,TWD,8.05
201106,10337833,康和比聯台灣紅不讓基金,AA1,TWD,13.56
201106,10341251,台壽保台灣新趨勢基金,AA1,TWD,12.79
201106,10341837,兆豐國際豐台灣基金,AA1,TWD,21.35
201106,10342250,德銀遠東DWS台灣精選主題基金,AA1,TWD,13.83
201106,10388939,富邦台灣企業社會責任基金-A類型,AA1,TWD,13.06
201106,13528977,保德信台商全方位基金,AA1,TWD,24.54
201106,13539952,凱基開創基金,AA1,TWD,15.33
201106,13984165,富達台灣成長基金,AA1,TWD,20.37
201106,13986924,新光大三通基金,AA1,TWD,17.27
201106,13998344,永豐中小基金,AA1,TWD,39.77
201106,14542287,寶來精準中小基金,AA1,TWD,16.36
201106,14545897,德銀遠東DWS科技基金,AA1,TWD,14.3
201106,14693572,聯邦台灣創新基金,AA1,TWD,12.94
201106,14694495,華頓台灣基金,AA1,TWD,20.12
201106,14705562,國泰科技生化基金,AA1,TWD,26.12
201106,15588302,景順台灣精選成長基金,AA1,TWD,20.53
201106,15733973,富蘭克林華美第一富基金,AA1,TWD,25.05
201106,15739619,第一金大中華基金,AA1,TWD,19.63
201106,17139204,元大新主流基金,AA1,TWD,17.39
201106,17140568,景順主流基金,AA1,TWD,14.91
201106,17141187,富鼎半導體科技基金,AA1,TWD,9.85
201106,17144889,宏利台灣動力基金,AA1,TWD,14.27
201106,17144945,摩根富林明JF價值成長基金,AA1,TWD,14.16
201106,17145070,寶來矽谷基金,AA1,TWD,11.41
201106,17146752,安泰ING成長基金,AA1,TWD,15.81
201106,17147078,日盛精選五虎基金,AA1,TWD,21.62
201106,17148301,富邦台灣心基金,AA1,TWD,13.22
201106,17152509,永豐高科技基金,AA1,TWD,12.39
201106,17153795,富邦價值基金,AA1,TWD,17.35
201106,17597236,聯邦精選科技基金,AA1,TWD,7.27
201106,17597600,台壽保阿波羅基金,AA1,TWD,8.04
201106,17600534,安泰ING高科技基金,AA1,TWD,5.86
201106,17602625,保德信新世紀基金,AA1,TWD,8.4
201106,17602821,台新2000高科技基金,AA1,TWD,16.03
201106,17603899,保誠電通網基金,AA1,TWD,9.83
201106,17604124,德盛台灣大壩基金,AA1,TWD,9.53
201106,17605622,統一大滿貫基金,AA1,TWD,19.88
201106,17607591,日盛高科技基金,AA1,TWD,9.04
201106,17608445,富邦網路基金,AA1,TWD,7.81
201106,17608487,復華數位經濟基金,AA1,TWD,18.67
201106,17612497,國泰國泰基金,AA1,TWD,15.21
201106,18031960,安多利高科技基金,AA1,TWD,6.03
201106,18033138,德信數位時代基金,AA1,TWD,15.63
201106,18036281,元大巴菲特基金,AA1,TWD,18.84
201106,18037937,安泰INGｅ科技基金,AA1,TWD,11.84
201106,18043059,國泰中小成長基金,AA1,TWD,32.84
201106,18480065,德盛科技大壩基金,AA1,TWD,18.86
201106,18488279,復華中小精選基金,AA1,TWD,25.77
201106,18488469,安泰ING中小基金,AA1,TWD,22.51
201106,18496290,聯邦中國龍基金,AA1,TWD,13.98
201106,18499732,德銀遠東DWS台灣旗艦基金,AA1,TWD,16.4
201106,19291128,國泰大中華基金,AA1,TWD,20.02
201106,19330712,貝萊德寶利基金,AA1,TWD,9.83
201106,19330754,安泰ING優質基金,AA1,TWD,19.12
201106,19339782,群益創新科技基金,AA1,TWD,23.1
201106,19341318,第一金電子基金,AA1,TWD,17.82
201106,20080023,元大店頭基金,AA1,TWD,7.42
201106,20081352,群益店頭市場基金,AA1,TWD,45.1
201106,20084317,日盛日盛基金,AA1,TWD,10.16
201106,20089755,富邦精銳中小基金,AA1,TWD,10.08
201106,20092528,第一金店頭市場基金,AA1,TWD,8.24
201106,20094672,匯達寶櫃基金,AA1,TWD,8.35
201106,20094820,柏瑞巨人基金,AA1,TWD,8.61
201106,20097447,保德信第一基金,AA1,TWD,19.33
201106,21759676,復華全方位基金,AA1,TWD,11.66
201106,25601923,施羅德台灣主動基金,AA1,TWD,12.87
201106,25612029,凱基台灣精五門基金,AA1,TWD,15.03
201106,25614244,寶來寶來基金(A),AA1,TWD,9.91
201106,25636367,摩根富林明JF台灣金磚基金,AA1,TWD,12.09
201106,26202396,第一金創新趨勢基金,AA1,TWD,10.95
201106,26273336,日盛MIT主流基金,AA1,TWD,9.62
201106,26279964,華南永昌中小型基金,AA1,TWD,9.14
201106,26288534,德信台灣主流中小基金,AA1,TWD,9.96
201106,26307407,新光傳產優勢基金,AA1,TWD,9.9
201106,26309025,德盛安聯台灣好息富基金,AA1,TWD,9.87
201106,26310297,富蘭克林華美台股傘型基金之高科技基金,AA1,TWD,9.94
201106,26310310,富蘭克林華美台股傘型基金之傳產基金,AA1,TWD,10.01
201106,26320632,合庫巴黎台灣領航基金,AA1,TWD,10.0
201106,29222213,台新台新基金,AA1,TWD,8.59
201106,48675778,群益奧斯卡基金,AA1,TWD,17.58
201106,48731589,華頓典範科技基金,AA1,TWD,10.36
201106,48749899,群益葛萊美基金,AA1,TWD,13.89
201106,48809501,富鼎台灣優勢基金,AA1,TWD,11.26
201106,48858663,台新主流基金,AA1,TWD,10.36
201106,48893417,富鼎台灣活力基金,AA1,TWD,7.35
201106,48929007,華南永昌愛台灣基金,AA1,TWD,7.29
201106,48929409,第一金台灣成長基金,AA1,TWD,7.08
201106,48934304,統一台灣動力基金,AA1,TWD,9.03
201106,48948481,日盛首選基金,AA1,TWD,9.24
201106,48948623,國泰台灣計量基金,AA1,TWD,10.11
201106,48948834,施羅德樂活中小基金,AA1,TWD,11.1
201106,48997911,德盛安聯台灣智慧趨勢基金,AA1,TWD,11.44
201106,73982057,宏利宏利基金,AA1,TWD,14.47
201106,73987671,匯豐台灣精典基金,AA1,TWD,18.19
201106,73988171,德信全方位基金,AA1,TWD,11.94
201106,73988876,日盛小而美基金,AA1,TWD,13.59
201106,73989002,第一金小型精選基金,AA1,TWD,19.9
201106,73989256,景順台灣科技基金,AA1,TWD,22.23
201106,73989501,摩根富林明JF中小基金,AA1,TWD,21.37
201106,73990253,統一奔騰基金,AA1,TWD,31.28
201106,73990649,保德信科技島基金,AA1,TWD,18.27
201106,73991751,兆豐國際電子基金,AA1,TWD,17.88
201106,73992013,永豐領航科技基金,AA1,TWD,15.83
201106,73998071,新光店頭基金,AA1,TWD,18.54
201106,73998086,復華高成長基金,AA1,TWD,26.02
201106,73999260,匯達行動基金,AA1,TWD,13.4
201106,76941376,匯豐成功基金,AA1,TWD,29.35
201106,77537493,統一統信基金,AA1,TWD,19.86
201106,77537509,元大多元基金,AA1,TWD,11.08
201106,80892778,華頓中小型基金,AA1,TWD,20.01
201106,80894446,台新中國通基金,AA1,TWD,18.37
201106,81580149,新光國家建設基金,AA1,TWD,18.95
201106,81581724,統一經建基金,AA1,TWD,22.21
201106,81584335,元大高科技基金,AA1,TWD,13.81
201106,81584975,日盛上選基金,AA1,TWD,21.94
201106,81584996,兆豐國際中小基金,AA1,TWD,13.81
201106,81585242,新光創新科技基金,AA1,TWD,10.99
201106,81585475,富邦高成長基金,AA1,TWD,18.2
201106,81587889,復華復華基金,AA1,TWD,9.57
201106,81588536,台新大眾基金,AA1,TWD,16.85
201106,81591434,群益長安基金,AA1,TWD,17.18
201106,81594690,永豐永豐基金,AA1,TWD,28.83
201106,81595924,保誠中小型股基金,AA1,TWD,14.55
201106,83863951,元大經貿基金,AA1,TWD,25.24
201106,83864683,富邦科技基金,AA1,TWD,19.39
201106,83866508,保德信中小型股基金,AA1,TWD,31.95
201106,92000533,新光台灣永發基金,AA1,TWD,12.36
201106,92001765,元大多多基金,AA1,TWD,17.9
201106,92002244,統一黑馬基金,AA1,TWD,30.32
201106,92002384,富邦精準基金,AA1,TWD,45.82
201106,92003102,保誠高科技基金,AA1,TWD,40.8
201106,92003790,兆豐國際精選二十基金,AA1,TWD,11.23
201106,92004566,寶來績效基金,AA1,TWD,29.24
201106,92010477,富邦長紅基金,AA1,TWD,45.83
201106,92010770,富邦台灣鳳凰基金,AA1,TWD,594.65
201106,92012025,摩根富林明JF新興科技基金,AA1,TWD,35.13
201106,92012572,保誠外銷基金,AA1,TWD,27.91
201106,92012762,統一龍馬基金,AA1,TWD,38.54
201106,92013967,保德信金滿意基金,AA1,TWD,31.94
201106,92016839,華南永昌前瞻科技基金,AA1,TWD,12.07
201106,92017794,匯豐龍騰電子基金,AA1,TWD,25.78
201106,92019786,景順潛力基金,AA1,TWD,26.88
201106,92026219,元大卓越基金,AA1,TWD,39.74
201106,92028997,群益中小型股基金,AA1,TWD,27.41
201106,94991068,日盛新台商基金,AA1,TWD,25.73
201106,97972846,德信大發基金,AA1,TWD,18.29
201106,97974078,富邦冠軍基金,AA1,TWD,24.06
201106,97977878,統一中小基金,AA1,TWD,13.42
201106,97978102,保誠掌櫃基金,AA1,TWD,13.95
201106,97980043,第一金福王基金,AA1,TWD,12.44
201106,97982984,匯達概念型基金,AA1,TWD,21.29
201106,97984293,群益馬拉松基金,AA1,TWD,71.46
201106,97988636,保德信店頭市場基金,AA1,TWD,24.94
201106,97990696,保誠菁華基金,AA1,TWD,16.26
201106,97995664,匯豐中小基金,AA1,TWD,7.73
201106,97997635,匯達大利基金,AA1,TWD,24.81
201106,99354335,摩根富林明JF台灣微型基金,AA1,TWD,20.36
201106,99973878,安泰ING台灣高股息基金,AA1,TWD,14.9
201109,00965469,兆豐國際第一基金,AA1,TWD,10.26
201109,00968493,安泰ING鴻運基金,AA1,TWD,9.87
201109,00968521,第一金福元基金,AA1,TWD,6.78
201109,00973762,華南永昌永昌基金,AA1,TWD,8.67
201109,00974018,富邦富邦基金,AA1,TWD,8.02
201109,00974039,摩根富林明JF台灣基金,AA1,TWD,8.5
201109,00974066,寶來2001基金,AA1,TWD,29.47
201109,00974241,新光台灣富貴基金,AA1,TWD,16.03
201109,00988316,安泰ING台灣運籌基金,AA1,TWD,14.27
201109,01031298,匯豐龍鳳基金,AA1,TWD,31.97
201109,01031564,安泰ING積極成長基金,AA1,TWD,6.01
201109,01031699,統一全天候基金,AA1,TWD,44.03
201109,01031874,國泰小龍基金,AA1,TWD,10.31
201109,01032058,元大多福基金,AA1,TWD,34.45
201109,01032162,摩根富林明JF台灣增長基金,AA1,TWD,30.28
201109,01032183,保德信高成長基金,AA1,TWD,57.3
201109,01032803,第一金萬得福基金,AA1,TWD,9.73
201109,01050013,匯豐成長基金,AA1,TWD,19.08
201109,01050148,兆豐國際國民基金,AA1,TWD,20.67
201109,10300195,第一金金鑽基金,AA1,TWD,8.02
201109,10300929,華南永昌台灣精選基金,AA1,TWD,6.89
201109,10337833,康和比聯台灣紅不讓基金,AA1,TWD,11.88
201109,10341251,未來資產台灣新趨勢基金,AA1,TWD,11.08
201109,10341837,兆豐國際豐台灣基金,AA1,TWD,18.91
201109,10342250,德銀遠東DWS台灣精選主題基金,AA1,TWD,11.89
201109,10388939,富邦台灣企業社會責任基金-A類型,AA1,TWD,11.52
201109,13528977,保德信台商全方位基金,AA1,TWD,20.51
201109,13539952,凱基開創基金,AA1,TWD,13.18
201109,13984165,富達台灣成長基金,AA1,TWD,17.24
201109,13986924,新光大三通基金,AA1,TWD,14.29
201109,13998344,永豐中小基金,AA1,TWD,31.29
201109,14542287,寶來精準中小基金,AA1,TWD,12.8
201109,14545897,德銀遠東DWS科技基金,AA1,TWD,12.81
201109,14693572,聯邦台灣創新基金,AA1,TWD,11.18
201109,14694495,華頓台灣基金,AA1,TWD,17.65
201109,14705562,國泰科技生化基金,AA1,TWD,21.93
201109,15588302,景順台灣精選成長基金,AA1,TWD,18.24
201109,15733973,富蘭克林華美第一富基金,AA1,TWD,22.18
201109,15739619,第一金大中華基金,AA1,TWD,16.06
201109,17139204,元大新主流基金,AA1,TWD,14.69
201109,17140568,景順主流基金,AA1,TWD,12.89
201109,17141187,富鼎半導體科技基金,AA1,TWD,8.0
201109,17144889,宏利台灣動力基金,AA1,TWD,12.17
201109,17144945,摩根富林明JF價值成長基金,AA1,TWD,12.32
201109,17145070,寶來矽谷基金,AA1,TWD,9.48
201109,17146752,安泰ING成長基金,AA1,TWD,14.3
201109,17147078,日盛精選五虎基金,AA1,TWD,19.29
201109,17148301,富邦台灣心基金,AA1,TWD,11.66
201109,17152509,永豐高科技基金,AA1,TWD,10.48
201109,17153795,富邦價值基金,AA1,TWD,14.57
201109,17597236,聯邦精選科技基金,AA1,TWD,6.54
201109,17597600,台壽保阿波羅基金,AA1,TWD,6.52
201109,17600534,安泰ING高科技基金,AA1,TWD,5.21
201109,17602625,保德信新世紀基金,AA1,TWD,7.27
201109,17602821,台新2000高科技基金,AA1,TWD,14.0
201109,17603899,保誠電通網基金,AA1,TWD,8.47
201109,17604124,德盛台灣大壩基金,AA1,TWD,8.44
201109,17605622,統一大滿貫基金,AA1,TWD,18.1
201109,17607591,日盛高科技基金,AA1,TWD,7.46
201109,17608445,富邦網路基金,AA1,TWD,6.87
201109,17608487,復華數位經濟基金,AA1,TWD,15.87
201109,17612497,國泰國泰基金,AA1,TWD,12.57
201109,18031960,安多利高科技基金,AA1,TWD,5.28
201109,18033138,德信數位時代基金,AA1,TWD,12.85
201109,18036281,元大巴菲特基金,AA1,TWD,15.57
201109,18037937,安泰INGｅ科技基金,AA1,TWD,10.46
201109,18043059,國泰中小成長基金,AA1,TWD,27.3
201109,18480065,德盛科技大壩基金,AA1,TWD,16.73
201109,18488279,復華中小精選基金,AA1,TWD,21.29
201109,18488469,安泰ING中小基金,AA1,TWD,19.71
201109,18496290,聯邦中國龍基金,AA1,TWD,11.01
201109,18499732,德銀遠東DWS台灣旗艦基金,AA1,TWD,14.01
201109,19291128,國泰大中華基金,AA1,TWD,17.12
201109,19330712,貝萊德寶利基金,AA1,TWD,8.67
201109,19330754,安泰ING優質基金,AA1,TWD,16.87
201109,19339782,群益創新科技基金,AA1,TWD,20.33
201109,19341318,第一金電子基金,AA1,TWD,15.19
201109,20080023,元大店頭基金,AA1,TWD,5.96
201109,20081352,群益店頭市場基金,AA1,TWD,37.24
201109,20084317,日盛日盛基金,AA1,TWD,8.62
201109,20089755,富邦精銳中小基金,AA1,TWD,8.18
201109,20092528,第一金店頭市場基金,AA1,TWD,6.53
201109,20094672,匯達寶櫃基金,AA1,TWD,6.03
201109,20094820,柏瑞巨人基金,AA1,TWD,7.29
201109,20097447,保德信第一基金,AA1,TWD,16.17
201109,21759676,復華全方位基金,AA1,TWD,10.1
201109,25601923,施羅德台灣主動基金,AA1,TWD,11.18
201109,25612029,凱基台灣精五門基金,AA1,TWD,12.63
201109,25614244,寶來寶來基金(A),AA1,TWD,7.98
201109,25636367,摩根富林明JF台灣金磚基金,AA1,TWD,10.68
201109,26202396,第一金創新趨勢基金,AA1,TWD,9.48
201109,26273336,日盛MIT主流基金,AA1,TWD,8.38
201109,26279964,華南永昌中小型基金,AA1,TWD,7.23
201109,26288534,德信台灣主流中小基金,AA1,TWD,7.99
201109,26290530,未來資產活力旺中小基金,AA1,TWD,9.96
201109,26307407,新光傳產優勢基金,AA1,TWD,8.17
201109,26309025,德盛安聯台灣好息富基金,AA1,TWD,8.3
201109,26310297,富蘭克林華美台股傘型基金之高科技基金,AA1,TWD,8.64
201109,26310310,富蘭克林華美台股傘型基金之傳產基金,AA1,TWD,8.65
201109,26320632,合庫巴黎台灣領航基金,AA1,TWD,8.24
201109,26334214,新光增長收益基金,AA1,TWD,10.01
201109,29222213,台新台新基金,AA1,TWD,7.24
201109,48675778,群益奧斯卡基金,AA1,TWD,14.8
201109,48731589,華頓典範科技基金,AA1,TWD,8.93
201109,48749899,群益葛萊美基金,AA1,TWD,11.53
201109,48809501,富鼎台灣優勢基金,AA1,TWD,8.92
201109,48858663,台新主流基金,AA1,TWD,8.95
201109,48893417,富鼎台灣活力基金,AA1,TWD,6.0
201109,48929007,華南永昌愛台灣基金,AA1,TWD,5.94
201109,48929409,第一金台灣成長基金,AA1,TWD,6.1
201109,48934304,統一台灣動力基金,AA1,TWD,7.78
201109,48948481,日盛首選基金,AA1,TWD,7.78
201109,48948623,國泰台灣計量基金,AA1,TWD,8.87
201109,48948834,施羅德樂活中小基金,AA1,TWD,9.59
201109,48997911,德盛安聯台灣智慧趨勢基金,AA1,TWD,9.83
201109,73982057,宏利宏利基金,AA1,TWD,12.71
201109,73987671,匯豐台灣精典基金,AA1,TWD,15.51
201109,73988171,德信全方位基金,AA1,TWD,9.81
201109,73988876,日盛小而美基金,AA1,TWD,11.78
201109,73989002,第一金小型精選基金,AA1,TWD,17.32
201109,73989256,景順台灣科技基金,AA1,TWD,20.24
201109,73989501,摩根富林明JF中小基金,AA1,TWD,18.11
201109,73990253,統一奔騰基金,AA1,TWD,27.86
201109,73990649,保德信科技島基金,AA1,TWD,14.85
201109,73991751,兆豐國際電子基金,AA1,TWD,15.03
201109,73992013,永豐領航科技基金,AA1,TWD,12.68
201109,73998071,新光店頭基金,AA1,TWD,15.0
201109,73998086,復華高成長基金,AA1,TWD,21.97
201109,73999260,匯達行動基金,AA1,TWD,11.48
201109,76941376,匯豐成功基金,AA1,TWD,26.15
201109,77537493,統一統信基金,AA1,TWD,17.44
201109,77537509,元大多元基金,AA1,TWD,9.56
201109,80892778,華頓中小型基金,AA1,TWD,15.37
201109,80894446,台新中國通基金,AA1,TWD,15.59
201109,81580149,新光國家建設基金,AA1,TWD,15.88
201109,81581724,統一經建基金,AA1,TWD,18.99
201109,81584335,元大高科技基金,AA1,TWD,11.72
201109,81584975,日盛上選基金,AA1,TWD,17.27
201109,81584996,兆豐國際中小基金,AA1,TWD,11.2
201109,81585242,新光創新科技基金,AA1,TWD,9.1
201109,81585475,富邦高成長基金,AA1,TWD,15.02
201109,81587889,復華復華基金,AA1,TWD,8.17
201109,81588536,台新大眾基金,AA1,TWD,14.45
201109,81591434,群益長安基金,AA1,TWD,15.13
201109,81594690,永豐永豐基金,AA1,TWD,25.05
201109,81595924,保誠中小型股基金,AA1,TWD,12.04
201109,83863951,元大經貿基金,AA1,TWD,20.81
201109,83864683,富邦科技基金,AA1,TWD,17.18
201109,83866508,保德信中小型股基金,AA1,TWD,26.07
201109,92000533,新光台灣永發基金,AA1,TWD,10.28
201109,92001765,元大多多基金,AA1,TWD,14.67
201109,92002244,統一黑馬基金,AA1,TWD,26.4
201109,92002384,富邦精準基金,AA1,TWD,39.3
201109,92003102,保誠高科技基金,AA1,TWD,34.47
201109,92003790,兆豐國際精選二十基金,AA1,TWD,9.74
201109,92004566,寶來績效基金,AA1,TWD,24.24
201109,92010477,富邦長紅基金,AA1,TWD,39.32
201109,92010770,富邦台灣鳳凰基金,AA1,TWD,496.9
201109,92012025,摩根富林明JF新興科技基金,AA1,TWD,30.61
201109,92012572,保誠外銷基金,AA1,TWD,24.65
201109,92012762,統一龍馬基金,AA1,TWD,32.98
201109,92013967,保德信金滿意基金,AA1,TWD,26.98
201109,92016839,華南永昌前瞻科技基金,AA1,TWD,9.5
201109,92017794,匯豐龍騰電子基金,AA1,TWD,22.65
201109,92019786,景順潛力基金,AA1,TWD,23.11
201109,92026219,元大卓越基金,AA1,TWD,33.55
201109,92028997,群益中小型股基金,AA1,TWD,22.43
201109,94991068,日盛新台商基金,AA1,TWD,19.56
201109,97972846,德信大發基金,AA1,TWD,15.51
201109,97974078,富邦冠軍基金,AA1,TWD,20.29
201109,97977878,統一中小基金,AA1,TWD,11.52
201109,97978102,保誠掌櫃基金,AA1,TWD,11.54
201109,97980043,第一金福王基金,AA1,TWD,10.18
201109,97982984,匯達概念型基金,AA1,TWD,15.98
201109,97984293,群益馬拉松基金,AA1,TWD,62.82
201109,97988636,保德信店頭市場基金,AA1,TWD,20.92
201109,97990696,保誠菁華基金,AA1,TWD,14.14
201109,97995664,匯豐中小基金,AA1,TWD,6.54
201109,97997635,匯達大利基金,AA1,TWD,21.04
201109,99354335,摩根富林明JF台灣微型基金,AA1,TWD,17.08
201109,99973878,安泰ING台灣高股息基金,AA1,TWD,12.26
201112,00965469,兆豐國際第一基金,AA1,TWD,9.52
201112,00968493,安泰ING鴻運基金,AA1,TWD,9.2
201112,00968521,第一金福元基金,AA1,TWD,6.34
201112,00973762,華南永昌永昌基金,AA1,TWD,8.41
201112,00974018,富邦富邦基金,AA1,TWD,7.61
201112,00974039,摩根富林明JF台灣基金,AA1,TWD,8.02
201112,00974066,寶來2001基金,AA1,TWD,28.4
201112,00974241,新光台灣富貴基金,AA1,TWD,14.86
201112,00988316,安泰ING台灣運籌基金,AA1,TWD,13.39
201112,01031298,匯豐龍鳳基金,AA1,TWD,31.2
201112,01031564,安泰ING積極成長基金,AA1,TWD,5.68
201112,01031699,統一全天候基金,AA1,TWD,40.22
201112,01031874,國泰小龍基金,AA1,TWD,9.72
201112,01032058,元大多福基金,AA1,TWD,31.9
201112,01032162,摩根富林明JF台灣增長基金,AA1,TWD,28.5
201112,01032183,保德信高成長基金,AA1,TWD,53.52
201112,01032803,第一金萬得福基金,AA1,TWD,9.09
201112,01050148,兆豐國際國民基金,AA1,TWD,18.77
201112,10300195,第一金金鑽基金,AA1,TWD,7.19
201112,10300929,華南永昌台灣精選基金,AA1,TWD,6.39
201112,10337833,惠理康和台灣紅不讓基金,AA1,TWD,11.53
201112,10341251,未來資產台灣新趨勢基金,AA1,TWD,10.48
201112,10341837,兆豐國際豐台灣基金,AA1,TWD,18.47
201112,10342250,德銀遠東DWS台灣精選主題基金,AA1,TWD,11.33
201112,10388939,富邦台灣企業社會責任基金-A類型,AA1,TWD,10.24
201112,13528977,保德信台商全方位基金,AA1,TWD,19.73
201112,13539952,凱基開創基金,AA1,TWD,11.88
201112,13984165,富達台灣成長基金,AA1,TWD,16.36
201112,13986924,新光大三通基金,AA1,TWD,12.89
201112,13998344,永豐中小基金,AA1,TWD,29.46
201112,14542287,寶來精準中小基金,AA1,TWD,11.89
201112,14545897,德銀遠東DWS科技基金,AA1,TWD,11.86
201112,14693572,聯邦台灣創新基金,AA1,TWD,10.59
201112,14694495,華頓台灣基金,AA1,TWD,16.03
201112,14705562,國泰科技生化基金,AA1,TWD,20.52
201112,15588302,景順台灣精選成長基金,AA1,TWD,18.16
201112,15733973,富蘭克林華美第一富基金,AA1,TWD,20.74
201112,15739619,第一金大中華基金,AA1,TWD,14.86
201112,17139204,元大新主流基金,AA1,TWD,13.83
201112,17140568,景順主流基金,AA1,TWD,12.22
201112,17141187,富鼎半導體科技基金,AA1,TWD,7.38
201112,17144889,宏利台灣動力基金,AA1,TWD,11.78
201112,17144945,摩根富林明JF價值成長基金,AA1,TWD,11.64
201112,17145070,寶來矽谷基金,AA1,TWD,8.97
201112,17146752,安泰ING成長基金,AA1,TWD,13.49
201112,17147078,日盛精選五虎基金,AA1,TWD,17.81
201112,17148301,富邦台灣心基金,AA1,TWD,10.98
201112,17152509,永豐高科技基金,AA1,TWD,9.64
201112,17153795,富邦價值基金,AA1,TWD,14.23
201112,17597236,聯邦精選科技基金,AA1,TWD,6.26
201112,17597600,未來資產阿波羅基金,AA1,TWD,5.99
201112,17600534,安泰ING高科技基金,AA1,TWD,4.77
201112,17602625,保德信新世紀基金,AA1,TWD,7.06
201112,17602821,台新2000高科技基金,AA1,TWD,12.85
201112,17603899,保誠電通網基金,AA1,TWD,7.76
201112,17604124,德盛台灣大壩基金,AA1,TWD,8.3
201112,17605622,統一大滿貫基金,AA1,TWD,16.84
201112,17607591,日盛高科技基金,AA1,TWD,6.8
201112,17608445,富邦網路基金,AA1,TWD,6.0
201112,17608487,復華數位經濟基金,AA1,TWD,15.19
201112,17612497,國泰國泰基金,AA1,TWD,11.59
201112,18031960,安多利高科技基金,AA1,TWD,4.61
201112,18033138,德信數位時代基金,AA1,TWD,12.14
201112,18036281,元大巴菲特基金,AA1,TWD,14.88
201112,18037937,安泰INGｅ科技基金,AA1,TWD,9.59
201112,18043059,國泰中小成長基金,AA1,TWD,25.48
201112,18480065,德盛科技大壩基金,AA1,TWD,15.47
201112,18488279,復華中小精選基金,AA1,TWD,20.02
201112,18488469,安泰ING中小基金,AA1,TWD,18.16
201112,18496290,聯邦中國龍基金,AA1,TWD,9.95
201112,18499732,德銀遠東DWS台灣旗艦基金,AA1,TWD,13.38
201112,19291128,國泰大中華基金,AA1,TWD,16.68
201112,19330712,貝萊德寶利基金,AA1,TWD,8.37
201112,19330754,安泰ING優質基金,AA1,TWD,15.75
201112,19339782,群益創新科技基金,AA1,TWD,18.84
201112,19341318,第一金電子基金,AA1,TWD,14.36
201112,20080023,元大店頭基金,AA1,TWD,5.51
201112,20081352,群益店頭市場基金,AA1,TWD,35.56
201112,20084317,日盛日盛基金,AA1,TWD,7.86
201112,20089755,富邦精銳中小基金,AA1,TWD,7.62
201112,20092528,第一金店頭市場基金,AA1,TWD,6.2
201112,20094672,匯達寶櫃基金,AA1,TWD,5.56
201112,20094820,柏瑞巨人基金,AA1,TWD,6.96
201112,20097447,保德信第一基金,AA1,TWD,15.28
201112,21759676,復華全方位基金,AA1,TWD,9.64
201112,25601923,施羅德台灣主動基金,AA1,TWD,10.26
201112,25612029,凱基台灣精五門基金,AA1,TWD,11.35
201112,25614244,寶來寶來基金(A),AA1,TWD,7.63
201112,25636367,摩根富林明JF台灣金磚基金,AA1,TWD,10.36
201112,26202396,第一金創新趨勢基金,AA1,TWD,8.76
201112,26273336,日盛MIT主流基金,AA1,TWD,8.26
201112,26279964,華南永昌中小型基金,AA1,TWD,6.7
201112,26288534,德信台灣主流中小基金,AA1,TWD,7.46
201112,26290530,未來資產活力旺中小基金,AA1,TWD,9.46
201112,26307407,新光傳產優勢基金,AA1,TWD,7.72
201112,26309025,德盛安聯台灣好息富基金,AA1,TWD,7.95
201112,26310297,富蘭克林華美台股傘型基金之高科技基金,AA1,TWD,8.17
201112,26310310,富蘭克林華美台股傘型基金之傳產基金,AA1,TWD,8.48
201112,26320632,合庫巴黎台灣領航基金,AA1,TWD,7.86
201112,26334214,新光增長收益基金,AA1,TWD,9.9
201112,29222213,台新台新基金,AA1,TWD,7.22
201112,48675778,群益奧斯卡基金,AA1,TWD,13.87
201112,48731589,華頓典範科技基金,AA1,TWD,7.99
201112,48749899,群益葛萊美基金,AA1,TWD,11.14
201112,48809501,富鼎台灣優勢基金,AA1,TWD,8.07
201112,48858663,台新主流基金,AA1,TWD,8.67
201112,48893417,富鼎台灣活力基金,AA1,TWD,5.42
201112,48929007,華南永昌愛台灣基金,AA1,TWD,5.58
201112,48929409,第一金台灣成長基金,AA1,TWD,5.66
201112,48934304,統一台灣動力基金,AA1,TWD,7.2
201112,48948481,日盛首選基金,AA1,TWD,7.6
201112,48948623,國泰台灣計量基金,AA1,TWD,8.45
201112,48948834,施羅德樂活中小基金,AA1,TWD,8.76
201112,48997911,德盛安聯台灣智慧趨勢基金,AA1,TWD,9.68
201112,73982057,宏利宏利基金,AA1,TWD,12.52
201112,73987671,匯豐台灣精典基金,AA1,TWD,14.77
201112,73988171,德信全方位基金,AA1,TWD,9.31
201112,73988876,日盛小而美基金,AA1,TWD,10.89
201112,73989002,第一金小型精選基金,AA1,TWD,15.98
201112,73989256,景順台灣科技基金,AA1,TWD,19.9
201112,73989501,摩根富林明JF中小基金,AA1,TWD,16.61
201112,73990253,統一奔騰基金,AA1,TWD,25.49
201112,73990649,保德信科技島基金,AA1,TWD,13.98
201112,73991751,兆豐國際電子基金,AA1,TWD,14.35
201112,73992013,永豐領航科技基金,AA1,TWD,11.58
201112,73998071,新光店頭基金,AA1,TWD,14.0
201112,73998086,復華高成長基金,AA1,TWD,21.02
201112,76941376,匯豐成功基金,AA1,TWD,26.05
201112,77537493,統一統信基金,AA1,TWD,16.11
201112,77537509,元大多元基金,AA1,TWD,9.35
201112,80892778,華頓中小型基金,AA1,TWD,14.45
201112,80894446,台新中國通基金,AA1,TWD,15.11
201112,81580149,新光國家建設基金,AA1,TWD,13.99
201112,81581724,統一經建基金,AA1,TWD,17.26
201112,81584335,元大高科技基金,AA1,TWD,10.78
201112,81584975,日盛上選基金,AA1,TWD,16.0
201112,81584996,兆豐國際中小基金,AA1,TWD,10.15
201112,81585242,新光創新科技基金,AA1,TWD,8.48
201112,81585475,富邦高成長基金,AA1,TWD,13.78
201112,81587889,復華復華基金,AA1,TWD,7.54
201112,81588536,台新大眾基金,AA1,TWD,13.38
201112,81591434,群益長安基金,AA1,TWD,13.78
201112,81594690,永豐永豐基金,AA1,TWD,23.98
201112,81595924,保誠中小型股基金,AA1,TWD,10.79
201112,83863951,元大經貿基金,AA1,TWD,19.13
201112,83864683,富邦科技基金,AA1,TWD,14.93
201112,83866508,保德信中小型股基金,AA1,TWD,25.01
201112,92000533,新光台灣永發基金,AA1,TWD,9.34
201112,92001765,元大多多基金,AA1,TWD,13.59
201112,92002244,統一黑馬基金,AA1,TWD,24.26
201112,92002384,富邦精準基金,AA1,TWD,37.68
201112,92003102,保誠高科技基金,AA1,TWD,31.71
201112,92003790,兆豐國際精選二十基金,AA1,TWD,9.36
201112,92004566,寶來績效基金,AA1,TWD,22.9
201112,92010477,富邦長紅基金,AA1,TWD,36.99
201112,92010770,富邦台灣鳳凰基金,AA1,TWD,468.56
201112,92012025,摩根富林明JF新興科技基金,AA1,TWD,28.94
201112,92012572,保誠外銷基金,AA1,TWD,22.82
201112,92012762,統一龍馬基金,AA1,TWD,30.29
201112,92013967,保德信金滿意基金,AA1,TWD,25.67
201112,92016839,華南永昌前瞻科技基金,AA1,TWD,8.85
201112,92017794,匯豐龍騰電子基金,AA1,TWD,20.78
201112,92019786,景順潛力基金,AA1,TWD,21.72
201112,92026219,元大卓越基金,AA1,TWD,31.34
201112,92028997,群益中小型股基金,AA1,TWD,21.65
201112,94991068,日盛新台商基金,AA1,TWD,18.73
201112,97972846,德信大發基金,AA1,TWD,14.31
201112,97974078,富邦冠軍基金,AA1,TWD,19.15
201112,97977878,統一中小基金,AA1,TWD,10.47
201112,97978102,保誠掌櫃基金,AA1,TWD,10.67
201112,97980043,第一金福王基金,AA1,TWD,9.26
201112,97982984,匯達概念型基金,AA1,TWD,14.34
201112,97984293,群益馬拉松基金,AA1,TWD,60.03
201112,97988636,保德信店頭市場基金,AA1,TWD,20.07
201112,97990696,保誠菁華基金,AA1,TWD,13.2
201112,97995664,匯豐中小基金,AA1,TWD,5.9
201112,97997635,匯達大利基金,AA1,TWD,20.19
201112,99354335,摩根富林明JF台灣微型基金,AA1,TWD,15.62
201112,99973878,安泰ING台灣高股息基金,AA1,TWD,11.19
201203,00965469,兆豐國際第一基金,AA1,TWD,10.83
201203,00968493,安泰ING鴻運基金,AA1,TWD,10.75
201203,00968521,第一金福元基金,AA1,TWD,7.09
201203,00973762,華南永昌永昌基金,AA1,TWD,9.92
201203,00974018,富邦富邦基金,AA1,TWD,8.28
201203,00974039,摩根JF台灣基金,AA1,TWD,9.28
201203,00974066,寶來2001基金,AA1,TWD,34.27
201203,00974241,新光台灣富貴基金,AA1,TWD,16.68
201203,00988316,安泰ING台灣運籌基金,AA1,TWD,15.36
201203,01031298,匯豐龍鳳基金,AA1,TWD,33.91
201203,01031564,安泰ING積極成長基金,AA1,TWD,6.42
201203,01031699,統一全天候基金,AA1,TWD,47.06
201203,01031874,國泰小龍基金,AA1,TWD,11.36
201203,01032058,元大多福基金,AA1,TWD,35.94
201203,01032162,摩根JF台灣增長基金,AA1,TWD,33.37
201203,01032183,保德信高成長基金,AA1,TWD,59.4
201203,01032803,第一金萬得福基金,AA1,TWD,9.79
201203,01050148,兆豐國際國民基金,AA1,TWD,21.35
201203,10300929,華南永昌台灣精選基金,AA1,TWD,7.31
201203,10337833,惠理康和台灣紅不讓基金,AA1,TWD,13.02
201203,10341251,未來資產台灣新趨勢基金,AA1,TWD,11.9
201203,10341837,兆豐國際豐台灣基金,AA1,TWD,21.53
201203,10342250,德銀遠東DWS台灣精選主題基金,AA1,TWD,12.45
201203,10388939,富邦台灣企業社會責任基金-A類型,AA1,TWD,11.23
201203,13528977,保德信台商全方位基金,AA1,TWD,21.6
201203,13539952,凱基開創基金,AA1,TWD,13.97
201203,13984165,富達台灣成長基金,AA1,TWD,18.32
201203,13986924,新光大三通基金,AA1,TWD,14.63
201203,13998344,永豐中小基金,AA1,TWD,33.67
201203,14542287,寶來精準中小基金,AA1,TWD,13.65
201203,14545897,德銀遠東DWS科技基金,AA1,TWD,13.55
201203,14693572,聯邦台灣創新基金,AA1,TWD,11.95
201203,14694495,華頓台灣基金,AA1,TWD,17.24
201203,14705562,國泰科技生化基金,AA1,TWD,23.76
201203,15588302,景順台灣精選成長基金,AA1,TWD,20.76
201203,15733973,富蘭克林華美第一富基金,AA1,TWD,22.36
201203,15739619,第一金大中華基金,AA1,TWD,16.86
201203,17139204,元大新主流基金,AA1,TWD,15.75
201203,17140568,景順主流基金,AA1,TWD,13.77
201203,17141187,富鼎半導體科技基金,AA1,TWD,8.44
201203,17144889,宏利台灣動力基金,AA1,TWD,13.24
201203,17144945,摩根JF價值成長基金,AA1,TWD,13.32
201203,17145070,寶來矽谷基金,AA1,TWD,10.49
201203,17146752,安泰ING成長基金,AA1,TWD,15.22
201203,17147078,日盛精選五虎基金,AA1,TWD,20.83
201203,17148301,富邦台灣心基金,AA1,TWD,12.28
201203,17152509,永豐高科技基金,AA1,TWD,11.19
201203,17153795,富邦價值基金,AA1,TWD,16.01
201203,17597236,聯邦精選科技基金,AA1,TWD,7.15
201203,17597600,未來資產阿波羅基金,AA1,TWD,6.96
201203,17600534,安泰ING高科技基金,AA1,TWD,5.5
201203,17602625,保德信新世紀基金,AA1,TWD,7.38
201203,17602821,台新2000高科技基金,AA1,TWD,15.86
201203,17603899,瀚亞電通網基金,AA1,TWD,9.46
201203,17604124,德盛台灣大壩基金,AA1,TWD,9.88
201203,17605622,統一大滿貫基金,AA1,TWD,19.46
201203,17607591,日盛高科技基金,AA1,TWD,8.63
201203,17608445,富邦網路基金,AA1,TWD,6.84
201203,17608487,復華數位經濟基金,AA1,TWD,17.77
201203,17612497,國泰國泰基金,AA1,TWD,13.34
201203,18031960,安多利高科技基金,AA1,TWD,5.63
201203,18033138,德信數位時代基金,AA1,TWD,14.35
201203,18036281,元大巴菲特基金,AA1,TWD,15.98
201203,18037937,安泰INGｅ科技基金,AA1,TWD,11.11
201203,18043059,國泰中小成長基金,AA1,TWD,30.21
201203,18480065,德盛科技大壩基金,AA1,TWD,17.91
201203,18488279,復華中小精選基金,AA1,TWD,22.91
201203,18488469,安泰ING中小基金,AA1,TWD,21.7
201203,18496290,聯邦中國龍基金,AA1,TWD,11.43
201203,18499732,德銀遠東DWS台灣旗艦基金,AA1,TWD,14.71
201203,19291128,國泰大中華基金,AA1,TWD,19.06
201203,19330712,貝萊德寶利基金,AA1,TWD,9.53
201203,19330754,安泰ING優質基金,AA1,TWD,18.06
201203,19339782,群益創新科技基金,AA1,TWD,22.02
201203,19341318,第一金電子基金,AA1,TWD,17.82
201203,20080023,元大店頭基金,AA1,TWD,6.31
201203,20081352,群益店頭市場基金,AA1,TWD,42.58
201203,20084317,日盛日盛基金,AA1,TWD,9.04
201203,20089755,富邦精銳中小基金,AA1,TWD,8.69
201203,20092528,第一金店頭市場基金,AA1,TWD,6.96
201203,20094820,柏瑞巨人基金,AA1,TWD,8.1
201203,20097447,保德信第一基金,AA1,TWD,16.82
201203,21759676,復華全方位基金,AA1,TWD,11.29
201203,25601923,施羅德台灣主動基金,AA1,TWD,12.73
201203,25612029,凱基台灣精五門基金,AA1,TWD,13.32
201203,25614244,寶來寶來基金(A),AA1,TWD,8.7
201203,25636367,摩根JF台灣金磚基金,AA1,TWD,11.21
201203,26202396,第一金創新趨勢基金,AA1,TWD,10.67
201203,26273336,日盛MIT主流基金,AA1,TWD,9.93
201203,26279964,華南永昌中小型基金,AA1,TWD,7.76
201203,26288534,德信台灣主流中小基金,AA1,TWD,9.04
201203,26290530,未來資產活力旺中小基金,AA1,TWD,10.59
201203,26307407,新光傳產優勢基金,AA1,TWD,8.68
201203,26309025,德盛安聯台灣好息富基金,AA1,TWD,8.84
201203,26310297,富蘭克林華美台股傘型基金之高科技基金,AA1,TWD,9.28
201203,26310310,富蘭克林華美台股傘型基金之傳產基金,AA1,TWD,9.19
201203,26320632,合庫巴黎台灣領航基金,AA1,TWD,9.28
201203,26334214,新光增長收益基金,AA1,TWD,9.76
201203,29222213,台新台新基金,AA1,TWD,8.01
201203,48675778,群益奧斯卡基金,AA1,TWD,16.23
201203,48731589,華頓典範科技基金,AA1,TWD,9.14
201203,48749899,群益葛萊美基金,AA1,TWD,13.08
201203,48809501,富鼎台灣優勢基金,AA1,TWD,9.33
201203,48858663,台新主流基金,AA1,TWD,10.89
201203,48893417,富鼎台灣活力基金,AA1,TWD,6.24
201203,48929007,華南永昌愛台灣基金,AA1,TWD,6.33
201203,48929409,第一金台灣成長基金,AA1,TWD,6.72
201203,48934304,統一台灣動力基金,AA1,TWD,8.68
201203,48948481,日盛首選基金,AA1,TWD,9.17
201203,48948623,國泰台灣計量基金,AA1,TWD,9.5
201203,48948834,施羅德樂活中小基金,AA1,TWD,10.96
201203,48997911,德盛安聯台灣智慧趨勢基金,AA1,TWD,10.91
201203,73982057,宏利宏利基金,AA1,TWD,13.9
201203,73987671,匯豐台灣精典基金,AA1,TWD,16.57
201203,73988171,德信全方位基金,AA1,TWD,10.85
201203,73988876,日盛小而美基金,AA1,TWD,13.26
201203,73989002,第一金小型精選基金,AA1,TWD,18.73
201203,73989256,景順台灣科技基金,AA1,TWD,22.63
201203,73989501,摩根JF中小基金,AA1,TWD,18.5
201203,73990253,統一奔騰基金,AA1,TWD,30.28
201203,73990649,保德信科技島基金,AA1,TWD,15.76
201203,73991751,兆豐國際電子基金,AA1,TWD,16.88
201203,73992013,永豐領航科技基金,AA1,TWD,13.48
201203,73998071,新光店頭基金,AA1,TWD,16.28
201203,73998086,復華高成長基金,AA1,TWD,24.32
201203,76941376,匯豐成功基金,AA1,TWD,27.86
201203,77537493,統一統信基金,AA1,TWD,19.02
201203,77537509,元大多元基金,AA1,TWD,10.38
201203,80892778,華頓中小型基金,AA1,TWD,17.83
201203,80894446,台新中國通基金,AA1,TWD,18.75
201203,81580149,新光國家建設基金,AA1,TWD,16.5
201203,81581724,統一經建基金,AA1,TWD,20.76
201203,81584335,元大高科技基金,AA1,TWD,11.94
201203,81584975,日盛上選基金,AA1,TWD,18.6
201203,81584996,兆豐國際中小基金,AA1,TWD,11.79
201203,81585242,新光創新科技基金,AA1,TWD,10.29
201203,81585475,富邦高成長基金,AA1,TWD,15.28
201203,81587889,復華復華基金,AA1,TWD,8.78
201203,81588536,台新大眾基金,AA1,TWD,16.17
201203,81591434,群益長安基金,AA1,TWD,16.32
201203,81594690,永豐永豐基金,AA1,TWD,26.52
201203,81595924,瀚亞中小型股基金,AA1,TWD,12.66
201203,83863951,元大經貿基金,AA1,TWD,21.59
201203,83864683,富邦科技基金,AA1,TWD,17.0
201203,83866508,保德信中小型股基金,AA1,TWD,28.88
201203,92000533,新光台灣永發基金,AA1,TWD,10.32
201203,92001765,元大多多基金,AA1,TWD,14.89
201203,92002244,統一黑馬基金,AA1,TWD,29.01
201203,92002384,富邦精準基金,AA1,TWD,39.87
201203,92003102,瀚亞高科技基金,AA1,TWD,37.19
201203,92003790,兆豐國際精選二十基金,AA1,TWD,10.72
201203,92004566,寶來績效基金,AA1,TWD,24.67
201203,92010477,富邦長紅基金,AA1,TWD,42.82
201203,92010770,富邦台灣鳳凰基金,AA1,TWD,526.88
201203,92012025,摩根JF新興科技基金,AA1,TWD,33.56
201203,92012572,瀚亞外銷基金,AA1,TWD,25.57
201203,92012762,統一龍馬基金,AA1,TWD,36.88
201203,92013967,保德信金滿意基金,AA1,TWD,28.67
201203,92016839,華南永昌前瞻科技基金,AA1,TWD,10.16
201203,92017794,匯豐龍騰電子基金,AA1,TWD,24.0
201203,92019786,景順潛力基金,AA1,TWD,24.64
201203,92026219,元大卓越基金,AA1,TWD,34.06
201203,92028997,群益中小型股基金,AA1,TWD,26.07
201203,94991068,日盛新台商基金,AA1,TWD,20.98
201203,97972846,德信大發基金,AA1,TWD,16.48
201203,97974078,富邦冠軍基金,AA1,TWD,20.99
201203,97977878,統一中小基金,AA1,TWD,12.35
201203,97978102,瀚亞掌櫃基金,AA1,TWD,12.64
201203,97980043,第一金福王基金,AA1,TWD,10.6
201203,97982984,匯達概念型基金,AA1,TWD,15.76
201203,97984293,群益馬拉松基金,AA1,TWD,67.24
201203,97988636,保德信店頭市場基金,AA1,TWD,23.52
201203,97990696,瀚亞菁華基金,AA1,TWD,14.95
201203,97995664,匯豐中小基金,AA1,TWD,6.95
201203,97997635,匯達大利基金,AA1,TWD,23.04
201203,99354335,摩根JF台灣微型基金,AA1,TWD,17.04
201203,99973878,安泰ING台灣高股息基金,AA1,TWD,13.48
201206,00965469,兆豐國際第一基金,AA1,TWD,10.01
201206,00968493,安泰ING鴻運基金,AA1,TWD,10.15
201206,00968521,第一金福元基金,AA1,TWD,6.4
201206,00973762,華南永昌永昌基金,AA1,TWD,9.33
201206,00974018,富邦富邦基金,AA1,TWD,7.69
201206,00974039,摩根JF台灣基金,AA1,TWD,8.59
201206,00974066,寶來2001基金,AA1,TWD,31.14
201206,00974241,新光台灣富貴基金,AA1,TWD,15.41
201206,00988316,安泰ING台灣運籌基金,AA1,TWD,14.33
201206,01031298,匯豐龍鳳基金,AA1,TWD,31.85
201206,01031564,安泰ING積極成長基金,AA1,TWD,6.15
201206,01031699,統一全天候基金,AA1,TWD,43.83
201206,01031874,國泰小龍基金,AA1,TWD,10.79
201206,01032058,元大多福基金,AA1,TWD,32.98
201206,01032162,摩根JF台灣增長基金,AA1,TWD,30.53
201206,01032183,保德信高成長基金,AA1,TWD,55.72
201206,01032803,第一金萬得福基金,AA1,TWD,9.37
201206,01050148,兆豐國際國民基金,AA1,TWD,19.85
201206,10300929,華南永昌台灣精選基金,AA1,TWD,6.86
201206,10337833,惠理康和台灣紅不讓基金,AA1,TWD,11.92
201206,10341251,未來資產台灣新趨勢基金,AA1,TWD,10.77
201206,10341837,兆豐國際豐台灣基金,AA1,TWD,20.74
201206,10388939,富邦台灣企業社會責任基金-A類型,AA1,TWD,10.35
201206,13528977,保德信台商全方位基金,AA1,TWD,20.38
201206,13539952,凱基開創基金,AA1,TWD,13.08
201206,13984165,富達台灣成長基金,AA1,TWD,16.96
201206,13986924,新光大三通基金,AA1,TWD,13.96
201206,13998344,永豐中小基金,AA1,TWD,31.05
201206,14542287,寶來精準中小基金,AA1,TWD,12.68
201206,14545897,德銀遠東DWS科技基金,AA1,TWD,12.55
201206,14693572,聯邦台灣創新基金,AA1,TWD,11.55
201206,14694495,華頓台灣基金,AA1,TWD,16.42
201206,14705562,國泰科技生化基金,AA1,TWD,22.29
201206,15588302,景順台灣精選成長基金,AA1,TWD,19.2
201206,15733973,富蘭克林華美第一富基金,AA1,TWD,21.07
201206,15739619,第一金大中華基金,AA1,TWD,15.22
201206,17139204,元大新主流基金,AA1,TWD,14.63
201206,17140568,景順主流基金,AA1,TWD,12.61
201206,17141187,富鼎半導體科技基金,AA1,TWD,7.54
201206,17144889,宏利台灣動力基金,AA1,TWD,12.66
201206,17144945,摩根JF價值成長基金,AA1,TWD,12.38
201206,17145070,寶來矽谷基金,AA1,TWD,9.54
201206,17146752,安泰ING成長基金,AA1,TWD,14.68
201206,17147078,日盛精選五虎基金,AA1,TWD,19.43
201206,17148301,富邦台灣心基金,AA1,TWD,11.31
201206,17152509,永豐高科技基金,AA1,TWD,10.21
201206,17153795,富邦價值基金,AA1,TWD,14.84
201206,17597236,聯邦精選科技基金,AA1,TWD,7.2
201206,17597600,未來資產阿波羅基金,AA1,TWD,6.45
201206,17600534,安泰ING高科技基金,AA1,TWD,5.28
201206,17602625,保德信新世紀基金,AA1,TWD,6.89
201206,17602821,台新2000高科技基金,AA1,TWD,13.72
201206,17603899,瀚亞電通網基金,AA1,TWD,8.34
201206,17604124,德盛台灣大壩基金,AA1,TWD,9.27
201206,17605622,統一大滿貫基金,AA1,TWD,18.6
201206,17607591,日盛高科技基金,AA1,TWD,7.98
201206,17608445,富邦網路基金,AA1,TWD,6.37
201206,17608487,復華數位經濟基金,AA1,TWD,16.46
201206,17612497,國泰國泰基金,AA1,TWD,12.62
201206,18031960,安多利高科技基金,AA1,TWD,4.97
201206,18033138,德信數位時代基金,AA1,TWD,13.17
201206,18036281,元大巴菲特基金,AA1,TWD,14.7
201206,18037937,安泰INGｅ科技基金,AA1,TWD,10.68
201206,18043059,國泰中小成長基金,AA1,TWD,28.48
201206,18480065,德盛科技大壩基金,AA1,TWD,16.35
201206,18488279,復華中小精選基金,AA1,TWD,21.88
201206,18488469,安泰ING中小基金,AA1,TWD,20.71
201206,18496290,聯邦中國龍基金,AA1,TWD,11.28
201206,18499732,德銀遠東DWS台灣旗艦基金,AA1,TWD,13.63
201206,19291128,國泰大中華基金,AA1,TWD,17.71
201206,19330712,貝萊德寶利基金,AA1,TWD,8.9
201206,19330754,安泰ING優質基金,AA1,TWD,17.22
201206,19339782,群益創新科技基金,AA1,TWD,19.61
201206,19341318,第一金電子基金,AA1,TWD,16.53
201206,20080023,元大店頭基金,AA1,TWD,5.89
201206,20081352,群益店頭市場基金,AA1,TWD,39.8
201206,20084317,日盛日盛基金,AA1,TWD,8.41
201206,20089755,富邦精銳中小基金,AA1,TWD,8.01
201206,20092528,第一金店頭市場基金,AA1,TWD,6.1
201206,20094820,柏瑞巨人基金,AA1,TWD,7.37
201206,20097447,保德信第一基金,AA1,TWD,15.88
201206,21759676,復華全方位基金,AA1,TWD,10.3
201206,25601923,施羅德台灣主動基金,AA1,TWD,11.62
201206,25612029,凱基台灣精五門基金,AA1,TWD,12.55
201206,25614244,寶來寶來基金(A),AA1,TWD,7.97
201206,25636367,摩根JF台灣金磚基金,AA1,TWD,10.33
201206,26202396,第一金創新趨勢基金,AA1,TWD,9.88
201206,26273336,日盛MIT主流基金,AA1,TWD,9.44
201206,26279964,華南永昌中小型基金,AA1,TWD,7.37
201206,26288534,德信台灣主流中小基金,AA1,TWD,8.4
201206,26290530,未來資產活力旺中小基金,AA1,TWD,9.87
201206,26307407,新光傳產優勢基金,AA1,TWD,7.97
201206,26309025,德盛安聯台灣好息富基金,AA1,TWD,8.47
201206,26310297,富蘭克林華美台股傘型基金之高科技基金,AA1,TWD,8.75
201206,26310310,富蘭克林華美台股傘型基金之傳產基金,AA1,TWD,8.85
201206,26320632,合庫巴黎台灣領航基金,AA1,TWD,9.13
201206,26334214,新光增長收益基金,AA1,TWD,9.59
201206,29222213,台新台新基金,AA1,TWD,7.61
201206,31825252,新光靈活增益100基金,AA1,TWD,9.88
201206,48675778,群益奧斯卡基金,AA1,TWD,14.85
201206,48731589,華頓典範科技基金,AA1,TWD,8.62
201206,48749899,群益葛萊美基金,AA1,TWD,12.1
201206,48809501,富鼎台灣優勢基金,AA1,TWD,8.34
201206,48858663,台新主流基金,AA1,TWD,9.8
201206,48893417,富鼎台灣活力基金,AA1,TWD,5.56
201206,48929007,華南永昌愛台灣基金,AA1,TWD,6.11
201206,48929409,第一金台灣成長基金,AA1,TWD,6.37
201206,48934304,統一台灣動力基金,AA1,TWD,7.85
201206,48948481,日盛首選基金,AA1,TWD,8.65
201206,48948623,國泰台灣計量基金,AA1,TWD,9.0
201206,48948834,施羅德樂活中小基金,AA1,TWD,9.9
201206,48997911,德盛安聯台灣智慧趨勢基金,AA1,TWD,9.97
201206,73982057,宏利宏利基金,AA1,TWD,13.38
201206,73987671,匯豐台灣精典基金,AA1,TWD,15.56
201206,73988171,德信全方位基金,AA1,TWD,10.1
201206,73988876,日盛小而美基金,AA1,TWD,12.59
201206,73989002,第一金小型精選基金,AA1,TWD,17.27
201206,73989256,景順台灣科技基金,AA1,TWD,21.43
201206,73989501,摩根JF中小基金,AA1,TWD,17.36
201206,73990253,統一奔騰基金,AA1,TWD,28.3
201206,73990649,保德信科技島基金,AA1,TWD,14.34
201206,73991751,兆豐國際電子基金,AA1,TWD,15.67
201206,73992013,永豐領航科技基金,AA1,TWD,12.05
201206,73998071,新光店頭基金,AA1,TWD,14.95
201206,73998086,復華高成長基金,AA1,TWD,22.01
201206,76941376,匯豐成功基金,AA1,TWD,26.18
201206,77537493,統一統信基金,AA1,TWD,17.43
201206,77537509,元大多元基金,AA1,TWD,9.47
201206,80892778,華頓中小型基金,AA1,TWD,17.56
201206,80894446,台新中國通基金,AA1,TWD,17.17
201206,81580149,新光國家建設基金,AA1,TWD,15.69
201206,81581724,統一經建基金,AA1,TWD,19.47
201206,81584335,元大高科技基金,AA1,TWD,10.68
201206,81584975,日盛上選基金,AA1,TWD,17.51
201206,81584996,兆豐國際中小基金,AA1,TWD,10.67
201206,81585242,新光創新科技基金,AA1,TWD,9.67
201206,81585475,富邦高成長基金,AA1,TWD,14.37
201206,81587889,復華復華基金,AA1,TWD,8.09
201206,81588536,台新大眾基金,AA1,TWD,14.17
201206,81591434,群益長安基金,AA1,TWD,14.48
201206,81594690,永豐永豐基金,AA1,TWD,24.66
201206,81595924,瀚亞中小型股基金,AA1,TWD,11.36
201206,83863951,元大經貿基金,AA1,TWD,19.25
201206,83864683,富邦科技基金,AA1,TWD,15.77
201206,83866508,保德信中小型股基金,AA1,TWD,26.48
201206,92000533,新光台灣永發基金,AA1,TWD,9.45
201206,92001765,元大多多基金,AA1,TWD,12.79
201206,92002244,統一黑馬基金,AA1,TWD,26.96
201206,92002384,富邦精準基金,AA1,TWD,36.18
201206,92003102,瀚亞高科技基金,AA1,TWD,33.56
201206,92003790,兆豐國際精選二十基金,AA1,TWD,10.13
201206,92004566,寶來績效基金,AA1,TWD,23.3
201206,92010477,富邦長紅基金,AA1,TWD,40.6
201206,92010770,富邦台灣鳳凰基金,AA1,TWD,498.26
201206,92012025,摩根JF新興科技基金,AA1,TWD,30.28
201206,92012572,瀚亞外銷基金,AA1,TWD,23.8
201206,92012762,統一龍馬基金,AA1,TWD,34.31
201206,92013967,保德信金滿意基金,AA1,TWD,26.84
201206,92016839,華南永昌前瞻科技基金,AA1,TWD,9.67
201206,92017794,匯豐龍騰電子基金,AA1,TWD,22.41
201206,92019786,景順潛力基金,AA1,TWD,23.02
201206,92026219,元大卓越基金,AA1,TWD,31.05
201206,92028997,群益中小型股基金,AA1,TWD,24.25
201206,94991068,日盛新台商基金,AA1,TWD,20.18
201206,97972846,德信大發基金,AA1,TWD,15.03
201206,97974078,富邦冠軍基金,AA1,TWD,19.08
201206,97977878,統一中小基金,AA1,TWD,11.36
201206,97978102,瀚亞掌櫃基金,AA1,TWD,11.24
201206,97980043,第一金福王基金,AA1,TWD,9.88
201206,97982984,匯達概念型基金,AA1,TWD,15.2
201206,97984293,群益馬拉松基金,AA1,TWD,63.07
201206,97988636,保德信店頭市場基金,AA1,TWD,22.01
201206,97990696,瀚亞菁華基金,AA1,TWD,13.94
201206,97995664,匯豐中小基金,AA1,TWD,6.61
201206,97997635,匯達大利基金,AA1,TWD,22.26
201206,99354335,摩根JF台灣微型基金,AA1,TWD,15.82
201206,99973878,安泰ING台灣高股息基金,AA1,TWD,12.54
201209,00965469,兆豐國際第一基金,AA1,TWD,10.33
201209,00968493,安泰ING鴻運基金,AA1,TWD,10.81
201209,00968521,第一金福元基金,AA1,TWD,7.09
201209,00973762,華南永昌永昌基金,AA1,TWD,9.88
201209,00974018,富邦富邦基金,AA1,TWD,8.22
201209,00974039,摩根JF台灣基金,AA1,TWD,9.11
201209,00974066,寶來2001基金,AA1,TWD,31.94
201209,00974241,新光台灣富貴基金,AA1,TWD,15.84
201209,00988316,安泰ING台灣運籌基金,AA1,TWD,15.38
201209,01031298,匯豐龍鳳基金,AA1,TWD,34.27
201209,01031564,安泰ING積極成長基金,AA1,TWD,6.6
201209,01031699,統一全天候基金,AA1,TWD,45.66
201209,01031874,國泰小龍基金,AA1,TWD,11.42
201209,01032058,元大多福基金,AA1,TWD,36.46
201209,01032162,摩根JF台灣增長基金,AA1,TWD,33.1
201209,01032183,保德信高成長基金,AA1,TWD,59.77
201209,01032803,第一金萬得福基金,AA1,TWD,10.25
201209,01050148,兆豐國際國民基金,AA1,TWD,21.4
201209,10300929,華南永昌台灣精選基金,AA1,TWD,7.05
201209,10337833,惠理康和台灣紅不讓基金,AA1,TWD,12.83
201209,10341251,未來資產台灣新趨勢基金,AA1,TWD,12.21
201209,10341837,兆豐國際豐台灣基金,AA1,TWD,22.53
201209,10388939,富邦台灣企業社會責任基金-A類型,AA1,TWD,11.16
201209,13528977,保德信台商全方位基金,AA1,TWD,21.17
201209,13539952,凱基開創基金,AA1,TWD,14.57
201209,13984165,富達台灣成長基金,AA1,TWD,18.59
201209,13986924,新光大三通基金,AA1,TWD,13.99
201209,13998344,永豐中小基金,AA1,TWD,32.91
201209,14542287,寶來精準中小基金,AA1,TWD,13.54
201209,14545897,德銀遠東DWS科技基金,AA1,TWD,13.42
201209,14693572,聯邦台灣創新基金,AA1,TWD,12.0
201209,14694495,華頓台灣基金,AA1,TWD,17.37
201209,14705562,國泰科技生化基金,AA1,TWD,23.1
201209,15588302,景順台灣精選成長基金,AA1,TWD,20.19
201209,15733973,富蘭克林華美第一富基金,AA1,TWD,22.23
201209,15739619,第一金大中華基金,AA1,TWD,15.46
201209,17139204,元大新主流基金,AA1,TWD,15.46
201209,17140568,景順主流基金,AA1,TWD,13.34
201209,17141187,富鼎半導體科技基金,AA1,TWD,7.97
201209,17144889,宏利台灣動力基金,AA1,TWD,13.87
201209,17144945,摩根JF價值成長基金,AA1,TWD,13.18
201209,17145070,寶來矽谷基金,AA1,TWD,9.8
201209,17146752,安泰ING成長基金,AA1,TWD,15.77
201209,17147078,日盛精選五虎基金,AA1,TWD,21.1
201209,17148301,富邦台灣心基金,AA1,TWD,12.16
201209,17152509,永豐高科技基金,AA1,TWD,10.83
201209,17153795,富邦價值基金,AA1,TWD,15.12
201209,17597236,聯邦精選科技基金,AA1,TWD,7.4
201209,17597600,未來資產阿波羅基金,AA1,TWD,7.15
201209,17600534,安泰ING高科技基金,AA1,TWD,5.43
201209,17602625,保德信新世紀基金,AA1,TWD,7.52
201209,17602821,台新2000高科技基金,AA1,TWD,14.35
201209,17603899,瀚亞電通網基金,AA1,TWD,8.64
201209,17604124,德盛台灣大壩基金,AA1,TWD,10.11
201209,17605622,統一大滿貫基金,AA1,TWD,19.46
201209,17607591,日盛高科技基金,AA1,TWD,8.37
201209,17608487,復華數位經濟基金,AA1,TWD,17.87
201209,17612497,國泰國泰基金,AA1,TWD,13.12
201209,18031960,安多利高科技基金,AA1,TWD,5.46
201209,18033138,德信數位時代基金,AA1,TWD,14.43
201209,18036281,元大巴菲特基金,AA1,TWD,16.08
201209,18037937,安泰INGｅ科技基金,AA1,TWD,10.97
201209,18043059,國泰中小成長基金,AA1,TWD,29.83
201209,18480065,德盛科技大壩基金,AA1,TWD,17.44
201209,18488279,復華中小精選基金,AA1,TWD,23.66
201209,18488469,安泰ING中小基金,AA1,TWD,22.14
201209,18496290,聯邦中國龍基金,AA1,TWD,12.05
201209,18499732,德銀遠東DWS台灣旗艦基金,AA1,TWD,14.92
201209,19291128,國泰大中華基金,AA1,TWD,18.45
201209,19330712,貝萊德寶利基金,AA1,TWD,9.99
201209,19330754,安泰ING優質基金,AA1,TWD,18.32
201209,19339782,群益創新科技基金,AA1,TWD,20.12
201209,19341318,第一金電子基金,AA1,TWD,17.65
201209,20080023,元大店頭基金,AA1,TWD,5.91
201209,20081352,群益店頭市場基金,AA1,TWD,42.28
201209,20084317,日盛日盛基金,AA1,TWD,9.02
201209,20089755,富邦精銳中小基金,AA1,TWD,8.45
201209,20092528,第一金店頭市場基金,AA1,TWD,6.46
201209,20094820,柏瑞巨人基金,AA1,TWD,8.17
201209,20097447,保德信第一基金,AA1,TWD,16.5
201209,21759676,復華全方位基金,AA1,TWD,11.07
201209,25601923,施羅德台灣主動基金,AA1,TWD,11.86
201209,25612029,凱基台灣精五門基金,AA1,TWD,13.84
201209,25614244,寶來寶來基金(A),AA1,TWD,8.22
201209,25636367,摩根JF台灣金磚基金,AA1,TWD,10.89
201209,26202396,第一金創新趨勢基金,AA1,TWD,10.36
201209,26273336,日盛MIT主流基金,AA1,TWD,10.08
201209,26279964,華南永昌中小型基金,AA1,TWD,7.53
201209,26288534,德信台灣主流中小基金,AA1,TWD,9.31
201209,26290530,未來資產活力旺中小基金,AA1,TWD,10.63
201209,26307407,新光傳產優勢基金,AA1,TWD,8.51
201209,26309025,德盛安聯台灣好息富基金,AA1,TWD,9.23
201209,26310297,富蘭克林華美台股傘型基金之高科技基金,AA1,TWD,9.15
201209,26310310,富蘭克林華美台股傘型基金之傳產基金,AA1,TWD,9.7
201209,26320632,合庫巴黎台灣領航基金,AA1,TWD,9.45
201209,26334214,新光增長收益基金,AA1,TWD,9.87
201209,31825252,新光靈活增益100基金,AA1,TWD,9.62
201209,31837449,國泰價值卓越基金,AA1,TWD,11.14
201209,48675778,群益奧斯卡基金,AA1,TWD,15.92
201209,48731589,華頓典範科技基金,AA1,TWD,8.46
201209,48749899,群益葛萊美基金,AA1,TWD,13.08
201209,48809501,富鼎台灣優勢基金,AA1,TWD,8.62
201209,48858663,台新主流基金,AA1,TWD,10.64
201209,48893417,富鼎台灣活力基金,AA1,TWD,5.72
201209,48929007,華南永昌愛台灣基金,AA1,TWD,6.24
201209,48929409,第一金台灣成長基金,AA1,TWD,6.53
201209,48934304,統一台灣動力基金,AA1,TWD,7.97
201209,48948481,日盛首選基金,AA1,TWD,9.27
201209,48948623,國泰台灣計量基金,AA1,TWD,9.39
201209,48948834,施羅德樂活中小基金,AA1,TWD,10.05
201209,48997911,德盛安聯台灣智慧趨勢基金,AA1,TWD,11.08
201209,73982057,宏利臺灣高股息基金,AA1,TWD,14.61
201209,73987671,匯豐台灣精典基金,AA1,TWD,16.62
201209,73988171,德信全方位基金,AA1,TWD,10.82
201209,73988876,日盛小而美基金,AA1,TWD,13.55
201209,73989002,第一金小型精選基金,AA1,TWD,18.19
201209,73989256,景順台灣科技基金,AA1,TWD,22.68
201209,73989501,摩根JF中小基金,AA1,TWD,18.32
201209,73990253,統一奔騰基金,AA1,TWD,29.11
201209,73990649,保德信科技島基金,AA1,TWD,15.01
201209,73991751,兆豐國際電子基金,AA1,TWD,16.38
201209,73992013,永豐領航科技基金,AA1,TWD,12.6
201209,73998071,新光店頭基金,AA1,TWD,15.24
201209,73998086,復華高成長基金,AA1,TWD,23.84
201209,76941376,匯豐成功基金,AA1,TWD,28.66
201209,77537493,統一統信基金,AA1,TWD,18.28
201209,77537509,元大多元基金,AA1,TWD,10.25
201209,80892778,華頓中小型基金,AA1,TWD,18.4
201209,80894446,台新中國通基金,AA1,TWD,18.56
201209,81580149,新光國家建設基金,AA1,TWD,16.67
201209,81581724,統一經建基金,AA1,TWD,20.08
201209,81584335,元大高科技基金,AA1,TWD,11.08
201209,81584975,日盛上選基金,AA1,TWD,18.72
201209,81584996,兆豐國際中小基金,AA1,TWD,11.56
201209,81585242,新光創新科技基金,AA1,TWD,10.1
201209,81585475,富邦高成長基金,AA1,TWD,14.83
201209,81587889,復華復華基金,AA1,TWD,8.48
201209,81588536,台新大眾基金,AA1,TWD,15.26
201209,81591434,群益長安基金,AA1,TWD,15.44
201209,81594690,永豐永豐基金,AA1,TWD,27.49
201209,81595924,瀚亞中小型股基金,AA1,TWD,11.74
201209,83863951,元大經貿基金,AA1,TWD,20.74
201209,83864683,富邦科技基金,AA1,TWD,15.83
201209,83866508,保德信中小型股基金,AA1,TWD,27.31
201209,92000533,新光台灣永發基金,AA1,TWD,9.92
201209,92001765,元大多多基金,AA1,TWD,13.08
201209,92002244,統一黑馬基金,AA1,TWD,27.75
201209,92002384,富邦精準基金,AA1,TWD,37.45
201209,92003102,瀚亞高科技基金,AA1,TWD,35.17
201209,92003790,兆豐國際精選二十基金,AA1,TWD,10.66
201209,92004566,寶來績效基金,AA1,TWD,24.71
201209,92010477,富邦長紅基金,AA1,TWD,41.94
201209,92010770,富邦台灣鳳凰基金,AA1,TWD,515.4
201209,92012025,摩根JF新興科技基金,AA1,TWD,31.7
201209,92012572,瀚亞外銷基金,AA1,TWD,25.35
201209,92012762,統一龍馬基金,AA1,TWD,35.16
201209,92013967,保德信金滿意基金,AA1,TWD,28.49
201209,92016839,華南永昌前瞻科技基金,AA1,TWD,9.91
201209,92017794,匯豐龍騰電子基金,AA1,TWD,23.31
201209,92019786,景順潛力基金,AA1,TWD,24.82
201209,92026219,元大卓越基金,AA1,TWD,32.86
201209,92028997,群益中小型股基金,AA1,TWD,25.99
201209,94991068,日盛新台商基金,AA1,TWD,21.64
201209,97972846,德信大發基金,AA1,TWD,16.6
201209,97974078,富邦冠軍基金,AA1,TWD,20.53
201209,97977878,統一中小基金,AA1,TWD,11.79
201209,97978102,瀚亞掌櫃基金,AA1,TWD,11.8
201209,97980043,第一金福王基金,AA1,TWD,10.54
201209,97982984,匯達概念型基金,AA1,TWD,16.46
201209,97984293,群益馬拉松基金,AA1,TWD,66.3
201209,97988636,保德信店頭市場基金,AA1,TWD,23.48
201209,97990696,瀚亞菁華基金,AA1,TWD,14.84
201209,97995664,匯豐中小基金,AA1,TWD,6.88
201209,97997635,匯達大利基金,AA1,TWD,23.85
201209,99354335,摩根JF台灣微型基金,AA1,TWD,16.77
201209,99973878,安泰ING台灣高股息基金,AA1,TWD,13.39
201212,00965469,兆豐國際第一基金,AA1,TWD,9.62
201212,00968493,安泰ING鴻運基金,AA1,TWD,11.14
201212,00968521,第一金福元基金,AA1,TWD,6.75
201212,00973762,華南永昌永昌基金,AA1,TWD,9.9
201212,00974018,富邦富邦基金,AA1,TWD,8.28
201212,00974039,摩根JF台灣基金,AA1,TWD,8.65
201212,00974066,元大寶來2001基金,AA1,TWD,31.53
201212,00974241,新光台灣富貴基金,AA1,TWD,15.46
201212,00988316,安泰ING台灣運籌基金,AA1,TWD,15.91
201212,01031298,匯豐龍鳳基金,AA1,TWD,34.46
201212,01031564,安泰ING積極成長基金,AA1,TWD,6.81
201212,01031699,統一全天候基金,AA1,TWD,45.29
201212,01031874,國泰小龍基金,AA1,TWD,11.33
201212,01032058,元大寶來多福基金,AA1,TWD,36.52
201212,01032162,摩根JF台灣增長基金,AA1,TWD,33.01
201212,01032183,保德信高成長基金,AA1,TWD,60.02
201212,01032803,第一金萬得福基金,AA1,TWD,9.83
201212,01050148,兆豐國際國民基金,AA1,TWD,21.47
201212,10300929,華南永昌台灣精選基金,AA1,TWD,7.0
201212,10337833,惠理康和台灣紅不讓基金,AA1,TWD,13.07
201212,10341251,未來資產台灣新趨勢基金,AA1,TWD,12.1
201212,10341837,兆豐國際豐台灣基金,AA1,TWD,21.88
201212,10388939,富邦台灣企業社會責任基金-A類型,AA1,TWD,11.4
201212,13528977,保德信台商全方位基金,AA1,TWD,22.02
201212,13539952,凱基開創基金,AA1,TWD,14.48
201212,13984165,富達台灣成長基金,AA1,TWD,18.67
201212,13986924,新光大三通基金,AA1,TWD,13.39
201212,13998344,永豐中小基金,AA1,TWD,30.57
201212,14542287,元大寶來精準中小基金,AA1,TWD,13.27
201212,14545897,德銀遠東DWS科技基金,AA1,TWD,13.36
201212,14693572,聯邦台灣創新基金,AA1,TWD,11.83
201212,14694495,華頓台灣基金,AA1,TWD,16.86
201212,14705562,國泰科技生化基金,AA1,TWD,22.97
201212,15588302,景順台灣精選成長基金,AA1,TWD,19.82
201212,15733973,富蘭克林華美第一富基金,AA1,TWD,21.66
201212,15739619,第一金大中華基金,AA1,TWD,14.9
201212,17139204,元大寶來新主流基金,AA1,TWD,15.7
201212,17140568,景順主流基金,AA1,TWD,13.04
201212,17141187,富鼎半導體科技基金,AA1,TWD,7.82
201212,17144889,宏利台灣動力基金,AA1,TWD,13.96
201212,17144945,摩根JF價值成長基金,AA1,TWD,12.66
201212,17145070,元大寶來矽谷基金,AA1,TWD,9.58
201212,17146752,安泰ING成長基金,AA1,TWD,16.3
201212,17147078,日盛精選五虎基金,AA1,TWD,20.88
201212,17148301,富邦台灣心基金,AA1,TWD,12.34
201212,17152509,永豐高科技基金,AA1,TWD,10.4
201212,17153795,富邦價值基金,AA1,TWD,14.53
201212,17597236,聯邦精選科技基金,AA1,TWD,7.08
201212,17597600,未來資產阿波羅基金,AA1,TWD,7.16
201212,17600534,安泰ING高科技基金,AA1,TWD,5.28
201212,17602625,保德信新世紀基金,AA1,TWD,7.57
201212,17602821,台新2000高科技基金,AA1,TWD,14.81
201212,17603899,瀚亞電通網基金,AA1,TWD,8.62
201212,17604124,德盛台灣大壩基金,AA1,TWD,10.53
201212,17605622,統一大滿貫基金,AA1,TWD,19.15
201212,17607591,日盛高科技基金,AA1,TWD,8.3
201212,17608487,復華數位經濟基金,AA1,TWD,17.91
201212,17612497,國泰國泰基金,AA1,TWD,13.12
201212,18031960,安多利高科技基金,AA1,TWD,5.27
201212,18033138,德信數位時代基金,AA1,TWD,14.04
201212,18036281,元大寶來巴菲特基金,AA1,TWD,16.13
201212,18037937,安泰INGｅ科技基金,AA1,TWD,10.65
201212,18043059,國泰中小成長基金,AA1,TWD,29.76
201212,18480065,德盛科技大壩基金,AA1,TWD,17.63
201212,18488279,復華中小精選基金,AA1,TWD,23.91
201212,18488469,安泰ING中小基金,AA1,TWD,22.81
201212,18496290,聯邦中國龍基金,AA1,TWD,12.08
201212,18499732,德銀遠東DWS台灣旗艦基金,AA1,TWD,14.99
201212,19291128,國泰大中華基金,AA1,TWD,18.05
201212,19330712,貝萊德寶利基金,AA1,TWD,10.31
201212,19330754,安泰ING優質基金,AA1,TWD,18.69
201212,19339782,群益創新科技基金,AA1,TWD,19.74
201212,19341318,第一金電子基金,AA1,TWD,16.99
201212,20080023,元大寶來店頭基金,AA1,TWD,5.55
201212,20081352,群益店頭市場基金,AA1,TWD,42.58
201212,20084317,日盛日盛基金,AA1,TWD,9.03
201212,20089755,富邦精銳中小基金,AA1,TWD,8.38
201212,20092528,第一金店頭市場基金,AA1,TWD,6.39
201212,20094820,柏瑞巨人基金,AA1,TWD,8.04
201212,20097447,保德信第一基金,AA1,TWD,17.14
201212,21759676,復華全方位基金,AA1,TWD,11.02
201212,25601923,施羅德台灣主動基金,AA1,TWD,12.07
201212,25612029,凱基台灣精五門基金,AA1,TWD,13.87
201212,25636367,摩根JF台灣金磚基金,AA1,TWD,10.82
201212,26202396,第一金創新趨勢基金,AA1,TWD,10.33
201212,26273336,日盛MIT主流基金,AA1,TWD,9.9
201212,26279964,華南永昌中小型基金,AA1,TWD,7.51
201212,26288534,德信台灣主流中小基金,AA1,TWD,9.38
201212,26307407,新光傳產優勢基金,AA1,TWD,8.54
201212,26309025,德盛安聯台灣好息富基金,AA1,TWD,9.24
201212,26310297,富蘭克林華美台股傘型基金之高科技基金,AA1,TWD,8.93
201212,26310310,富蘭克林華美台股傘型基金之傳產基金,AA1,TWD,9.41
201212,26320632,合庫巴黎台灣領航基金,AA1,TWD,9.38
201212,26334214,新光增長收益基金,AA1,TWD,9.94
201212,31825252,新光靈活增益100基金,AA1,TWD,9.55
201212,31837449,國泰價值卓越基金,AA1,TWD,10.9
201212,48675778,群益奧斯卡基金,AA1,TWD,16.36
201212,48731589,華頓典範科技基金,AA1,TWD,7.97
201212,48749899,群益葛萊美基金,AA1,TWD,12.75
201212,48809501,富鼎台灣優勢基金,AA1,TWD,8.55
201212,48858663,台新主流基金,AA1,TWD,10.44
201212,48893417,富鼎台灣活力基金,AA1,TWD,5.56
201212,48929007,華南永昌愛台灣基金,AA1,TWD,6.12
201212,48929409,第一金台灣成長基金,AA1,TWD,6.46
201212,48934304,統一台灣動力基金,AA1,TWD,7.96
201212,48948481,日盛首選基金,AA1,TWD,9.1
201212,48948623,國泰台灣計量基金,AA1,TWD,9.26
201212,48948834,施羅德樂活中小基金,AA1,TWD,10.19
201212,48997911,德盛安聯台灣智慧趨勢基金,AA1,TWD,11.37
201212,73982057,宏利臺灣高股息基金,AA1,TWD,15.02
201212,73987671,匯豐台灣精典基金,AA1,TWD,16.52
201212,73988876,日盛小而美基金,AA1,TWD,13.08
201212,73989002,第一金小型精選基金,AA1,TWD,17.94
201212,73989256,景順台灣科技基金,AA1,TWD,22.2
201212,73989501,摩根JF中小基金,AA1,TWD,17.26
201212,73990253,統一奔騰基金,AA1,TWD,29.13
201212,73990649,保德信科技島基金,AA1,TWD,14.85
201212,73991751,兆豐國際電子基金,AA1,TWD,16.26
201212,73992013,永豐領航科技基金,AA1,TWD,12.6
201212,73998071,新光店頭基金,AA1,TWD,15.17
201212,73998086,復華高成長基金,AA1,TWD,23.76
201212,76941376,匯豐成功基金,AA1,TWD,28.31
201212,77537493,統一統信基金,AA1,TWD,17.99
201212,77537509,元大寶來多元基金,AA1,TWD,10.28
201212,80892778,華頓中小型基金,AA1,TWD,18.37
201212,80894446,台新中國通基金,AA1,TWD,18.75
201212,81580149,新光國家建設基金,AA1,TWD,16.32
201212,81581724,統一經建基金,AA1,TWD,20.09
201212,81584335,元大寶來高科技基金,AA1,TWD,10.89
201212,81584975,日盛上選基金,AA1,TWD,17.98
201212,81584996,兆豐國際中小基金,AA1,TWD,10.72
201212,81585242,新光創新科技基金,AA1,TWD,9.88
201212,81585475,富邦高成長基金,AA1,TWD,14.74
201212,81587889,復華復華基金,AA1,TWD,8.45
201212,81588536,台新大眾基金,AA1,TWD,15.26
201212,81591434,群益長安基金,AA1,TWD,15.58
201212,81594690,永豐永豐基金,AA1,TWD,26.6
201212,81595924,瀚亞中小型股基金,AA1,TWD,11.4
201212,83863951,元大寶來經貿基金,AA1,TWD,21.02
201212,83864683,富邦科技基金,AA1,TWD,15.49
201212,83866508,保德信中小型股基金,AA1,TWD,27.32
201212,92001765,元大寶來多多基金,AA1,TWD,12.78
201212,92002244,統一黑馬基金,AA1,TWD,28.07
201212,92002384,富邦精準基金,AA1,TWD,36.02
201212,92003102,瀚亞高科技基金,AA1,TWD,35.54
201212,92003790,兆豐國際精選二十基金,AA1,TWD,10.44
201212,92004566,元大寶來績效基金,AA1,TWD,24.11
201212,92010477,富邦長紅基金,AA1,TWD,40.76
201212,92010770,富邦台灣鳳凰基金,AA1,TWD,512.29
201212,92012025,摩根JF新興科技基金,AA1,TWD,31.19
201212,92012572,瀚亞外銷基金,AA1,TWD,25.9
201212,92012762,統一龍馬基金,AA1,TWD,34.36
201212,92013967,保德信金滿意基金,AA1,TWD,28.98
201212,92016839,華南永昌前瞻科技基金,AA1,TWD,9.73
201212,92017794,匯豐龍騰電子基金,AA1,TWD,22.77
201212,92019786,景順潛力基金,AA1,TWD,24.57
201212,92026219,元大寶來卓越基金,AA1,TWD,32.38
201212,92028997,群益中小型股基金,AA1,TWD,25.8
201212,94991068,日盛新台商基金,AA1,TWD,22.61
201212,97972846,德信大發基金,AA1,TWD,16.64
201212,97974078,富邦冠軍基金,AA1,TWD,20.29
201212,97977878,統一中小基金,AA1,TWD,11.47
201212,97978102,瀚亞掌櫃基金,AA1,TWD,11.16
201212,97980043,第一金福王基金,AA1,TWD,10.11
201212,97982984,匯達概念型基金,AA1,TWD,15.98
201212,97984293,群益馬拉松基金,AA1,TWD,64.26
201212,97988636,保德信店頭市場基金,AA1,TWD,21.97
201212,97990696,瀚亞菁華基金,AA1,TWD,14.86
201212,97995664,匯豐中小基金,AA1,TWD,6.79
201212,97997635,匯達大利基金,AA1,TWD,24.11
201212,99354335,摩根JF台灣微型基金,AA1,TWD,15.82
201212,99973878,安泰ING台灣高股息基金,AA1,TWD,13.47
201303,00965469,兆豐國際第一基金,AA1,TWD,10.04
201303,00968493,安泰ING鴻運基金,AA1,TWD,12.49
201303,00968521,第一金福元基金,AA1,TWD,7.33
201303,00973762,華南永昌永昌基金,AA1,TWD,10.61
201303,00974018,富邦富邦基金,AA1,TWD,8.78
201303,00974039,摩根台灣基金,AA1,TWD,8.92
201303,00974066,元大寶來2001基金,AA1,TWD,33.56
201303,00974241,新光台灣富貴基金,AA1,TWD,15.85
201303,00988316,安泰ING台灣運籌基金,AA1,TWD,17.45
201303,01031298,匯豐龍鳳基金,AA1,TWD,35.35
201303,01031564,安泰ING積極成長基金,AA1,TWD,7.39
201303,01031699,統一全天候基金,AA1,TWD,48.44
201303,01031874,國泰小龍基金,AA1,TWD,11.81
201303,01032058,元大寶來多福基金,AA1,TWD,39.47
201303,01032162,摩根台灣增長基金,AA1,TWD,33.79
201303,01032183,保德信高成長基金,AA1,TWD,64.83
201303,01032803,第一金萬得福基金,AA1,TWD,10.12
201303,01050148,兆豐國際國民基金,AA1,TWD,22.02
201303,10300929,華南永昌台灣精選基金,AA1,TWD,7.41
201303,10337833,惠理康和台灣紅不讓基金,AA1,TWD,13.59
201303,10341251,未來資產台灣新趨勢基金,AA1,TWD,13.01
201303,10341837,兆豐國際豐台灣基金,AA1,TWD,23.42
201303,10388939,富邦台灣企業社會責任基金-A類型,AA1,TWD,12.15
201303,13528977,保德信台商全方位基金,AA1,TWD,23.85
201303,13539952,凱基開創基金,AA1,TWD,15.73
201303,13984165,富達台灣成長基金,AA1,TWD,19.69
201303,13986924,新光大三通基金,AA1,TWD,13.94
201303,13998344,永豐中小基金,AA1,TWD,33.14
201303,14542287,元大寶來精準中小基金,AA1,TWD,14.14
201303,14545897,德銀遠東DWS科技基金,AA1,TWD,14.16
201303,14694495,華頓台灣基金,AA1,TWD,17.13
201303,14705562,國泰科技生化基金,AA1,TWD,23.88
201303,15588302,景順台灣精選成長基金,AA1,TWD,20.47
201303,15733973,富蘭克林華美第一富基金,AA1,TWD,22.67
201303,15739619,第一金大中華基金,AA1,TWD,15.57
201303,17139204,元大寶來新主流基金,AA1,TWD,16.53
201303,17140568,景順主流基金,AA1,TWD,13.29
201303,17141187,富鼎半導體科技基金,AA1,TWD,8.26
201303,17144889,宏利台灣動力基金,AA1,TWD,15.22
201303,17144945,摩根價值成長基金,AA1,TWD,12.99
201303,17145070,元大寶來矽谷基金,AA1,TWD,10.05
201303,17146752,安泰ING成長基金,AA1,TWD,17.7
201303,17147078,日盛精選五虎基金,AA1,TWD,22.53
201303,17148301,富邦台灣心基金,AA1,TWD,13.15
201303,17152509,永豐高科技基金,AA1,TWD,11.34
201303,17153795,富邦價值基金,AA1,TWD,15.13
201303,17597236,聯邦精選科技基金,AA1,TWD,7.02
201303,17597600,未來資產阿波羅基金,AA1,TWD,7.75
201303,17600534,安泰ING高科技基金,AA1,TWD,5.46
201303,17602625,保德信新世紀基金,AA1,TWD,8.0
201303,17602821,台新2000高科技基金,AA1,TWD,16.33
201303,17603899,瀚亞電通網基金,AA1,TWD,9.08
201303,17604124,德盛台灣大壩基金,AA1,TWD,11.52
201303,17605622,統一大滿貫基金,AA1,TWD,20.21
201303,17607591,日盛高科技基金,AA1,TWD,8.67
201303,17608487,復華數位經濟基金,AA1,TWD,19.48
201303,17612497,國泰國泰基金,AA1,TWD,13.92
201303,18031960,安多利高科技基金,AA1,TWD,5.69
201303,18033138,德信數位時代基金,AA1,TWD,15.42
201303,18036281,元大寶來巴菲特基金,AA1,TWD,17.05
201303,18037937,安泰INGｅ科技基金,AA1,TWD,10.99
201303,18043059,國泰中小成長基金,AA1,TWD,31.27
201303,18480065,德盛科技大壩基金,AA1,TWD,18.26
201303,18488279,復華中小精選基金,AA1,TWD,26.13
201303,18488469,安泰ING中小基金,AA1,TWD,25.77
201303,18496290,聯邦中國龍基金,AA1,TWD,12.78
201303,18499732,德銀遠東DWS台灣旗艦基金,AA1,TWD,15.87
201303,19291128,國泰大中華基金,AA1,TWD,18.61
201303,19330712,貝萊德寶利基金,AA1,TWD,11.21
201303,19330754,安泰ING優質基金,AA1,TWD,20.62
201303,19339782,群益創新科技基金,AA1,TWD,20.48
201303,19341318,第一金電子基金,AA1,TWD,18.55
201303,20080023,元大寶來店頭基金,AA1,TWD,6.11
201303,20081352,群益店頭市場基金,AA1,TWD,47.85
201303,20084317,日盛日盛基金,AA1,TWD,9.63
201303,20089755,富邦精銳中小基金,AA1,TWD,9.2
201303,20092528,第一金店頭市場基金,AA1,TWD,6.66
201303,20094820,柏瑞巨人基金,AA1,TWD,8.32
201303,20097447,保德信第一基金,AA1,TWD,18.62
201303,21759676,復華全方位基金,AA1,TWD,12.23
201303,25601923,施羅德台灣主動基金,AA1,TWD,12.8
201303,25612029,凱基台灣精五門基金,AA1,TWD,14.86
201303,25636367,摩根台灣金磚基金,AA1,TWD,11.34
201303,26202396,第一金創新趨勢基金,AA1,TWD,11.04
201303,26273336,日盛MIT主流基金,AA1,TWD,10.26
201303,26279964,華南永昌中小型基金,AA1,TWD,7.98
201303,26288534,德信台灣主流中小基金,AA1,TWD,10.17
201303,26307407,新光傳產優勢基金,AA1,TWD,8.93
201303,26309025,德盛安聯台灣好息富基金,AA1,TWD,9.81
201303,26310297,富蘭克林華美台股傘型基金之高科技基金,AA1,TWD,9.48
201303,26310310,富蘭克林華美台股傘型基金之傳產基金,AA1,TWD,10.15
201303,26320632,合庫巴黎台灣領航基金,AA1,TWD,9.92
201303,26334214,新光增長收益基金,AA1,TWD,9.85
201303,31825252,新光靈活增益100基金,AA1,TWD,9.36
201303,31837449,國泰價值卓越基金,AA1,TWD,11.13
201303,48675778,群益奧斯卡基金,AA1,TWD,17.46
201303,48731589,華頓典範科技基金,AA1,TWD,8.27
201303,48749899,群益葛萊美基金,AA1,TWD,13.78
201303,48809501,富鼎台灣優勢基金,AA1,TWD,9.22
201303,48858663,台新主流基金,AA1,TWD,11.37
201303,48893417,富鼎台灣活力基金,AA1,TWD,5.96
201303,48929007,華南永昌愛台灣基金,AA1,TWD,6.52
201303,48929409,第一金台灣成長基金,AA1,TWD,6.84
201303,48934304,統一台灣動力基金,AA1,TWD,8.6
201303,48948481,日盛首選基金,AA1,TWD,9.45
201303,48948623,國泰台灣計量基金,AA1,TWD,9.67
201303,48948834,施羅德樂活中小基金,AA1,TWD,11.06
201303,48997911,德盛安聯台灣智慧趨勢基金,AA1,TWD,12.57
201303,73982057,宏利臺灣高股息基金,AA1,TWD,16.46
201303,73987671,匯豐台灣精典基金,AA1,TWD,16.9
201303,73988876,日盛小而美基金,AA1,TWD,13.61
201303,73989002,第一金小型精選基金,AA1,TWD,18.94
201303,73989256,景順台灣科技基金,AA1,TWD,22.82
201303,73989501,摩根中小基金,AA1,TWD,17.28
201303,73990253,統一奔騰基金,AA1,TWD,30.63
201303,73990649,保德信科技島基金,AA1,TWD,15.78
201303,73991751,兆豐國際電子基金,AA1,TWD,17.17
201303,73992013,永豐領航科技基金,AA1,TWD,13.89
201303,73998071,新光店頭基金,AA1,TWD,16.68
201303,73998086,復華高成長基金,AA1,TWD,26.88
201303,76941376,匯豐成功基金,AA1,TWD,28.89
201303,77537493,統一統信基金,AA1,TWD,19.03
201303,77537509,元大寶來多元基金,AA1,TWD,10.33
201303,80892778,華頓中小型基金,AA1,TWD,19.5
201303,80894446,台新中國通基金,AA1,TWD,20.1
201303,81580149,新光國家建設基金,AA1,TWD,17.41
201303,81581724,統一經建基金,AA1,TWD,21.5
201303,81584335,元大寶來高科技基金,AA1,TWD,11.49
201303,81584975,日盛上選基金,AA1,TWD,18.77
201303,81584996,兆豐國際中小基金,AA1,TWD,11.27
201303,81585242,新光創新科技基金,AA1,TWD,10.43
201303,81585475,富邦高成長基金,AA1,TWD,15.91
201303,81587889,復華復華基金,AA1,TWD,9.08
201303,81588536,台新大眾基金,AA1,TWD,16.19
201303,81591434,群益長安基金,AA1,TWD,16.57
201303,81594690,永豐永豐基金,AA1,TWD,28.13
201303,81595924,瀚亞中小型股基金,AA1,TWD,11.98
201303,83863951,元大寶來經貿基金,AA1,TWD,22.55
201303,83864683,富邦科技基金,AA1,TWD,16.99
201303,83866508,保德信中小型股基金,AA1,TWD,30.56
201303,92001765,元大寶來多多基金,AA1,TWD,13.68
201303,92002244,統一黑馬基金,AA1,TWD,29.19
201303,92002384,富邦精準基金,AA1,TWD,39.29
201303,92003102,瀚亞高科技基金,AA1,TWD,38.05
201303,92003790,兆豐國際精選二十基金,AA1,TWD,10.81
201303,92004566,元大寶來績效基金,AA1,TWD,25.6
201303,92010477,富邦長紅基金,AA1,TWD,42.97
201303,92010770,富邦台灣鳳凰基金,AA1,TWD,550.91
201303,92012025,摩根新興科技基金,AA1,TWD,32.01
201303,92012572,瀚亞外銷基金,AA1,TWD,27.19
201303,92012762,統一龍馬基金,AA1,TWD,36.22
201303,92013967,保德信金滿意基金,AA1,TWD,29.74
201303,92016839,華南永昌前瞻科技基金,AA1,TWD,10.13
201303,92017794,匯豐龍騰電子基金,AA1,TWD,22.89
201303,92019786,景順潛力基金,AA1,TWD,25.31
201303,92026219,元大寶來卓越基金,AA1,TWD,33.41
201303,92028997,群益中小型股基金,AA1,TWD,28.66
201303,94991068,日盛新台商基金,AA1,TWD,23.69
201303,97972846,德信大發基金,AA1,TWD,18.45
201303,97974078,富邦冠軍基金,AA1,TWD,21.03
201303,97977878,統一中小基金,AA1,TWD,12.3
201303,97978102,瀚亞掌櫃基金,AA1,TWD,11.64
201303,97980043,第一金福王基金,AA1,TWD,10.46
201303,97982984,聯博概念型基金,AA1,TWD,16.2
201303,97984293,群益馬拉松基金,AA1,TWD,69.12
201303,97988636,保德信店頭市場基金,AA1,TWD,24.47
201303,97990696,瀚亞菁華基金,AA1,TWD,15.56
201303,97995664,匯豐中小基金,AA1,TWD,7.36
201303,97997635,聯博大利基金,AA1,TWD,24.76
201303,99354335,摩根台灣微型基金,AA1,TWD,15.94
201303,99973878,安泰ING台灣高股息基金,AA1,TWD,13.96
201306,00965469,兆豐國際第一基金,AA1,TWD,10.04
201306,00968493,安泰ING鴻運基金,AA1,TWD,13.38
201306,00968521,第一金福元基金,AA1,TWD,7.13
201306,00973762,華南永昌永昌基金,AA1,TWD,10.87
201306,00974018,富邦富邦基金,AA1,TWD,8.72
201306,00974039,摩根台灣基金,AA1,TWD,9.2
201306,00974066,元大寶來2001基金,AA1,TWD,34.67
201306,00974241,新光台灣富貴基金,AA1,TWD,16.18
201306,00988316,安泰ING台灣運籌基金,AA1,TWD,18.84
201306,01031298,匯豐龍鳳基金,AA1,TWD,35.18
201306,01031564,安泰ING積極成長基金,AA1,TWD,7.8
201306,01031699,統一全天候基金,AA1,TWD,50.82
201306,01031874,國泰小龍基金,AA1,TWD,11.68
201306,01032058,元大寶來多福基金,AA1,TWD,39.94
201306,01032162,摩根台灣增長基金,AA1,TWD,34.7
201306,01032183,保德信高成長基金,AA1,TWD,65.6
201306,01032803,第一金萬得福基金,AA1,TWD,10.2
201306,01050148,兆豐國際國民基金,AA1,TWD,21.62
201306,10300929,華南永昌台灣精選基金,AA1,TWD,7.85
201306,10337833,惠理康和台灣紅不讓基金,AA1,TWD,13.13
201306,10341251,未來資產台灣新趨勢基金,AA1,TWD,12.57
201306,10341837,兆豐國際豐台灣基金,AA1,TWD,23.68
201306,10388939,富邦台灣企業社會責任基金-A類型,AA1,TWD,12.48
201306,13528977,保德信台商全方位基金,AA1,TWD,24.5
201306,13539952,凱基開創基金,AA1,TWD,16.21
201306,13984165,富達台灣成長基金,AA1,TWD,20.06
201306,13986924,新光大三通基金,AA1,TWD,13.89
201306,13998344,永豐中小基金,AA1,TWD,33.4
201306,14542287,元大寶來精準中小基金,AA1,TWD,14.16
201306,14545897,德銀遠東DWS科技基金,AA1,TWD,13.83
201306,14694495,華頓台灣基金,AA1,TWD,16.49
201306,14705562,國泰科技生化基金,AA1,TWD,24.23
201306,15588302,景順台灣精選成長基金,AA1,TWD,21.75
201306,15733973,富蘭克林華美第一富基金,AA1,TWD,23.39
201306,15739619,第一金大中華基金,AA1,TWD,16.05
201306,17139204,元大寶來新主流基金,AA1,TWD,16.47
201306,17140568,景順主流基金,AA1,TWD,13.48
201306,17141187,中國信託半導體科技基金,AA1,TWD,8.74
201306,17144889,宏利台灣動力基金,AA1,TWD,15.43
201306,17144945,摩根價值成長基金,AA1,TWD,13.39
201306,17145070,元大寶來矽谷基金,AA1,TWD,10.08
201306,17146752,安泰ING成長基金,AA1,TWD,18.67
201306,17147078,日盛精選五虎基金,AA1,TWD,23.29
201306,17148301,富邦台灣心基金,AA1,TWD,13.37
201306,17152509,永豐高科技基金,AA1,TWD,11.82
201306,17153795,富邦價值基金,AA1,TWD,15.14
201306,17597236,聯邦精選科技基金,AA1,TWD,7.19
201306,17597600,未來資產阿波羅基金,AA1,TWD,7.51
201306,17600534,安泰ING高科技基金,AA1,TWD,5.65
201306,17602625,保德信新世紀基金,AA1,TWD,8.18
201306,17602821,台新2000高科技基金,AA1,TWD,17.98
201306,17603899,瀚亞電通網基金,AA1,TWD,9.01
201306,17604124,德盛台灣大壩基金,AA1,TWD,11.84
201306,17605622,統一大滿貫基金,AA1,TWD,20.06
201306,17607591,日盛高科技基金,AA1,TWD,8.45
201306,17608487,復華數位經濟基金,AA1,TWD,20.49
201306,17612497,國泰國泰基金,AA1,TWD,14.34
201306,18031960,安多利高科技基金,AA1,TWD,5.8
201306,18033138,德信數位時代基金,AA1,TWD,16.31
201306,18036281,元大寶來巴菲特基金,AA1,TWD,17.37
201306,18037937,安泰INGｅ科技基金,AA1,TWD,11.39
201306,18043059,國泰中小成長基金,AA1,TWD,31.16
201306,18480065,德盛科技大壩基金,AA1,TWD,17.7
201306,18488279,復華中小精選基金,AA1,TWD,27.95
201306,18488469,安泰ING中小基金,AA1,TWD,27.66
201306,18496290,聯邦中國龍基金,AA1,TWD,13.01
201306,18499732,德銀遠東DWS台灣旗艦基金,AA1,TWD,15.58
201306,19291128,國泰大中華基金,AA1,TWD,18.51
201306,19330712,貝萊德寶利基金,AA1,TWD,11.62
201306,19330754,安泰ING優質基金,AA1,TWD,21.92
201306,19339782,群益創新科技基金,AA1,TWD,20.84
201306,19341318,第一金電子基金,AA1,TWD,18.73
201306,20080023,元大寶來店頭基金,AA1,TWD,6.29
201306,20081352,群益店頭市場基金,AA1,TWD,50.68
201306,20084317,日盛日盛基金,AA1,TWD,9.57
201306,20089755,富邦精銳中小基金,AA1,TWD,9.29
201306,20092528,第一金店頭市場基金,AA1,TWD,6.61
201306,20094820,柏瑞巨人基金,AA1,TWD,8.58
201306,20097447,保德信第一基金,AA1,TWD,19.1
201306,21759676,復華全方位基金,AA1,TWD,13.02
201306,25601923,施羅德台灣主動基金,AA1,TWD,12.91
201306,25612029,凱基台灣精五門基金,AA1,TWD,15.09
201306,25636367,摩根台灣金磚基金,AA1,TWD,12.26
201306,26202396,第一金創新趨勢基金,AA1,TWD,11.31
201306,26273336,日盛MIT主流基金,AA1,TWD,9.57
201306,26279964,華南永昌中小型基金,AA1,TWD,8.17
201306,26288534,德信台灣主流中小基金,AA1,TWD,10.75
201306,26307407,新光傳產優勢基金,AA1,TWD,9.12
201306,26309025,德盛安聯台灣好息富基金,AA1,TWD,9.84
201306,26310297,富蘭克林華美台股傘型基金之高科技基金,AA1,TWD,9.76
201306,26310310,富蘭克林華美台股傘型基金之傳產基金,AA1,TWD,10.78
201306,26320632,合庫巴黎台灣領航基金,AA1,TWD,9.48
201306,26334214,新光增長收益基金,AA1,TWD,9.83
201306,31825252,新光靈活增益100基金,AA1,TWD,9.44
201306,31837449,國泰價值卓越基金,AA1,TWD,11.29
201306,48675778,群益奧斯卡基金,AA1,TWD,18.01
201306,48731589,華頓典範科技基金,AA1,TWD,7.82
201306,48749899,群益葛萊美基金,AA1,TWD,14.06
201306,48809501,中國信託台灣優勢基金,AA1,TWD,9.55
201306,48858663,台新主流基金,AA1,TWD,11.69
201306,48893417,中國信託台灣活力基金,AA1,TWD,6.32
201306,48929007,華南永昌愛台灣基金,AA1,TWD,6.62
201306,48929409,第一金台灣成長基金,AA1,TWD,6.77
201306,48934304,統一台灣動力基金,AA1,TWD,9.16
201306,48948481,日盛首選基金,AA1,TWD,8.95
201306,48948623,國泰台灣計量基金,AA1,TWD,9.77
201306,48948834,施羅德樂活中小基金,AA1,TWD,11.35
201306,48997911,德盛安聯台灣智慧趨勢基金,AA1,TWD,12.62
201306,73982057,宏利臺灣高股息基金,AA1,TWD,16.68
201306,73987671,匯豐台灣精典基金,AA1,TWD,16.69
201306,73988876,日盛小而美基金,AA1,TWD,13.4
201306,73989002,第一金小型精選基金,AA1,TWD,19.26
201306,73989256,景順台灣科技基金,AA1,TWD,22.44
201306,73989501,摩根中小基金,AA1,TWD,16.44
201306,73990253,統一奔騰基金,AA1,TWD,32.17
201306,73990649,保德信科技島基金,AA1,TWD,16.63
201306,73991751,兆豐國際電子基金,AA1,TWD,16.91
201306,73992013,永豐領航科技基金,AA1,TWD,14.88
201306,73998071,新光店頭基金,AA1,TWD,17.93
201306,73998086,復華高成長基金,AA1,TWD,28.64
201306,76941376,匯豐成功基金,AA1,TWD,30.0
201306,77537493,統一統信基金,AA1,TWD,19.65
201306,77537509,元大寶來多元基金,AA1,TWD,10.72
201306,80892778,華頓中小型基金,AA1,TWD,18.89
201306,80894446,台新中國通基金,AA1,TWD,21.12
201306,81580149,新光國家建設基金,AA1,TWD,17.51
201306,81581724,統一經建基金,AA1,TWD,22.82
201306,81584335,元大寶來高科技基金,AA1,TWD,11.18
201306,81584975,日盛上選基金,AA1,TWD,18.09
201306,81584996,兆豐國際中小基金,AA1,TWD,10.71
201306,81585242,新光創新科技基金,AA1,TWD,10.38
201306,81585475,富邦高成長基金,AA1,TWD,15.49
201306,81587889,復華復華基金,AA1,TWD,9.74
201306,81588536,台新大眾基金,AA1,TWD,17.27
201306,81591434,群益長安基金,AA1,TWD,16.87
201306,81594690,永豐永豐基金,AA1,TWD,27.89
201306,81595924,瀚亞中小型股基金,AA1,TWD,12.1
201306,83863951,元大寶來經貿基金,AA1,TWD,23.02
201306,83864683,富邦科技基金,AA1,TWD,17.24
201306,83866508,保德信中小型股基金,AA1,TWD,32.12
201306,92001765,元大寶來多多基金,AA1,TWD,14.46
201306,92002244,統一黑馬基金,AA1,TWD,31.09
201306,92002384,富邦精準基金,AA1,TWD,39.65
201306,92003102,瀚亞高科技基金,AA1,TWD,37.87
201306,92003790,兆豐國際精選二十基金,AA1,TWD,10.66
201306,92004566,元大寶來績效基金,AA1,TWD,26.09
201306,92010477,富邦長紅基金,AA1,TWD,42.9
201306,92010770,富邦台灣鳳凰基金,AA1,TWD,540.31
201306,92012025,摩根新興科技基金,AA1,TWD,33.22
201306,92012572,瀚亞外銷基金,AA1,TWD,26.32
201306,92012762,統一龍馬基金,AA1,TWD,37.7
201306,92013967,保德信金滿意基金,AA1,TWD,30.16
201306,92016839,華南永昌前瞻科技基金,AA1,TWD,10.55
201306,92017794,匯豐龍騰電子基金,AA1,TWD,22.79
201306,92019786,景順潛力基金,AA1,TWD,25.24
201306,92026219,元大寶來卓越基金,AA1,TWD,33.33
201306,92028997,群益中小型股基金,AA1,TWD,30.48
201306,94991068,日盛新台商基金,AA1,TWD,22.64
201306,97972846,德信大發基金,AA1,TWD,19.28
201306,97974078,富邦冠軍基金,AA1,TWD,21.76
201306,97977878,統一中小基金,AA1,TWD,13.12
201306,97978102,瀚亞掌櫃基金,AA1,TWD,11.37
201306,97980043,第一金福王基金,AA1,TWD,10.41
201306,97984293,群益馬拉松基金,AA1,TWD,71.14
201306,97988636,保德信店頭市場基金,AA1,TWD,26.35
201306,97990696,瀚亞菁華基金,AA1,TWD,15.27
201306,97995664,匯豐中小基金,AA1,TWD,7.53
201306,97997635,聯博大利基金,AA1,TWD,24.51
201306,99354335,摩根台灣微型基金,AA1,TWD,15.14
201306,99973878,安泰ING台灣高股息基金,AA1,TWD,14.48
201309,00965469,兆豐國際第一基金,AA1,TWD,10.46
201309,00968493,安泰ING鴻運基金,AA1,TWD,13.66
201309,00968521,第一金福元基金,AA1,TWD,7.73
201309,00973762,華南永昌永昌基金,AA1,TWD,11.69
201309,00974018,富邦富邦基金,AA1,TWD,8.95
201309,00974039,摩根台灣基金,AA1,TWD,9.63
201309,00974066,元大寶來2001基金,AA1,TWD,37.26
201309,00974241,新光台灣富貴基金,AA1,TWD,16.51
201309,00988316,安泰ING台灣運籌基金,AA1,TWD,19.85
201309,01031298,匯豐龍鳳基金,AA1,TWD,36.06
201309,01031564,安泰ING積極成長基金,AA1,TWD,8.19
201309,01031699,統一全天候基金,AA1,TWD,53.72
201309,01031874,國泰小龍基金,AA1,TWD,11.95
201309,01032058,元大寶來多福基金,AA1,TWD,41.91
201309,01032162,摩根台灣增長基金,AA1,TWD,36.22
201309,01032183,保德信高成長基金,AA1,TWD,66.03
201309,01032803,第一金萬得福基金,AA1,TWD,10.83
201309,01050148,兆豐國際國民基金,AA1,TWD,22.19
201309,10300929,華南永昌台灣精選基金,AA1,TWD,8.61
201309,10337833,惠理康和台灣紅不讓基金,AA1,TWD,14.08
201309,10341251,未來資產台灣新趨勢基金,AA1,TWD,12.46
201309,10341837,兆豐國際豐台灣基金,AA1,TWD,26.11
201309,10388939,富邦台灣企業社會責任基金-A類型,AA1,TWD,12.56
201309,13528977,保德信台商全方位基金,AA1,TWD,24.38
201309,13539952,凱基開創基金,AA1,TWD,16.99
201309,13984165,富達台灣成長基金,AA1,TWD,20.54
201309,13986924,新光大三通基金,AA1,TWD,14.02
201309,13998344,永豐中小基金,AA1,TWD,33.58
201309,14542287,元大寶來精準中小基金,AA1,TWD,15.27
201309,14545897,德銀遠東DWS科技基金,AA1,TWD,14.29
201309,14694495,華頓台灣基金,AA1,TWD,18.22
201309,14705562,國泰科技生化基金,AA1,TWD,24.28
201309,15588302,景順台灣精選成長基金,AA1,TWD,23.91
201309,15733973,富蘭克林華美第一富基金,AA1,TWD,24.47
201309,15739619,第一金大中華基金,AA1,TWD,16.39
201309,17139204,元大寶來新主流基金,AA1,TWD,15.94
201309,17140568,景順主流基金,AA1,TWD,14.85
201309,17141187,中國信託半導體科技基金,AA1,TWD,8.96
201309,17144889,宏利台灣動力基金,AA1,TWD,16.11
201309,17144945,摩根價值成長基金,AA1,TWD,14.01
201309,17145070,元大寶來矽谷基金,AA1,TWD,10.28
201309,17146752,安泰ING成長基金,AA1,TWD,19.62
201309,17147078,日盛精選五虎基金,AA1,TWD,25.01
201309,17148301,富邦台灣心基金,AA1,TWD,13.98
201309,17152509,永豐高科技基金,AA1,TWD,12.85
201309,17153795,富邦價值基金,AA1,TWD,16.1
201309,17597236,聯邦精選科技基金,AA1,TWD,8.07
201309,17597600,未來資產阿波羅基金,AA1,TWD,7.57
201309,17600534,安泰ING高科技基金,AA1,TWD,5.96
201309,17602625,保德信新世紀基金,AA1,TWD,8.81
201309,17602821,台新2000高科技基金,AA1,TWD,18.52
201309,17603899,瀚亞電通網基金,AA1,TWD,9.34
201309,17604124,德盛台灣大壩基金,AA1,TWD,12.26
201309,17605622,統一大滿貫基金,AA1,TWD,20.9
201309,17607591,日盛高科技基金,AA1,TWD,8.72
201309,17608487,復華數位經濟基金,AA1,TWD,21.9
201309,17612497,國泰國泰基金,AA1,TWD,14.46
201309,18031960,安多利高科技基金,AA1,TWD,6.78
201309,18033138,德信數位時代基金,AA1,TWD,18.32
201309,18036281,元大寶來巴菲特基金,AA1,TWD,18.16
201309,18037937,安泰INGｅ科技基金,AA1,TWD,12.01
201309,18043059,國泰中小成長基金,AA1,TWD,32.47
201309,18480065,德盛科技大壩基金,AA1,TWD,17.81
201309,18488279,復華中小精選基金,AA1,TWD,29.65
201309,18488469,安泰ING中小基金,AA1,TWD,28.12
201309,18496290,聯邦中國龍基金,AA1,TWD,15.13
201309,18499732,德銀遠東DWS台灣旗艦基金,AA1,TWD,16.36
201309,19291128,國泰大中華基金,AA1,TWD,19.12
201309,19330712,貝萊德寶利基金,AA1,TWD,12.49
201309,19330754,安泰ING優質基金,AA1,TWD,22.82
201309,19339782,群益創新科技基金,AA1,TWD,20.53
201309,19341318,第一金電子基金,AA1,TWD,22.06
201309,20080023,元大寶來店頭基金,AA1,TWD,6.44
201309,20081352,群益店頭市場基金,AA1,TWD,52.83
201309,20084317,日盛日盛基金,AA1,TWD,9.34
201309,20089755,富邦精銳中小基金,AA1,TWD,9.53
201309,20092528,第一金店頭市場基金,AA1,TWD,7.1
201309,20094820,柏瑞巨人基金,AA1,TWD,8.91
201309,20097447,保德信第一基金,AA1,TWD,18.99
201309,21759676,復華全方位基金,AA1,TWD,14.7
201309,25601923,施羅德台灣主動基金,AA1,TWD,12.96
201309,25612029,凱基台灣精五門基金,AA1,TWD,16.38
201309,25636367,摩根台灣金磚基金,AA1,TWD,13.21
201309,26202396,第一金創新趨勢基金,AA1,TWD,11.4
201309,26273336,日盛MIT主流基金,AA1,TWD,9.83
201309,26279964,華南永昌中小型基金,AA1,TWD,8.53
201309,26288534,德信台灣主流中小基金,AA1,TWD,11.91
201309,26307407,新光傳產優勢基金,AA1,TWD,9.8
201309,26309025,德盛安聯台灣好息富基金,AA1,TWD,10.38
201309,26310297,富蘭克林華美台股傘型基金之高科技基金,AA1,TWD,10.43
201309,26310310,富蘭克林華美台股傘型基金之傳產基金,AA1,TWD,11.84
201309,26320632,合庫巴黎台灣領航基金,AA1,TWD,9.95
201309,26334214,新光增長收益基金,AA1,TWD,9.73
201309,31825252,新光靈活增益100基金,AA1,TWD,9.36
201309,31837449,國泰價值卓越基金,AA1,TWD,12.63
201309,48675778,群益奧斯卡基金,AA1,TWD,18.6
201309,48731589,華頓典範科技基金,AA1,TWD,8.16
201309,48749899,群益葛萊美基金,AA1,TWD,14.36
201309,48809501,中國信託台灣優勢基金,AA1,TWD,10.38
201309,48858663,台新主流基金,AA1,TWD,13.47
201309,48893417,中國信託台灣活力基金,AA1,TWD,7.03
201309,48929007,華南永昌愛台灣基金,AA1,TWD,7.33
201309,48929409,第一金台灣成長基金,AA1,TWD,7.2
201309,48934304,統一台灣動力基金,AA1,TWD,9.13
201309,48948481,日盛首選基金,AA1,TWD,9.45
201309,48948623,國泰台灣計量基金,AA1,TWD,10.12
201309,48948834,施羅德樂活中小基金,AA1,TWD,11.49
201309,48997911,德盛安聯台灣智慧趨勢基金,AA1,TWD,13.54
201309,73982057,宏利臺灣高股息基金,AA1,TWD,17.71
201309,73987671,匯豐台灣精典基金,AA1,TWD,17.07
201309,73988876,日盛小而美基金,AA1,TWD,13.86
201309,73989002,第一金小型精選基金,AA1,TWD,20.3
201309,73989256,景順台灣科技基金,AA1,TWD,22.45
201309,73989501,摩根中小基金,AA1,TWD,16.66
201309,73990253,統一奔騰基金,AA1,TWD,32.98
201309,73990649,保德信科技島基金,AA1,TWD,16.01
201309,73991751,兆豐國際電子基金,AA1,TWD,17.3
201309,73992013,永豐領航科技基金,AA1,TWD,15.43
201309,73998071,新光店頭基金,AA1,TWD,17.96
201309,73998086,復華高成長基金,AA1,TWD,31.35
201309,76941376,匯豐成功基金,AA1,TWD,32.14
201309,77537493,統一統信基金,AA1,TWD,20.1
201309,77537509,元大寶來多元基金,AA1,TWD,11.38
201309,80892778,華頓中小型基金,AA1,TWD,21.02
201309,80894446,台新中國通基金,AA1,TWD,22.22
201309,81580149,新光國家建設基金,AA1,TWD,17.35
201309,81581724,統一經建基金,AA1,TWD,23.15
201309,81584335,元大寶來高科技基金,AA1,TWD,10.52
201309,81584975,日盛上選基金,AA1,TWD,18.94
201309,81584996,兆豐國際中小基金,AA1,TWD,11.22
201309,81585242,新光創新科技基金,AA1,TWD,10.47
201309,81585475,富邦高成長基金,AA1,TWD,16.38
201309,81587889,復華復華基金,AA1,TWD,10.27
201309,81588536,台新大眾基金,AA1,TWD,18.46
201309,81591434,群益長安基金,AA1,TWD,17.72
201309,81594690,永豐永豐基金,AA1,TWD,29.3
201309,81595924,瀚亞中小型股基金,AA1,TWD,12.44
201309,83863951,元大寶來經貿基金,AA1,TWD,23.31
201309,83864683,富邦科技基金,AA1,TWD,16.55
201309,83866508,保德信中小型股基金,AA1,TWD,32.09
201309,92001765,元大寶來多多基金,AA1,TWD,13.81
201309,92002244,統一黑馬基金,AA1,TWD,31.91
201309,92002384,富邦精準基金,AA1,TWD,37.85
201309,92003102,瀚亞高科技基金,AA1,TWD,37.97
201309,92003790,兆豐國際精選二十基金,AA1,TWD,10.79
201309,92004566,元大寶來績效基金,AA1,TWD,28.07
201309,92010477,富邦長紅基金,AA1,TWD,44.44
201309,92010770,富邦台灣鳳凰基金,AA1,TWD,578.41
201309,92012025,摩根新興科技基金,AA1,TWD,33.27
201309,92012572,瀚亞外銷基金,AA1,TWD,26.9
201309,92012762,統一龍馬基金,AA1,TWD,38.03
201309,92013967,保德信金滿意基金,AA1,TWD,30.49
201309,92016839,華南永昌前瞻科技基金,AA1,TWD,11.37
201309,92017794,匯豐龍騰電子基金,AA1,TWD,22.51
201309,92019786,景順潛力基金,AA1,TWD,27.53
201309,92026219,元大寶來卓越基金,AA1,TWD,33.01
201309,92028997,群益中小型股基金,AA1,TWD,31.76
201309,94991068,日盛新台商基金,AA1,TWD,25.06
201309,97972846,德信大發基金,AA1,TWD,21.01
201309,97974078,富邦冠軍基金,AA1,TWD,22.86
201309,97977878,統一中小基金,AA1,TWD,13.59
201309,97980043,第一金福王基金,AA1,TWD,11.19
201309,97984293,群益馬拉松基金,AA1,TWD,72.4
201309,97988636,保德信店頭市場基金,AA1,TWD,26.07
201309,97990696,瀚亞菁華基金,AA1,TWD,15.66
201309,97995664,匯豐中小基金,AA1,TWD,7.65
201309,97997635,聯博大利基金,AA1,TWD,25.04
201309,99354335,摩根台灣微型基金,AA1,TWD,15.28
201309,99973878,安泰ING台灣高股息基金,AA1,TWD,16.28
201312,00965469,兆豐國際第一基金,AA1,TWD,10.88
201312,00968493,安泰ING鴻運基金,AA1,TWD,14.82
201312,00968521,第一金福元基金,AA1,TWD,8.04
201312,00973762,華南永昌永昌基金,AA1,TWD,12.5
201312,00974018,富邦基金,AA1,TWD,9.46
201312,00974039,摩根台灣基金,AA1,TWD,10.29
201312,00974066,元大寶來2001基金,AA1,TWD,42.57
201312,00974241,新光台灣富貴基金,AA1,TWD,17.08
201312,00988316,安泰ING台灣運籌基金,AA1,TWD,22.06
201312,01031298,匯豐龍鳳基金,AA1,TWD,38.04
201312,01031564,安泰ING積極成長基金,AA1,TWD,8.92
201312,01031699,統一全天候基金,AA1,TWD,59.34
201312,01031874,國泰小龍基金,AA1,TWD,12.34
201312,01032058,元大寶來多福基金,AA1,TWD,45.88
201312,01032162,摩根台灣增長基金,AA1,TWD,38.37
201312,01032183,保德信高成長基金,AA1,TWD,71.05
201312,01032803,第一金萬得福基金,AA1,TWD,11.98
201312,01050148,兆豐國際國民基金,AA1,TWD,23.49
201312,10300929,華南永昌台灣精選基金,AA1,TWD,9.51
201312,10337833,惠理康和台灣紅不讓基金,AA1,TWD,14.8
201312,10341251,未來資產台灣新趨勢基金,AA1,TWD,12.78
201312,10341837,兆豐國際豐台灣基金,AA1,TWD,27.74
201312,10388939,富邦台灣企業社會責任基金-A類型,AA1,TWD,13.47
201312,13528977,保德信台商全方位基金,AA1,TWD,25.24
201312,13539952,凱基開創基金,AA1,TWD,18.42
201312,13984165,富達台灣成長基金,AA1,TWD,22.02
201312,13986924,新光大三通基金,AA1,TWD,15.26
201312,13998344,永豐中小基金,AA1,TWD,35.4
201312,14542287,元大寶來精準中小基金,AA1,TWD,16.68
201312,14545897,德銀遠東DWS科技基金,AA1,TWD,14.94
201312,14694495,華頓台灣基金,AA1,TWD,19.13
201312,14705562,國泰科技生化基金,AA1,TWD,25.26
201312,15588302,景順台灣精選成長基金,AA1,TWD,27.04
201312,15733973,富蘭克林華美第一富基金,AA1,TWD,26.19
201312,15739619,第一金大中華基金,AA1,TWD,17.62
201312,17139204,元大寶來新主流基金,AA1,TWD,16.34
201312,17140568,景順主流基金,AA1,TWD,15.77
201312,17144889,宏利台灣動力基金,AA1,TWD,17.26
201312,17144945,摩根價值成長基金,AA1,TWD,14.93
201312,17145070,元大寶來矽谷基金,AA1,TWD,11.25
201312,17146752,安泰ING成長基金,AA1,TWD,21.35
201312,17147078,日盛精選五虎基金,AA1,TWD,27.04
201312,17148301,富邦台灣心基金,AA1,TWD,15.63
201312,17152509,永豐高科技基金,AA1,TWD,13.72
201312,17153795,富邦價值基金,AA1,TWD,17.04
201312,17597236,聯邦精選科技基金,AA1,TWD,9.05
201312,17597600,未來資產阿波羅基金,AA1,TWD,7.86
201312,17600534,安泰ING高科技基金,AA1,TWD,6.26
201312,17602625,保德信新世紀基金,AA1,TWD,9.32
201312,17602821,台新2000高科技基金,AA1,TWD,20.36
201312,17603899,瀚亞電通網基金,AA1,TWD,10.2
201312,17604124,德盛台灣大壩基金,AA1,TWD,13.42
201312,17605622,統一大滿貫基金,AA1,TWD,22.59
201312,17607591,日盛高科技基金,AA1,TWD,9.34
201312,17608487,復華數位經濟基金,AA1,TWD,26.33
201312,17612497,國泰國泰基金,AA1,TWD,14.79
201312,18031960,安多利高科技基金,AA1,TWD,7.86
201312,18033138,德信數位時代基金,AA1,TWD,20.03
201312,18036281,元大寶來巴菲特基金,AA1,TWD,20.43
201312,18037937,安泰INGｅ科技基金,AA1,TWD,12.62
201312,18043059,國泰中小成長基金,AA1,TWD,33.74
201312,18480065,德盛科技大壩基金,AA1,TWD,19.33
201312,18488279,復華中小精選基金,AA1,TWD,35.1
201312,18488469,安泰ING中小基金,AA1,TWD,30.19
201312,18496290,聯邦中國龍基金,AA1,TWD,16.52
201312,18499732,德銀遠東DWS台灣旗艦基金,AA1,TWD,16.99
201312,19291128,國泰大中華基金,AA1,TWD,19.68
201312,19330712,貝萊德寶利基金,AA1,TWD,13.87
201312,19330754,安泰ING優質基金,AA1,TWD,24.45
201312,19339782,群益創新科技基金,AA1,TWD,22.4
201312,19341318,第一金電子基金,AA1,TWD,23.53
201312,20080023,元大寶來店頭基金,AA1,TWD,6.86
201312,20081352,群益店頭市場基金,AA1,TWD,55.49
201312,20084317,日盛日盛基金,AA1,TWD,9.54
201312,20089755,富邦精銳中小基金,AA1,TWD,10.37
201312,20092528,第一金店頭市場基金,AA1,TWD,7.03
201312,20094820,柏瑞巨人基金,AA1,TWD,9.97
201312,20097447,保德信第一基金,AA1,TWD,19.65
201312,21759676,復華全方位基金,AA1,TWD,16.59
201312,25612029,凱基台灣精五門基金,AA1,TWD,18.27
201312,25636367,摩根台灣金磚基金,AA1,TWD,14.52
201312,26202396,第一金創新趨勢基金,AA1,TWD,12.59
201312,26273336,日盛MIT主流基金,AA1,TWD,10.71
201312,26279964,華南永昌中小型基金,AA1,TWD,9.12
201312,26288534,德信台灣主流中小基金,AA1,TWD,12.79
201312,26307407,新光傳產優勢基金,AA1,TWD,10.66
201312,26309025,德盛安聯台灣好息富基金,AA1,TWD,11.22
201312,26310297,富蘭克林華美台股傘型基金之高科技基金,AA1,TWD,11.92
201312,26310310,富蘭克林華美台股傘型基金之傳產基金,AA1,TWD,13.0
201312,26320632,合庫巴黎台灣領航基金,AA1,TWD,10.57
201312,26334214,新光增長收益基金,AA1,TWD,9.98
201312,31837449,國泰價值卓越基金,AA1,TWD,13.53
201312,48675778,群益奧斯卡基金,AA1,TWD,19.42
201312,48731589,華頓典範科技基金,AA1,TWD,8.76
201312,48749899,群益葛萊美基金,AA1,TWD,15.73
201312,48809501,中國信託台灣優勢基金,AA1,TWD,10.95
201312,48858663,台新主流基金,AA1,TWD,15.0
201312,48893417,中國信託台灣活力基金,AA1,TWD,8.02
201312,48929007,華南永昌愛台灣基金,AA1,TWD,7.77
201312,48929409,第一金台灣成長基金,AA1,TWD,8.16
201312,48934304,統一台灣動力基金,AA1,TWD,10.6
201312,48948481,日盛首選基金,AA1,TWD,9.99
201312,48948623,國泰台灣計量基金,AA1,TWD,10.91
201312,48948834,施羅德樂活中小基金,AA1,TWD,12.98
201312,48997911,德盛安聯台灣智慧趨勢基金,AA1,TWD,15.03
201312,73982057,宏利臺灣高股息基金,AA1,TWD,18.86
201312,73987671,匯豐台灣精典基金,AA1,TWD,18.01
201312,73988876,日盛小而美基金,AA1,TWD,14.66
201312,73989002,第一金小型精選基金,AA1,TWD,22.11
201312,73989256,景順台灣科技基金,AA1,TWD,23.42
201312,73989501,摩根中小基金,AA1,TWD,18.16
201312,73990253,統一奔騰基金,AA1,TWD,35.14
201312,73990649,保德信科技島基金,AA1,TWD,17.07
201312,73991751,兆豐國際電子基金,AA1,TWD,18.22
201312,73992013,永豐領航科技基金,AA1,TWD,17.65
201312,73998071,新光店頭基金,AA1,TWD,19.16
201312,73998086,復華高成長基金,AA1,TWD,35.38
201312,76941376,匯豐成功基金,AA1,TWD,33.62
201312,77537493,統一統信基金,AA1,TWD,22.14
201312,77537509,元大寶來多元基金,AA1,TWD,11.83
201312,80892778,華頓中小型基金,AA1,TWD,22.58
201312,80894446,台新中國通基金,AA1,TWD,24.1
201312,81580149,新光國家建設基金,AA1,TWD,18.43
201312,81581724,統一經建基金,AA1,TWD,25.59
201312,81584335,元大寶來高科技基金,AA1,TWD,11.0
201312,81584975,日盛上選基金,AA1,TWD,19.7
201312,81584996,兆豐國際中小基金,AA1,TWD,11.71
201312,81585242,新光創新科技基金,AA1,TWD,11.35
201312,81585475,富邦高成長基金,AA1,TWD,17.55
201312,81587889,復華復華基金,AA1,TWD,12.41
201312,81588536,台新大眾基金,AA1,TWD,20.18
201312,81591434,群益長安基金,AA1,TWD,18.64
201312,81594690,永豐永豐基金,AA1,TWD,30.35
201312,81595924,瀚亞中小型股基金,AA1,TWD,13.29
201312,83863951,元大寶來經貿基金,AA1,TWD,25.25
201312,83864683,富邦科技基金,AA1,TWD,18.05
201312,83866508,保德信中小型股基金,AA1,TWD,34.9
201312,92001765,元大寶來多多基金,AA1,TWD,14.81
201312,92002244,統一黑馬基金,AA1,TWD,34.31
201312,92002384,富邦精準基金,AA1,TWD,40.81
201312,92003102,瀚亞高科技基金,AA1,TWD,41.6
201312,92003790,兆豐國際精選二十基金,AA1,TWD,11.24
201312,92004566,元大寶來績效基金,AA1,TWD,30.83
201312,92010477,富邦長紅基金,AA1,TWD,47.61
201312,92010770,富邦台灣鳳凰基金,AA1,TWD,623.28
201312,92012025,摩根新興科技基金,AA1,TWD,35.25
201312,92012572,瀚亞外銷基金,AA1,TWD,28.13
201312,92012762,統一龍馬基金,AA1,TWD,41.08
201312,92013967,保德信金滿意基金,AA1,TWD,32.06
201312,92016839,華南永昌前瞻科技基金,AA1,TWD,12.54
201312,92017794,匯豐龍騰電子基金,AA1,TWD,23.36
201312,92019786,景順潛力基金,AA1,TWD,29.29
201312,92026219,元大寶來卓越基金,AA1,TWD,34.84
201312,92028997,群益中小型股基金,AA1,TWD,34.5
201312,94991068,日盛新台商基金,AA1,TWD,25.97
201312,97972846,德信大發基金,AA1,TWD,22.94
201312,97974078,富邦冠軍基金,AA1,TWD,23.28
201312,97977878,統一中小基金,AA1,TWD,15.62
201312,97980043,第一金福王基金,AA1,TWD,12.46
201312,97984293,群益馬拉松基金,AA1,TWD,78.92
201312,97988636,保德信店頭市場基金,AA1,TWD,27.68
201312,97990696,瀚亞菁華基金,AA1,TWD,16.45
201312,97995664,匯豐中小基金,AA1,TWD,8.04
201312,97997635,聯博大利基金,AA1,TWD,26.36
201312,99354335,摩根台灣微型基金,AA1,TWD,16.65
201312,99973878,安泰ING台灣高股息基金,AA1,TWD,16.87
201403,00965469,兆豐國際第一基金,AA1,TWD,11.98
201403,00968493,安泰ING鴻運基金,AA1,TWD,15.74
201403,00968521,第一金福元基金,AA1,TWD,8.75
201403,00973762,華南永昌永昌基金,AA1,TWD,13.48
201403,00974018,富邦基金,AA1,TWD,9.76
201403,00974039,摩根台灣基金,AA1,TWD,10.47
201403,00974066,元大寶來2001基金,AA1,TWD,47.03
201403,00974241,新光台灣富貴基金,AA1,TWD,17.19
201403,00988316,安泰ING台灣運籌基金,AA1,TWD,23.01
201403,01031298,匯豐龍鳳基金,AA1,TWD,38.64
201403,01031564,安泰ING積極成長基金,AA1,TWD,9.44
201403,01031699,統一全天候基金,AA1,TWD,65.41
201403,01031874,國泰小龍基金,AA1,TWD,12.77
201403,01032058,元大寶來多福基金,AA1,TWD,49.14
201403,01032162,摩根台灣增長基金,AA1,TWD,39.9
201403,01032183,保德信高成長基金,AA1,TWD,71.69
201403,01032803,第一金萬得福基金,AA1,TWD,12.5
201403,01050148,兆豐國際國民基金,AA1,TWD,22.74
201403,10300929,華南永昌台灣精選基金,AA1,TWD,10.06
201403,10337833,惠理康和台灣紅不讓基金,AA1,TWD,15.7
201403,10341251,未來資產台灣新趨勢基金,AA1,TWD,12.86
201403,10341837,兆豐國際豐台灣基金,AA1,TWD,27.58
201403,10388939,富邦台灣企業社會責任基金-A類型,AA1,TWD,13.85
201403,13528977,保德信台商全方位基金,AA1,TWD,25.93
201403,13539952,凱基開創基金,AA1,TWD,18.68
201403,13984165,富達台灣成長基金,AA1,TWD,23.15
201403,13986924,新光大三通基金,AA1,TWD,15.79
201403,13998344,永豐中小基金,AA1,TWD,37.4
201403,14542287,元大寶來精準中小基金,AA1,TWD,18.29
201403,14545897,德銀遠東DWS科技基金,AA1,TWD,16.24
201403,14694495,華頓台灣基金,AA1,TWD,19.34
201403,14705562,國泰科技生化基金,AA1,TWD,27.1
201403,15733973,富蘭克林華美第一富基金,AA1,TWD,28.23
201403,15739619,第一金大中華基金,AA1,TWD,19.01
201403,17139204,元大寶來新主流基金,AA1,TWD,18.15
201403,17140568,景順主流基金,AA1,TWD,16.01
201403,17144889,宏利台灣動力基金,AA1,TWD,18.82
201403,17144945,摩根價值成長基金,AA1,TWD,15.64
201403,17145070,元大寶來矽谷基金,AA1,TWD,11.97
201403,17146752,安泰ING成長基金,AA1,TWD,22.65
201403,17147078,日盛精選五虎基金,AA1,TWD,28.1
201403,17148301,富邦台灣心基金,AA1,TWD,16.69
201403,17152509,永豐高科技基金,AA1,TWD,15.25
201403,17153795,富邦價值基金,AA1,TWD,17.61
201403,17597236,聯邦精選科技基金,AA1,TWD,9.91
201403,17597600,未來資產阿波羅基金,AA1,TWD,7.92
201403,17600534,安泰ING高科技基金,AA1,TWD,6.6
201403,17602625,保德信新世紀基金,AA1,TWD,8.99
201403,17602821,台新2000高科技基金,AA1,TWD,22.58
201403,17603899,瀚亞電通網基金,AA1,TWD,11.67
201403,17604124,德盛台灣大壩基金,AA1,TWD,14.35
201403,17605622,統一大滿貫基金,AA1,TWD,24.38
201403,17607591,日盛高科技基金,AA1,TWD,10.5
201403,17608487,復華數位經濟基金,AA1,TWD,29.11
201403,17612497,國泰國泰基金,AA1,TWD,15.87
201403,18031960,安多利高科技基金,AA1,TWD,8.52
201403,18033138,德信數位時代基金,AA1,TWD,22.6
201403,18036281,元大寶來巴菲特基金,AA1,TWD,22.16
201403,18037937,安泰INGｅ科技基金,AA1,TWD,13.32
201403,18043059,國泰中小成長基金,AA1,TWD,35.88
201403,18480065,德盛科技大壩基金,AA1,TWD,21.06
201403,18488279,復華中小精選基金,AA1,TWD,38.64
201403,18488469,安泰ING中小基金,AA1,TWD,31.63
201403,18496290,聯邦中國龍基金,AA1,TWD,18.32
201403,18499732,德銀遠東DWS台灣旗艦基金,AA1,TWD,17.61
201403,19291128,國泰大中華基金,AA1,TWD,19.24
201403,19330712,貝萊德寶利基金,AA1,TWD,15.21
201403,19330754,安泰ING優質基金,AA1,TWD,26.13
201403,19339782,群益創新科技基金,AA1,TWD,23.14
201403,19341318,第一金電子基金,AA1,TWD,26.51
201403,20080023,元大寶來店頭基金,AA1,TWD,7.57
201403,20081352,群益店頭市場基金,AA1,TWD,60.19
201403,20084317,日盛日盛基金,AA1,TWD,10.2
201403,20089755,富邦精銳中小基金,AA1,TWD,10.63
201403,20092528,第一金店頭市場基金,AA1,TWD,7.6
201403,20094820,柏瑞巨人基金,AA1,TWD,9.99
201403,20097447,保德信第一基金,AA1,TWD,21.05
201403,21759676,復華全方位基金,AA1,TWD,17.4
201403,25612029,凱基台灣精五門基金,AA1,TWD,19.04
201403,25636367,摩根台灣金磚基金,AA1,TWD,16.12
201403,26202396,第一金創新趨勢基金,AA1,TWD,13.62
201403,26273336,日盛MIT主流基金,AA1,TWD,11.45
201403,26279964,華南永昌中小型基金,AA1,TWD,9.79
201403,26288534,德信台灣主流中小基金,AA1,TWD,14.14
201403,26307407,新光傳產優勢基金,AA1,TWD,10.64
201403,26309025,德盛安聯台灣好息富基金,AA1,TWD,12.3
201403,26310297,富蘭克林華美台股傘型基金之高科技基金,AA1,TWD,13.1
201403,26310310,富蘭克林華美台股傘型基金之傳產基金,AA1,TWD,14.29
201403,26320632,合庫巴黎台灣領航基金,AA1,TWD,11.14
201403,26334214,新光增長收益基金,AA1,TWD,10.28
201403,31837449,國泰價值卓越基金,AA1,TWD,12.95
201403,48675778,群益奧斯卡基金,AA1,TWD,20.15
201403,48731589,華頓典範科技基金,AA1,TWD,8.76
201403,48749899,群益葛萊美基金,AA1,TWD,16.65
201403,48809501,中國信託台灣優勢基金,AA1,TWD,12.03
201403,48858663,台新主流基金,AA1,TWD,16.86
201403,48893417,中國信託台灣活力基金,AA1,TWD,8.85
201403,48929007,華南永昌愛台灣基金,AA1,TWD,8.17
201403,48929409,第一金台灣成長基金,AA1,TWD,8.38
201403,48934304,統一台灣動力基金,AA1,TWD,11.77
201403,48948481,日盛首選基金,AA1,TWD,10.66
201403,48948623,國泰台灣計量基金,AA1,TWD,11.5
201403,48948834,施羅德樂活中小基金,AA1,TWD,13.46
201403,48997911,德盛安聯台灣智慧趨勢基金,AA1,TWD,16.38
201403,73982057,宏利臺灣高股息基金,AA1,TWD,20.34
201403,73987671,匯豐台灣精典基金,AA1,TWD,18.33
201403,73988876,日盛小而美基金,AA1,TWD,16.94
201403,73989002,第一金小型精選基金,AA1,TWD,23.91
201403,73989256,景順台灣科技基金,AA1,TWD,25.41
201403,73989501,摩根中小基金,AA1,TWD,20.31
201403,73990253,統一奔騰基金,AA1,TWD,39.01
201403,73990649,保德信科技島基金,AA1,TWD,17.88
201403,73991751,兆豐國際電子基金,AA1,TWD,19.98
201403,73992013,永豐領航科技基金,AA1,TWD,19.48
201403,73998071,新光店頭基金,AA1,TWD,20.53
201403,73998086,復華高成長基金,AA1,TWD,38.67
201403,76941376,匯豐成功基金,AA1,TWD,33.2
201403,77537493,統一統信基金,AA1,TWD,24.19
201403,77537509,元大寶來多元基金,AA1,TWD,10.73
201403,80892778,華頓中小型基金,AA1,TWD,22.69
201403,80894446,台新中國通基金,AA1,TWD,25.19
201403,81580149,新光國家建設基金,AA1,TWD,19.37
201403,81581724,統一經建基金,AA1,TWD,27.99
201403,81584335,元大寶來高科技基金,AA1,TWD,11.81
201403,81584975,日盛上選基金,AA1,TWD,20.92
201403,81584996,兆豐國際中小基金,AA1,TWD,12.74
201403,81585242,新光創新科技基金,AA1,TWD,12.5
201403,81585475,富邦高成長基金,AA1,TWD,18.81
201403,81587889,復華復華基金,AA1,TWD,13.69
201403,81588536,台新大眾基金,AA1,TWD,21.41
201403,81591434,群益長安基金,AA1,TWD,19.63
201403,81594690,永豐永豐基金,AA1,TWD,30.19
201403,81595924,瀚亞中小型股基金,AA1,TWD,14.65
201403,83863951,元大寶來經貿基金,AA1,TWD,27.85
201403,83864683,富邦科技基金,AA1,TWD,18.93
201403,83866508,保德信中小型股基金,AA1,TWD,35.41
201403,92001765,元大寶來多多基金,AA1,TWD,16.06
201403,92002244,統一黑馬基金,AA1,TWD,39.35
201403,92002384,富邦精準基金,AA1,TWD,41.88
201403,92003102,瀚亞高科技基金,AA1,TWD,47.38
201403,92004566,元大寶來績效基金,AA1,TWD,33.37
201403,92010477,富邦長紅基金,AA1,TWD,50.2
201403,92010770,富邦台灣鳳凰基金,AA1,TWD,666.76
201403,92012025,摩根新興科技基金,AA1,TWD,38.68
201403,92012572,瀚亞外銷基金,AA1,TWD,28.95
201403,92012762,統一龍馬基金,AA1,TWD,45.85
201403,92013967,保德信金滿意基金,AA1,TWD,33.02
201403,92016839,華南永昌前瞻科技基金,AA1,TWD,13.32
201403,92017794,匯豐龍騰電子基金,AA1,TWD,25.51
201403,92019786,景順潛力基金,AA1,TWD,29.96
201403,92026219,元大寶來卓越基金,AA1,TWD,37.34
201403,92028997,群益中小型股基金,AA1,TWD,34.06
201403,94991068,日盛新台商基金,AA1,TWD,25.37
201403,97972846,德信大發基金,AA1,TWD,24.54
201403,97974078,富邦冠軍基金,AA1,TWD,24.65
201403,97977878,統一中小基金,AA1,TWD,16.92
201403,97980043,第一金福王基金,AA1,TWD,11.87
201403,97984293,群益馬拉松基金,AA1,TWD,84.11
201403,97988636,保德信店頭市場基金,AA1,TWD,28.65
201403,97990696,瀚亞菁華基金,AA1,TWD,16.83
201403,97995664,匯豐中小基金,AA1,TWD,8.5
201403,97997635,聯博大利基金,AA1,TWD,27.32
201403,99354335,摩根台灣微型基金,AA1,TWD,18.68
201403,99973878,安泰ING台灣高股息基金,AA1,TWD,18.84
201406,00965469,兆豐國際第一基金,AA1,TWD,12.82
201406,00968493,安泰ING鴻運基金,AA1,TWD,16.95
201406,00973762,華南永昌永昌基金,AA1,TWD,14.32
201406,00974018,富邦基金,AA1,TWD,10.31
201406,00974039,摩根台灣基金,AA1,TWD,10.82
201406,00974066,元大寶來2001基金,AA1,TWD,51.78
201406,00974241,新光台灣富貴基金,AA1,TWD,19.29
201406,00988316,安泰ING台灣運籌基金,AA1,TWD,25.3
201406,01031298,匯豐龍鳳基金,AA1,TWD,41.22
201406,01031564,安泰ING積極成長基金,AA1,TWD,9.78
201406,01031699,統一全天候基金,AA1,TWD,71.79
201406,01031874,國泰小龍基金,AA1,TWD,14.18
201406,01032058,元大寶來多福基金,AA1,TWD,53.55
201406,01032162,摩根台灣增長基金,AA1,TWD,42.62
201406,01032183,保德信高成長基金,AA1,TWD,76.1
201406,01050148,兆豐國際國民基金,AA1,TWD,23.24
201406,10300929,華南永昌台灣精選基金,AA1,TWD,10.71
201406,10337833,惠理康和台灣紅不讓基金,AA1,TWD,16.27
201406,10341251,未來資產台灣新趨勢基金,AA1,TWD,13.83
201406,10341837,兆豐國際豐台灣基金,AA1,TWD,28.22
201406,10388939,富邦台灣企業社會責任基金-A類型,AA1,TWD,14.52
201406,13528977,保德信台商全方位基金,AA1,TWD,28.03
201406,13539952,凱基開創基金,AA1,TWD,19.11
201406,13984165,富達台灣成長基金,AA1,TWD,25.35
201406,13986924,新光大三通基金,AA1,TWD,17.77
201406,13998344,永豐中小基金,AA1,TWD,38.54
201406,14542287,元大寶來精準中小基金,AA1,TWD,19.37
201406,14545897,德銀遠東DWS科技基金,AA1,TWD,17.21
201406,14694495,華頓台灣基金,AA1,TWD,20.16
201406,14705562,國泰科技生化基金,AA1,TWD,31.15
201406,15733973,富蘭克林華美第一富基金,AA1,TWD,30.42
201406,15739619,第一金大中華基金,AA1,TWD,20.69
201406,17139204,元大寶來新主流基金,AA1,TWD,19.9
201406,17140568,景順主流基金,AA1,TWD,16.81
201406,17144889,宏利台灣動力基金,AA1,TWD,19.55
201406,17144945,摩根價值成長基金,AA1,TWD,16.13
201406,17145070,元大寶來矽谷基金,AA1,TWD,13.24
201406,17146752,安泰ING成長基金,AA1,TWD,23.43
201406,17147078,日盛精選五虎基金,AA1,TWD,29.93
201406,17148301,富邦台灣心基金,AA1,TWD,17.52
201406,17152509,永豐高科技基金,AA1,TWD,16.91
201406,17597236,聯邦精選科技基金,AA1,TWD,10.45
201406,17597600,未來資產阿波羅基金,AA1,TWD,8.46
201406,17600534,安泰ING高科技基金,AA1,TWD,7.81
201406,17602625,保德信新世紀基金,AA1,TWD,9.06
201406,17602821,台新2000高科技基金,AA1,TWD,26.14
201406,17603899,瀚亞電通網基金,AA1,TWD,12.81
201406,17604124,德盛台灣大壩基金,AA1,TWD,16.18
201406,17605622,統一大滿貫基金,AA1,TWD,24.85
201406,17607591,日盛高科技基金,AA1,TWD,11.45
201406,17608487,復華數位經濟基金,AA1,TWD,32.9
201406,17612497,國泰國泰基金,AA1,TWD,18.35
201406,18031960,國泰高科技基金,AA1,TWD,9.43
201406,18033138,德信數位時代基金,AA1,TWD,22.91
201406,18036281,元大寶來巴菲特基金,AA1,TWD,22.56
201406,18037937,安泰INGｅ科技基金,AA1,TWD,15.73
201406,18043059,國泰中小成長基金,AA1,TWD,39.82
201406,18480065,德盛科技大壩基金,AA1,TWD,22.3
201406,18488279,復華中小精選基金,AA1,TWD,41.25
201406,18488469,安泰ING中小基金,AA1,TWD,34.04
201406,18496290,聯邦中國龍基金,AA1,TWD,19.99
201406,18499732,德銀遠東DWS台灣旗艦基金,AA1,TWD,18.3
201406,19291128,國泰大中華基金,AA1,TWD,19.24
201406,19330712,貝萊德寶利基金,AA1,TWD,16.16
201406,19330754,安泰ING優質基金,AA1,TWD,28.48
201406,19339782,群益創新科技基金,AA1,TWD,25.13
201406,19341318,第一金電子基金,AA1,TWD,27.05
201406,20080023,元大寶來店頭基金,AA1,TWD,7.95
201406,20081352,群益店頭市場基金,AA1,TWD,67.91
201406,20084317,日盛日盛基金,AA1,TWD,10.91
201406,20089755,富邦精銳中小基金,AA1,TWD,10.99
201406,20092528,第一金店頭市場基金,AA1,TWD,8.48
201406,20094820,柏瑞巨人基金,AA1,TWD,11.35
201406,20097447,保德信第一基金,AA1,TWD,23.02
201406,21759676,復華全方位基金,AA1,TWD,19.4
201406,25612029,凱基台灣精五門基金,AA1,TWD,19.3
201406,25636367,摩根台灣金磚基金,AA1,TWD,16.96
201406,26202396,第一金創新趨勢基金,AA1,TWD,14.66
201406,26273336,日盛MIT主流基金,AA1,TWD,13.13
201406,26279964,華南永昌中小型基金,AA1,TWD,10.57
201406,26288534,德信台灣主流中小基金,AA1,TWD,14.51
201406,26307407,新光傳產優勢基金,AA1,TWD,11.47
201406,26310297,富蘭克林華美台股傘型基金之高科技基金,AA1,TWD,13.92
201406,26310310,富蘭克林華美台股傘型基金之傳產基金,AA1,TWD,14.41
201406,26320632,合庫台灣基金,AA1,TWD,11.2
201406,26334214,新光增長收益基金,AA1,TWD,11.51
201406,31837449,國泰價值卓越基金,AA1,TWD,12.78
201406,48675778,群益奧斯卡基金,AA1,TWD,22.19
201406,48731589,華頓典範科技基金,AA1,TWD,9.47
201406,48749899,群益葛萊美基金,AA1,TWD,18.2
201406,48809501,中國信託台灣優勢基金,AA1,TWD,12.83
201406,48858663,台新主流基金,AA1,TWD,17.22
201406,48893417,中國信託台灣活力基金,AA1,TWD,9.43
201406,48929007,華南永昌愛台灣基金,AA1,TWD,8.37
201406,48934304,統一台灣動力基金,AA1,TWD,13.0
201406,48948481,日盛首選基金,AA1,TWD,12.13
201406,48948623,國泰台灣計量基金,AA1,TWD,12.2
201406,48948834,施羅德樂活中小基金-A類型,AA1,TWD,14.92
201406,48997911,德盛安聯台灣智慧趨勢基金,AA1,TWD,18.12
201406,73982057,宏利臺灣高股息基金,AA1,TWD,21.21
201406,73987671,匯豐台灣精典基金,AA1,TWD,19.57
201406,73988876,日盛小而美基金,AA1,TWD,18.87
201406,73989002,第一金小型精選基金,AA1,TWD,26.3
201406,73989256,景順台灣科技基金,AA1,TWD,28.02
201406,73989501,摩根中小基金,AA1,TWD,21.0
201406,73990253,統一奔騰基金,AA1,TWD,42.59
201406,73990649,保德信科技島基金,AA1,TWD,19.09
201406,73991751,兆豐國際電子基金,AA1,TWD,21.4
201406,73992013,永豐領航科技基金,AA1,TWD,22.37
201406,73998071,新光店頭基金,AA1,TWD,22.47
201406,73998086,復華高成長基金,AA1,TWD,42.35
201406,76941376,匯豐成功基金,AA1,TWD,32.7
201406,77537493,統一統信基金,AA1,TWD,26.38
201406,77537509,元大寶來多元基金,AA1,TWD,11.25
201406,80892778,華頓中小型基金,AA1,TWD,23.44
201406,80894446,台新中國通基金,AA1,TWD,26.77
201406,81580149,新光國家建設基金,AA1,TWD,21.18
201406,81581724,統一經建基金,AA1,TWD,30.72
201406,81584335,元大寶來高科技基金,AA1,TWD,12.43
201406,81584975,日盛上選基金,AA1,TWD,23.68
201406,81584996,兆豐國際中小基金,AA1,TWD,13.09
201406,81585242,新光創新科技基金,AA1,TWD,14.11
201406,81585475,富邦高成長基金,AA1,TWD,19.38
201406,81587889,復華復華基金,AA1,TWD,15.34
201406,81588536,台新大眾基金,AA1,TWD,23.35
201406,81591434,群益長安基金,AA1,TWD,20.24
201406,81594690,永豐永豐基金,AA1,TWD,32.12
201406,81595924,瀚亞中小型股基金,AA1,TWD,15.73
201406,83863951,元大寶來經貿基金,AA1,TWD,29.16
201406,83864683,富邦科技基金,AA1,TWD,19.65
201406,83866508,保德信中小型股基金,AA1,TWD,37.27
201406,92001765,元大寶來多多基金,AA1,TWD,17.09
201406,92002244,統一黑馬基金,AA1,TWD,42.39
201406,92002384,富邦精準基金,AA1,TWD,44.0
201406,92003102,瀚亞高科技基金,AA1,TWD,52.0
201406,92004566,元大寶來績效基金,AA1,TWD,36.65
201406,92010477,富邦長紅基金,AA1,TWD,51.76
201406,92010770,富邦台灣鳳凰基金,AA1,TWD,683.11
201406,92012025,摩根新興科技基金,AA1,TWD,41.11
201406,92012572,瀚亞外銷基金,AA1,TWD,31.26
201406,92012762,統一龍馬基金,AA1,TWD,49.8
201406,92013967,保德信金滿意基金,AA1,TWD,36.22
201406,92016839,華南永昌前瞻科技基金,AA1,TWD,14.3
201406,92017794,匯豐龍騰電子基金,AA1,TWD,28.48
201406,92019786,景順潛力基金,AA1,TWD,31.73
201406,92026219,元大寶來卓越基金,AA1,TWD,40.52
201406,92028997,群益中小型股基金,AA1,TWD,37.71
201406,94991068,日盛新台商基金,AA1,TWD,27.42
201406,97972846,德信大發基金,AA1,TWD,26.6
201406,97977878,統一中小基金,AA1,TWD,18.73
201406,97984293,群益馬拉松基金,AA1,TWD,91.58
201406,97988636,保德信店頭市場基金,AA1,TWD,28.87
201406,97990696,瀚亞菁華基金,AA1,TWD,17.83
201406,97995664,匯豐中小基金,AA1,TWD,8.87
201406,97997635,聯博大利基金,AA1,TWD,29.77
201406,99354335,摩根台灣微型基金,AA1,TWD,19.38
201406,99973878,安泰ING台灣高股息基金,AA1,TWD,19.94
201409,00965469,兆豐國際第一基金,AA1,TWD,12.34
201409,00968493,安泰ING鴻運基金,AA1,TWD,15.89
201409,00973762,華南永昌永昌基金,AA1,TWD,13.88
201409,00974018,富邦基金,AA1,TWD,9.5
201409,00974039,摩根台灣基金,AA1,TWD,10.3
201409,00974066,元大寶來2001基金,AA1,TWD,48.2
201409,00974241,新光台灣富貴基金,AA1,TWD,17.87
201409,00988316,安泰ING台灣運籌基金,AA1,TWD,23.88
201409,01031298,匯豐龍鳳基金,AA1,TWD,40.5
201409,01031564,安泰ING積極成長基金,AA1,TWD,9.57
201409,01031699,統一全天候基金,AA1,TWD,67.51
201409,01031874,國泰小龍基金,AA1,TWD,13.47
201409,01032058,元大寶來多福基金,AA1,TWD,49.62
201409,01032162,摩根台灣增長基金,AA1,TWD,40.82
201409,01032183,保德信高成長基金,AA1,TWD,73.61
201409,01050148,兆豐國際國民基金,AA1,TWD,23.03
201409,10337833,惠理康和台灣紅不讓基金,AA1,TWD,15.35
201409,10341251,未來資產台灣新趨勢基金,AA1,TWD,12.77
201409,10341837,兆豐國際豐台灣基金,AA1,TWD,28.2
201409,10388939,富邦台灣企業社會責任基金-A類型,AA1,TWD,13.46
201409,13528977,保德信台商全方位基金,AA1,TWD,26.31
201409,13539952,凱基開創基金,AA1,TWD,17.98
201409,13984165,富達台灣成長基金,AA1,TWD,24.23
201409,13986924,新光大三通基金,AA1,TWD,16.82
201409,13998344,永豐中小基金,AA1,TWD,36.95
201409,14542287,元大寶來精準中小基金,AA1,TWD,17.23
201409,14545897,德銀遠東DWS科技基金,AA1,TWD,15.92
201409,14694495,華頓台灣基金,AA1,TWD,18.54
201409,14705562,國泰科技生化基金,AA1,TWD,28.92
201409,15733973,富蘭克林華美第一富基金,AA1,TWD,28.05
201409,15739619,第一金大中華基金,AA1,TWD,19.45
201409,17139204,元大寶來新主流基金,AA1,TWD,18.52
201409,17140568,景順主流基金,AA1,TWD,16.08
201409,17144889,宏利台灣動力基金,AA1,TWD,18.26
201409,17144945,摩根價值成長基金,AA1,TWD,15.36
201409,17146752,安泰ING成長基金,AA1,TWD,22.91
201409,17147078,日盛精選五虎基金,AA1,TWD,27.8
201409,17148301,富邦台灣心基金,AA1,TWD,15.92
201409,17152509,永豐高科技基金,AA1,TWD,16.01
201409,17597236,聯邦精選科技基金,AA1,TWD,9.37
201409,17597600,未來資產阿波羅基金,AA1,TWD,7.88
201409,17600534,安泰ING高科技基金,AA1,TWD,6.92
201409,17602625,保德信新世紀基金,AA1,TWD,8.95
201409,17602821,台新2000高科技基金,AA1,TWD,24.54
201409,17603899,瀚亞電通網基金,AA1,TWD,11.78
201409,17604124,德盛台灣大壩基金,AA1,TWD,15.11
201409,17605622,統一大滿貫基金,AA1,TWD,23.98
201409,17607591,日盛高科技基金,AA1,TWD,10.7
201409,17608487,復華數位經濟基金,AA1,TWD,31.1
201409,17612497,國泰國泰基金,AA1,TWD,17.61
201409,18031960,國泰高科技基金,AA1,TWD,8.81
201409,18033138,德信數位時代基金,AA1,TWD,22.25
201409,18036281,元大寶來巴菲特基金,AA1,TWD,21.13
201409,18037937,安泰INGｅ科技基金,AA1,TWD,13.94
201409,18043059,國泰中小成長基金,AA1,TWD,37.46
201409,18480065,德盛科技大壩基金,AA1,TWD,20.38
201409,18488279,復華中小精選基金,AA1,TWD,38.46
201409,18488469,安泰ING中小基金,AA1,TWD,31.11
201409,18496290,聯邦中國龍基金,AA1,TWD,18.66
201409,18499732,德銀遠東DWS台灣旗艦基金,AA1,TWD,17.24
201409,19291128,國泰大中華基金,AA1,TWD,18.37
201409,19330712,貝萊德寶利基金,AA1,TWD,15.79
201409,19330754,安泰ING優質基金,AA1,TWD,26.95
201409,19339782,群益創新科技基金,AA1,TWD,23.0
201409,19341318,第一金電子基金,AA1,TWD,25.22
201409,20080023,元大寶來店頭基金,AA1,TWD,7.26
201409,20081352,群益店頭市場基金,AA1,TWD,62.6
201409,20084317,日盛日盛基金,AA1,TWD,10.17
201409,20089755,富邦精銳中小基金,AA1,TWD,9.97
201409,20092528,第一金店頭市場基金,AA1,TWD,7.5
201409,20094820,柏瑞巨人基金,AA1,TWD,10.11
201409,20097447,保德信第一基金,AA1,TWD,21.42
201409,21759676,復華全方位基金,AA1,TWD,18.11
201409,25612029,凱基台灣精五門基金,AA1,TWD,18.51
201409,25636367,摩根台灣金磚基金,AA1,TWD,15.42
201409,26202396,第一金創新趨勢基金,AA1,TWD,13.55
201409,26273336,日盛MIT主流基金,AA1,TWD,11.46
201409,26279964,華南永昌中小型基金,AA1,TWD,9.85
201409,26288534,德信台灣主流中小基金,AA1,TWD,14.22
201409,26307407,新光傳產優勢基金,AA1,TWD,10.67
201409,26310297,富蘭克林華美台股傘型基金之高科技基金,AA1,TWD,13.38
201409,26310310,富蘭克林華美台股傘型基金之傳產基金,AA1,TWD,14.22
201409,26320632,合庫台灣基金,AA1,TWD,10.88
201409,31837449,國泰價值卓越基金,AA1,TWD,12.3
201409,48675778,群益奧斯卡基金,AA1,TWD,20.05
201409,48731589,華頓典範科技基金,AA1,TWD,8.44
201409,48749899,群益葛萊美基金,AA1,TWD,16.68
201409,48809501,中國信託台灣優勢基金,AA1,TWD,12.2
201409,48858663,台新主流基金,AA1,TWD,15.56
201409,48893417,中國信託台灣活力基金,AA1,TWD,8.55
201409,48929007,華南永昌愛台灣基金,AA1,TWD,8.0
201409,48934304,統一台灣動力基金,AA1,TWD,12.24
201409,48948481,日盛首選基金,AA1,TWD,10.82
201409,48948623,國泰台灣計量基金,AA1,TWD,11.87
201409,48948834,施羅德樂活中小基金-A類型,AA1,TWD,13.49
201409,48997911,德盛安聯台灣智慧趨勢基金,AA1,TWD,16.48
201409,73982057,宏利臺灣高股息基金,AA1,TWD,19.98
201409,73987671,匯豐台灣精典基金,AA1,TWD,19.19
201409,73988876,日盛小而美基金,AA1,TWD,16.39
201409,73989002,第一金小型精選基金,AA1,TWD,24.31
201409,73989256,景順台灣科技基金,AA1,TWD,25.97
201409,73989501,摩根中小基金,AA1,TWD,19.13
201409,73990253,統一奔騰基金,AA1,TWD,40.01
201409,73990649,保德信科技島基金,AA1,TWD,18.02
201409,73991751,兆豐國際電子基金,AA1,TWD,20.2
201409,73992013,永豐領航科技基金,AA1,TWD,21.12
201409,73998071,新光店頭基金,AA1,TWD,20.12
201409,73998086,復華高成長基金,AA1,TWD,39.86
201409,76941376,匯豐成功基金,AA1,TWD,31.71
201409,77537493,統一統信基金,AA1,TWD,23.88
201409,77537509,元大寶來多元基金,AA1,TWD,10.62
201409,80892778,華頓中小型基金,AA1,TWD,21.28
201409,80894446,台新中國通基金,AA1,TWD,25.73
201409,81580149,新光國家建設基金,AA1,TWD,20.25
201409,81581724,統一經建基金,AA1,TWD,28.57
201409,81584335,元大寶來高科技基金,AA1,TWD,11.73
201409,81584975,日盛上選基金,AA1,TWD,20.82
201409,81584996,兆豐國際中小基金,AA1,TWD,12.54
201409,81585242,新光創新科技基金,AA1,TWD,13.17
201409,81585475,富邦高成長基金,AA1,TWD,17.94
201409,81587889,復華復華基金,AA1,TWD,13.7
201409,81588536,台新大眾基金,AA1,TWD,22.77
201409,81591434,群益長安基金,AA1,TWD,19.8
201409,81594690,永豐永豐基金,AA1,TWD,31.57
201409,81595924,瀚亞中小型股基金,AA1,TWD,14.77
201409,83863951,元大寶來經貿基金,AA1,TWD,27.63
201409,83864683,富邦科技基金,AA1,TWD,18.11
201409,83866508,保德信中小型股基金,AA1,TWD,34.83
201409,92001765,元大寶來多多基金,AA1,TWD,15.44
201409,92002244,統一黑馬基金,AA1,TWD,39.7
201409,92002384,富邦精準基金,AA1,TWD,40.59
201409,92003102,瀚亞高科技基金,AA1,TWD,47.98
201409,92004566,元大寶來績效基金,AA1,TWD,34.27
201409,92010477,富邦長紅基金,AA1,TWD,47.48
201409,92010770,富邦台灣鳳凰基金,AA1,TWD,625.71
201409,92012025,摩根新興科技基金,AA1,TWD,38.95
201409,92012572,瀚亞外銷基金,AA1,TWD,30.65
201409,92012762,統一龍馬基金,AA1,TWD,46.91
201409,92013967,保德信金滿意基金,AA1,TWD,35.25
201409,92016839,華南永昌前瞻科技基金,AA1,TWD,13.24
201409,92017794,匯豐龍騰電子基金,AA1,TWD,27.1
201409,92019786,景順潛力基金,AA1,TWD,29.93
201409,92026219,元大寶來卓越基金,AA1,TWD,38.21
201409,92028997,群益中小型股基金,AA1,TWD,34.88
201409,94991068,日盛新台商基金,AA1,TWD,24.89
201409,97972846,德信大發基金,AA1,TWD,25.63
201409,97977878,統一中小基金,AA1,TWD,16.92
201409,97984293,群益馬拉松基金,AA1,TWD,89.2
201409,97988636,保德信店頭市場基金,AA1,TWD,26.73
201409,97990696,瀚亞菁華基金,AA1,TWD,17.04
201409,97995664,匯豐中小基金,AA1,TWD,8.25
201409,97997635,聯博大利基金,AA1,TWD,29.1
201409,99354335,摩根台灣微型基金,AA1,TWD,17.67
201409,99973878,安泰ING台灣高股息基金,AA1,TWD,19.08
201412,00965469,兆豐國際第一基金,AA1,TWD,12.36
201412,00968493,野村鴻運基金,AA1,TWD,15.97
201412,00973762,華南永昌永昌基金,AA1,TWD,13.85
201412,00974018,富邦基金,AA1,TWD,9.47
201412,00974039,摩根台灣基金,AA1,TWD,10.55
201412,00974066,元大寶來2001基金,AA1,TWD,49.07
201412,00974241,新光台灣富貴基金,AA1,TWD,18.06
201412,00988316,野村台灣運籌基金,AA1,TWD,24.84
201412,01031298,匯豐龍鳳基金,AA1,TWD,41.44
201412,01031564,野村積極成長基金,AA1,TWD,9.8
201412,01031699,統一全天候基金,AA1,TWD,66.77
201412,01031874,國泰小龍基金,AA1,TWD,13.49
201412,01032058,元大寶來多福基金,AA1,TWD,50.43
201412,01032162,摩根台灣增長基金,AA1,TWD,41.91
201412,01032183,保德信高成長基金,AA1,TWD,73.98
201412,01050148,兆豐國際國民基金,AA1,TWD,22.75
201412,10337833,惠理康和台灣紅不讓基金,AA1,TWD,15.61
201412,10341251,未來資產台灣新趨勢基金,AA1,TWD,12.81
201412,10341837,兆豐國際豐台灣基金,AA1,TWD,27.5
201412,10388939,富邦台灣企業社會責任基金-A類型,AA1,TWD,13.39
201412,13528977,保德信台商全方位基金,AA1,TWD,26.55
201412,13539952,凱基開創基金,AA1,TWD,18.06
201412,13984165,富達台灣成長基金,AA1,TWD,24.58
201412,13986924,新光大三通基金,AA1,TWD,16.96
201412,13998344,永豐中小基金,AA1,TWD,36.77
201412,14542287,元大寶來精準中小基金,AA1,TWD,17.24
201412,14545897,德銀遠東DWS科技基金,AA1,TWD,16.21
201412,14694495,華頓台灣基金,AA1,TWD,18.26
201412,14705562,國泰科技生化基金,AA1,TWD,28.93
201412,15733973,富蘭克林華美第一富基金,AA1,TWD,28.01
201412,15739619,第一金大中華基金,AA1,TWD,19.36
201412,17139204,元大寶來新主流基金,AA1,TWD,18.5
201412,17140568,景順主流基金,AA1,TWD,16.16
201412,17144889,宏利台灣動力基金,AA1,TWD,18.96
201412,17144945,摩根價值成長基金,AA1,TWD,15.73
201412,17146752,野村成長基金,AA1,TWD,23.68
201412,17147078,日盛精選五虎基金,AA1,TWD,27.49
201412,17148301,富邦台灣心基金,AA1,TWD,15.78
201412,17152509,永豐高科技基金,AA1,TWD,16.23
201412,17597236,聯邦精選科技基金,AA1,TWD,9.18
201412,17597600,未來資產阿波羅基金,AA1,TWD,7.9
201412,17600534,野村高科技基金,AA1,TWD,6.93
201412,17602625,保德信新世紀基金,AA1,TWD,9.1
201412,17602821,台新2000高科技基金,AA1,TWD,24.69
201412,17603899,瀚亞電通網基金,AA1,TWD,11.42
201412,17604124,德盛台灣大壩基金,AA1,TWD,15.38
201412,17605622,統一大滿貫基金,AA1,TWD,24.15
201412,17607591,日盛高科技基金,AA1,TWD,10.9
201412,17608487,復華數位經濟基金,AA1,TWD,31.83
201412,17612497,國泰國泰基金,AA1,TWD,17.66
201412,18031960,國泰高科技基金,AA1,TWD,9.0
201412,18033138,德信數位時代基金,AA1,TWD,21.57
201412,18036281,元大寶來巴菲特基金,AA1,TWD,21.05
201412,18037937,野村ｅ科技基金,AA1,TWD,13.85
201412,18043059,國泰中小成長基金,AA1,TWD,37.14
201412,18480065,德盛科技大壩基金,AA1,TWD,21.07
201412,18488279,復華中小精選基金,AA1,TWD,39.02
201412,18488469,野村中小基金,AA1,TWD,31.51
201412,18496290,聯邦中國龍基金,AA1,TWD,19.0
201412,18499732,德銀遠東DWS台灣旗艦基金,AA1,TWD,17.95
201412,19291128,國泰大中華基金,AA1,TWD,18.44
201412,19330712,貝萊德寶利基金,AA1,TWD,16.3
201412,19330754,野村優質基金,AA1,TWD,27.43
201412,19339782,群益創新科技基金,AA1,TWD,23.02
201412,19341318,第一金電子基金,AA1,TWD,25.9
201412,20080023,元大寶來店頭基金,AA1,TWD,7.24
201412,20081352,群益店頭市場基金,AA1,TWD,61.95
201412,20084317,日盛日盛基金,AA1,TWD,10.09
201412,20089755,富邦精銳中小基金,AA1,TWD,9.82
201412,20092528,第一金店頭市場基金,AA1,TWD,7.62
201412,20094820,柏瑞巨人基金,AA1,TWD,9.96
201412,20097447,保德信第一基金,AA1,TWD,21.94
201412,21759676,復華全方位基金,AA1,TWD,18.28
201412,25612029,凱基台灣精五門基金,AA1,TWD,18.62
201412,25636367,摩根台灣金磚基金,AA1,TWD,15.23
201412,26202396,第一金創新趨勢基金,AA1,TWD,13.73
201412,26273336,日盛MIT主流基金,AA1,TWD,11.6
201412,26288534,德信台灣主流中小基金,AA1,TWD,14.14
201412,26310297,富蘭克林華美台股傘型基金之高科技基金,AA1,TWD,13.24
201412,26310310,富蘭克林華美台股傘型基金之傳產基金,AA1,TWD,14.29
201412,26320632,合庫台灣基金,AA1,TWD,10.82
201412,31837449,國泰價值卓越基金,AA1,TWD,12.32
201412,48675778,群益奧斯卡基金,AA1,TWD,19.91
201412,48731589,華頓典範科技基金,AA1,TWD,8.7
201412,48749899,群益葛萊美基金,AA1,TWD,16.8
201412,48809501,中國信託台灣優勢基金,AA1,TWD,12.93
201412,48858663,台新主流基金,AA1,TWD,15.97
201412,48893417,中國信託台灣活力基金,AA1,TWD,8.51
201412,48934304,統一台灣動力基金,AA1,TWD,12.23
201412,48948481,日盛首選基金,AA1,TWD,10.61
201412,48948623,國泰台灣計量基金,AA1,TWD,12.12
201412,48948834,施羅德樂活中小基金-A類型,AA1,TWD,13.75
201412,48997911,德盛安聯台灣智慧趨勢基金,AA1,TWD,16.94
201412,73982057,宏利臺灣高股息基金,AA1,TWD,20.36
201412,73987671,匯豐台灣精典基金,AA1,TWD,19.63
201412,73988876,日盛小而美基金,AA1,TWD,15.37
201412,73989002,第一金小型精選基金,AA1,TWD,24.42
201412,73989256,景順台灣科技基金,AA1,TWD,26.64
201412,73989501,摩根中小基金,AA1,TWD,18.9
201412,73990253,統一奔騰基金,AA1,TWD,40.02
201412,73990649,保德信科技島基金,AA1,TWD,18.28
201412,73991751,兆豐國際電子基金,AA1,TWD,20.4
201412,73992013,永豐領航科技基金,AA1,TWD,21.6
201412,73998071,新光店頭基金,AA1,TWD,20.25
201412,73998086,復華高成長基金,AA1,TWD,40.53
201412,76941376,匯豐成功基金,AA1,TWD,31.93
201412,77537493,統一統信基金,AA1,TWD,23.71
201412,77537509,元大寶來多元基金,AA1,TWD,10.82
201412,80892778,華頓中小型基金,AA1,TWD,20.63
201412,80894446,台新中國通基金,AA1,TWD,26.48
201412,81580149,新光國家建設基金,AA1,TWD,20.62
201412,81581724,統一經建基金,AA1,TWD,28.99
201412,81584335,元大寶來高科技基金,AA1,TWD,12.06
201412,81584975,日盛上選基金,AA1,TWD,21.05
201412,81584996,兆豐國際中小基金,AA1,TWD,12.52
201412,81585242,新光創新科技基金,AA1,TWD,13.23
201412,81585475,富邦高成長基金,AA1,TWD,17.78
201412,81587889,復華復華基金,AA1,TWD,13.56
201412,81588536,台新台灣中小基金,AA1,TWD,22.89
201412,81591434,群益長安基金,AA1,TWD,20.23
201412,81594690,永豐永豐基金,AA1,TWD,32.6
201412,81595924,瀚亞中小型股基金,AA1,TWD,14.81
201412,83863951,元大寶來經貿基金,AA1,TWD,28.01
201412,83864683,富邦科技基金,AA1,TWD,17.82
201412,83866508,保德信中小型股基金,AA1,TWD,34.46
201412,92001765,元大寶來多多基金,AA1,TWD,15.37
201412,92002244,統一黑馬基金,AA1,TWD,39.3
201412,92002384,富邦精準基金,AA1,TWD,40.35
201412,92003102,瀚亞高科技基金,AA1,TWD,46.61
201412,92004566,元大寶來績效基金,AA1,TWD,34.75
201412,92010477,富邦長紅基金,AA1,TWD,46.76
201412,92010770,富邦台灣鳳凰基金,AA1,TWD,618.67
201412,92012025,摩根新興科技基金,AA1,TWD,40.11
201412,92012572,瀚亞外銷基金,AA1,TWD,30.77
201412,92012762,統一龍馬基金,AA1,TWD,46.49
201412,92013967,保德信金滿意基金,AA1,TWD,36.47
201412,92016839,華南永昌前瞻科技基金,AA1,TWD,13.23
201412,92017794,匯豐龍騰電子基金,AA1,TWD,28.03
201412,92019786,景順潛力基金,AA1,TWD,30.18
201412,92026219,元大寶來卓越基金,AA1,TWD,39.3
201412,92028997,群益中小型股基金,AA1,TWD,34.82
201412,94991068,日盛新台商基金,AA1,TWD,24.51
201412,97972846,德信大發基金,AA1,TWD,25.24
201412,97977878,統一中小基金,AA1,TWD,16.67
201412,97984293,群益馬拉松基金,AA1,TWD,93.14
201412,97988636,保德信店頭市場基金,AA1,TWD,27.02
201412,97990696,瀚亞菁華基金,AA1,TWD,17.19
201412,97995664,匯豐中小基金,AA1,TWD,8.44
201412,97997635,聯博大利基金,AA1,TWD,29.77
201412,99354335,摩根台灣微型基金,AA1,TWD,17.45
201412,99973878,野村台灣高股息基金,AA1,TWD,18.93
201503,00965469,兆豐國際第一基金,AA1,TWD,12.79
201503,00968493,野村鴻運基金,AA1,TWD,17.24
201503,00973762,華南永昌永昌基金,AA1,TWD,14.58
201503,00974018,富邦基金,AA1,TWD,9.71
201503,00974039,摩根台灣基金,AA1,TWD,10.42
201503,00974066,元大寶來2001基金,AA1,TWD,52.69
201503,00974241,新光台灣富貴基金,AA1,TWD,19.71
201503,00988316,野村台灣運籌基金,AA1,TWD,27.06
201503,01031298,匯豐龍鳳基金,AA1,TWD,42.28
201503,01031564,野村積極成長基金,AA1,TWD,10.54
201503,01031699,統一全天候基金,AA1,TWD,70.63
201503,01031874,國泰小龍基金,AA1,TWD,14.13
201503,01032058,元大寶來多福基金,AA1,TWD,52.5
201503,01032162,摩根台灣增長基金,AA1,TWD,43.65
201503,01032183,保德信高成長基金,AA1,TWD,76.99
201503,01050148,兆豐國際國民基金,AA1,TWD,22.55
201503,10337833,惠理康和台灣紅不讓基金,AA1,TWD,15.97
201503,10341251,未來資產台灣新趨勢基金,AA1,TWD,13.41
201503,10341837,兆豐國際豐台灣基金,AA1,TWD,28.16
201503,10388939,富邦台灣企業社會責任基金-A類型,AA1,TWD,13.68
201503,13528977,保德信台商全方位基金,AA1,TWD,28.61
201503,13539952,凱基開創基金,AA1,TWD,18.76
201503,13984165,富達台灣成長基金,AA1,TWD,25.74
201503,13986924,新光大三通基金,AA1,TWD,17.73
201503,13998344,永豐中小基金,AA1,TWD,38.01
201503,14542287,元大寶來精準中小基金,AA1,TWD,18.27
201503,14545897,德銀遠東DWS科技基金,AA1,TWD,16.33
201503,14694495,華頓台灣基金,AA1,TWD,18.56
201503,14705562,國泰科技生化基金,AA1,TWD,29.64
201503,15733973,富蘭克林華美第一富基金,AA1,TWD,29.88
201503,15739619,第一金大中華基金,AA1,TWD,20.73
201503,17139204,元大寶來新主流基金,AA1,TWD,19.77
201503,17140568,景順主流基金,AA1,TWD,17.06
201503,17144889,宏利台灣動力基金,AA1,TWD,20.48
201503,17144945,摩根價值成長基金,AA1,TWD,16.38
201503,17146752,野村成長基金,AA1,TWD,25.49
201503,17147078,日盛精選五虎基金,AA1,TWD,29.46
201503,17148301,富邦台灣心基金,AA1,TWD,16.26
201503,17152509,永豐高科技基金,AA1,TWD,16.75
201503,17597236,聯邦精選科技基金,AA1,TWD,9.06
201503,17597600,未來資產阿波羅基金,AA1,TWD,8.15
201503,17600534,野村高科技基金,AA1,TWD,7.33
201503,17602625,保德信新世紀基金,AA1,TWD,9.39
201503,17602821,台新2000高科技基金,AA1,TWD,25.84
201503,17603899,瀚亞電通網基金,AA1,TWD,11.97
201503,17604124,德盛台灣大壩基金,AA1,TWD,16.07
201503,17605622,統一大滿貫基金,AA1,TWD,24.83
201503,17607591,日盛高科技基金,AA1,TWD,10.97
201503,17608487,復華數位經濟基金,AA1,TWD,34.11
201503,17612497,國泰國泰基金,AA1,TWD,18.24
201503,18031960,國泰高科技基金,AA1,TWD,9.34
201503,18033138,德信數位時代基金,AA1,TWD,23.0
201503,18036281,元大寶來巴菲特基金,AA1,TWD,22.92
201503,18037937,野村ｅ科技基金,AA1,TWD,14.6
201503,18043059,國泰中小成長基金,AA1,TWD,39.08
201503,18480065,德盛科技大壩基金,AA1,TWD,22.11
201503,18488279,復華中小精選基金,AA1,TWD,41.41
201503,18488469,野村中小基金,AA1,TWD,34.51
201503,18496290,聯邦中國龍基金,AA1,TWD,18.13
201503,18499732,德銀遠東DWS台灣旗艦基金,AA1,TWD,18.41
201503,19291128,國泰大中華基金,AA1,TWD,18.79
201503,19330712,貝萊德寶利基金,AA1,TWD,17.47
201503,19330754,野村優質基金,AA1,TWD,30.51
201503,19339782,群益創新科技基金,AA1,TWD,25.15
201503,19341318,第一金電子基金,AA1,TWD,26.65
201503,20080023,元大寶來店頭基金,AA1,TWD,7.67
201503,20081352,群益店頭市場基金,AA1,TWD,68.21
201503,20084317,日盛日盛基金,AA1,TWD,10.34
201503,20089755,富邦精銳中小基金,AA1,TWD,10.46
201503,20092528,第一金店頭市場基金,AA1,TWD,8.04
201503,20094820,柏瑞巨人基金,AA1,TWD,10.84
201503,20097447,保德信第一基金,AA1,TWD,22.79
201503,21759676,復華全方位基金,AA1,TWD,19.3
201503,25612029,凱基台灣精五門基金,AA1,TWD,19.52
201503,25636367,摩根台灣金磚基金,AA1,TWD,16.38
201503,26202396,第一金創新趨勢基金,AA1,TWD,15.13
201503,26273336,日盛MIT主流基金,AA1,TWD,12.34
201503,26288534,德信台灣主流中小基金,AA1,TWD,15.05
201503,26310297,富蘭克林華美台股傘型基金之高科技基金,AA1,TWD,14.59
201503,26310310,富蘭克林華美台股傘型基金之傳產基金,AA1,TWD,16.23
201503,26320632,合庫台灣基金,AA1,TWD,11.61
201503,31837449,國泰價值卓越基金,AA1,TWD,12.59
201503,48675778,群益奧斯卡基金,AA1,TWD,21.38
201503,48749899,群益葛萊美基金,AA1,TWD,17.74
201503,48809501,中國信託台灣優勢基金,AA1,TWD,13.5
201503,48858663,台新主流基金,AA1,TWD,16.84
201503,48893417,中國信託台灣活力基金,AA1,TWD,9.07
201503,48934304,統一台灣動力基金,AA1,TWD,12.32
201503,48948481,日盛首選基金,AA1,TWD,11.03
201503,48948623,國泰台灣計量基金,AA1,TWD,12.67
201503,48948834,施羅德樂活中小基金-A類型,AA1,TWD,15.28
201503,48997911,德盛安聯台灣智慧趨勢基金,AA1,TWD,17.86
201503,73982057,宏利臺灣高股息基金,AA1,TWD,21.72
201503,73987671,匯豐台灣精典基金,AA1,TWD,19.98
201503,73988876,日盛小而美基金,AA1,TWD,16.08
201503,73989002,第一金小型精選基金,AA1,TWD,26.6
201503,73989256,景順台灣科技基金,AA1,TWD,27.79
201503,73989501,摩根中小基金,AA1,TWD,20.55
201503,73990253,統一奔騰基金,AA1,TWD,40.29
201503,73990649,保德信科技島基金,AA1,TWD,19.14
201503,73991751,兆豐國際電子基金,AA1,TWD,21.3
201503,73992013,永豐領航科技基金,AA1,TWD,23.1
201503,73998071,新光店頭基金,AA1,TWD,21.56
201503,73998086,復華高成長基金,AA1,TWD,42.89
201503,76941376,匯豐成功基金,AA1,TWD,34.05
201503,77537493,統一統信基金,AA1,TWD,24.74
201503,77537509,元大寶來多元基金,AA1,TWD,11.5
201503,80892778,華頓中小型基金,AA1,TWD,21.41
201503,80894446,台新中國通基金,AA1,TWD,29.23
201503,81580149,新光國家建設基金,AA1,TWD,22.08
201503,81581724,統一經建基金,AA1,TWD,30.63
201503,81584335,元大寶來高科技基金,AA1,TWD,12.64
201503,81584975,日盛上選基金,AA1,TWD,21.68
201503,81584996,兆豐國際中小基金,AA1,TWD,13.02
201503,81585242,新光創新科技基金,AA1,TWD,14.14
201503,81585475,富邦高成長基金,AA1,TWD,18.88
201503,81587889,復華復華基金,AA1,TWD,14.22
201503,81588536,台新台灣中小基金,AA1,TWD,24.4
201503,81591434,群益長安基金,AA1,TWD,20.92
201503,81594690,永豐永豐基金,AA1,TWD,34.02
201503,81595924,瀚亞中小型股基金,AA1,TWD,16.15
201503,83863951,元大寶來經貿基金,AA1,TWD,29.08
201503,83864683,富邦科技基金,AA1,TWD,18.37
201503,83866508,保德信中小型股基金,AA1,TWD,38.27
201503,92001765,元大寶來多多基金,AA1,TWD,16.54
201503,92002244,統一黑馬基金,AA1,TWD,39.9
201503,92002384,富邦精準基金,AA1,TWD,42.47
201503,92003102,瀚亞高科技基金,AA1,TWD,48.87
201503,92004566,元大寶來績效基金,AA1,TWD,37.25
201503,92010477,富邦長紅基金,AA1,TWD,48.31
201503,92010770,富邦台灣鳳凰基金,AA1,TWD,635.76
201503,92012025,摩根新興科技基金,AA1,TWD,42.42
201503,92012572,瀚亞外銷基金,AA1,TWD,31.75
201503,92012762,統一龍馬基金,AA1,TWD,47.89
201503,92013967,保德信金滿意基金,AA1,TWD,37.57
201503,92016839,華南永昌前瞻科技基金,AA1,TWD,13.95
201503,92017794,匯豐龍騰電子基金,AA1,TWD,28.64
201503,92019786,景順潛力基金,AA1,TWD,31.77
201503,92026219,元大寶來卓越基金,AA1,TWD,42.83
201503,92028997,群益中小型股基金,AA1,TWD,35.25
201503,94991068,日盛新台商基金,AA1,TWD,25.42
201503,97972846,德信大發基金,AA1,TWD,26.86
201503,97977878,統一中小基金,AA1,TWD,17.38
201503,97984293,群益馬拉松基金,AA1,TWD,97.03
201503,97988636,保德信店頭市場基金,AA1,TWD,29.59
201503,97990696,瀚亞菁華基金,AA1,TWD,17.46
201503,97995664,匯豐中小基金,AA1,TWD,9.02
201503,97997635,聯博大利基金,AA1,TWD,31.28
201503,99973878,野村台灣高股息基金,AA1,TWD,20.11
201506,00965469,兆豐國際第一基金,AA1,TWD,12.86
201506,00968493,野村鴻運基金,AA1,TWD,18.62
201506,00973762,華南永昌永昌基金,AA1,TWD,14.16
201506,00974018,富邦基金,AA1,TWD,10.15
201506,00974039,摩根台灣基金,AA1,TWD,10.68
201506,00974066,元大寶來2001基金,AA1,TWD,57.55
201506,00974241,新光台灣富貴基金,AA1,TWD,21.84
201506,00988316,野村台灣運籌基金,AA1,TWD,28.43
201506,01031298,匯豐龍鳳基金,AA1,TWD,41.84
201506,01031564,野村積極成長基金,AA1,TWD,10.9
201506,01031699,統一全天候基金,AA1,TWD,78.76
201506,01031874,國泰小龍基金,AA1,TWD,14.56
201506,01032058,元大寶來多福基金,AA1,TWD,53.7
201506,01032162,摩根台灣增長基金,AA1,TWD,43.92
201506,01032183,保德信高成長基金,AA1,TWD,76.03
201506,01050148,兆豐國際國民基金,AA1,TWD,22.17
201506,10337833,惠理康和台灣紅不讓基金,AA1,TWD,16.25
201506,10341251,未來資產台灣新趨勢基金,AA1,TWD,14.3
201506,10341837,兆豐國際豐台灣基金,AA1,TWD,27.69
201506,10388939,富邦台灣企業社會責任基金-A類型,AA1,TWD,14.29
201506,13528977,保德信台商全方位基金,AA1,TWD,28.64
201506,13539952,凱基開創基金,AA1,TWD,18.89
201506,13984165,富達台灣成長基金,AA1,TWD,25.86
201506,13986924,新光大三通基金,AA1,TWD,18.52
201506,13998344,永豐中小基金,AA1,TWD,36.66
201506,14542287,元大寶來精準中小基金,AA1,TWD,20.0
201506,14545897,德銀遠東DWS科技基金,AA1,TWD,15.86
201506,14694495,華頓台灣基金,AA1,TWD,18.53
201506,14705562,國泰科技生化基金,AA1,TWD,30.86
201506,15733973,富蘭克林華美第一富基金,AA1,TWD,30.95
201506,15739619,第一金大中華基金,AA1,TWD,20.56
201506,17139204,元大寶來新主流基金,AA1,TWD,21.05
201506,17140568,景順主流基金,AA1,TWD,17.64
201506,17144889,宏利台灣動力基金,AA1,TWD,21.76
201506,17144945,摩根價值成長基金,AA1,TWD,16.77
201506,17146752,野村成長基金,AA1,TWD,26.17
201506,17147078,日盛精選五虎基金,AA1,TWD,30.44
201506,17148301,富邦台灣心基金,AA1,TWD,16.83
201506,17152509,永豐高科技基金,AA1,TWD,16.09
201506,17597236,聯邦精選科技基金,AA1,TWD,9.18
201506,17597600,未來資產阿波羅基金,AA1,TWD,8.89
201506,17600534,野村高科技基金,AA1,TWD,8.12
201506,17602625,保德信新世紀基金,AA1,TWD,9.36
201506,17602821,台新2000高科技基金,AA1,TWD,25.81
201506,17603899,瀚亞電通網基金,AA1,TWD,12.03
201506,17604124,德盛台灣大壩基金,AA1,TWD,17.04
201506,17605622,統一大滿貫基金,AA1,TWD,25.24
201506,17607591,日盛高科技基金,AA1,TWD,11.3
201506,17608487,復華數位經濟基金,AA1,TWD,35.62
201506,17612497,國泰國泰基金,AA1,TWD,20.15
201506,18031960,國泰高科技基金,AA1,TWD,9.81
201506,18033138,德信數位時代基金,AA1,TWD,22.96
201506,18036281,元大寶來巴菲特基金,AA1,TWD,23.08
201506,18037937,野村ｅ科技基金,AA1,TWD,16.14
201506,18043059,國泰中小成長基金,AA1,TWD,41.03
201506,18480065,德盛科技大壩基金,AA1,TWD,22.8
201506,18488279,復華中小精選基金,AA1,TWD,42.21
201506,18488469,野村中小基金,AA1,TWD,37.73
201506,18496290,聯邦中國龍基金,AA1,TWD,18.42
201506,18499732,德銀遠東DWS台灣旗艦基金,AA1,TWD,18.44
201506,19291128,國泰大中華基金,AA1,TWD,18.29
201506,19330712,貝萊德寶利基金,AA1,TWD,18.24
201506,19330754,野村優質基金,AA1,TWD,32.58
201506,19339782,群益創新科技基金,AA1,TWD,26.15
201506,19341318,第一金電子基金,AA1,TWD,25.15
201506,20080023,元大寶來店頭基金,AA1,TWD,7.6
201506,20081352,群益店頭市場基金,AA1,TWD,72.0
201506,20084317,日盛日盛基金,AA1,TWD,10.65
201506,20089755,富邦精銳中小基金,AA1,TWD,11.19
201506,20092528,第一金店頭市場基金,AA1,TWD,8.71
201506,20094820,柏瑞巨人基金,AA1,TWD,11.06
201506,20097447,保德信第一基金,AA1,TWD,22.94
201506,21759676,復華全方位基金,AA1,TWD,19.59
201506,25612029,凱基台灣精五門基金,AA1,TWD,19.37
201506,25636367,摩根台灣金磚基金,AA1,TWD,17.18
201506,26202396,第一金創新趨勢基金,AA1,TWD,16.9
201506,26273336,日盛MIT主流基金,AA1,TWD,12.4
201506,26288534,德信台灣主流中小基金,AA1,TWD,15.04
201506,26310297,富蘭克林華美台股傘型基金之高科技基金,AA1,TWD,15.26
201506,26310310,富蘭克林華美台股傘型基金之傳產基金,AA1,TWD,16.87
201506,26320632,合庫台灣基金,AA1,TWD,12.08
201506,31837449,國泰價值卓越基金,AA1,TWD,12.08
201506,42298518,華南永昌物聯網精選基金,AA1,TWD,9.96
201506,48675778,群益奧斯卡基金,AA1,TWD,21.55
201506,48749899,群益葛萊美基金,AA1,TWD,18.7
201506,48809501,中國信託台灣優勢基金,AA1,TWD,14.18
201506,48858663,台新主流基金,AA1,TWD,17.22
201506,48893417,中國信託台灣活力基金,AA1,TWD,9.74
201506,48934304,統一台灣動力基金,AA1,TWD,14.05
201506,48948481,日盛首選基金,AA1,TWD,11.42
201506,48948623,國泰台灣計量基金,AA1,TWD,12.55
201506,48948834,施羅德樂活中小基金-A類型,AA1,TWD,16.27
201506,48997911,德盛安聯台灣智慧趨勢基金,AA1,TWD,19.15
201506,73982057,宏利臺灣高股息基金,AA1,TWD,21.42
201506,73987671,匯豐台灣精典基金,AA1,TWD,19.76
201506,73988876,日盛小而美基金,AA1,TWD,15.66
201506,73989002,第一金小型精選基金,AA1,TWD,28.18
201506,73989256,景順台灣科技基金,AA1,TWD,28.29
201506,73989501,摩根中小基金,AA1,TWD,22.01
201506,73990253,統一奔騰基金,AA1,TWD,45.72
201506,73990649,保德信科技島基金,AA1,TWD,19.14
201506,73991751,兆豐國際電子基金,AA1,TWD,21.24
201506,73992013,永豐領航科技基金,AA1,TWD,23.43
201506,73998071,新光店頭基金,AA1,TWD,21.95
201506,73998086,復華高成長基金,AA1,TWD,44.79
201506,76941376,匯豐成功基金,AA1,TWD,33.43
201506,77537493,統一統信基金,AA1,TWD,26.53
201506,77537509,元大寶來多元基金,AA1,TWD,11.82
201506,80892778,華頓中小型基金,AA1,TWD,21.13
201506,80894446,台新中國通基金,AA1,TWD,29.68
201506,81580149,新光國家建設基金,AA1,TWD,23.62
201506,81581724,統一經建基金,AA1,TWD,35.07
201506,81584335,元大寶來高科技基金,AA1,TWD,12.91
201506,81584975,日盛上選基金,AA1,TWD,22.35
201506,81584996,兆豐國際中小基金,AA1,TWD,13.0
201506,81585242,新光創新科技基金,AA1,TWD,15.06
201506,81585475,富邦高成長基金,AA1,TWD,20.1
201506,81587889,復華復華基金,AA1,TWD,14.75
201506,81588536,台新台灣中小基金,AA1,TWD,24.12
201506,81591434,群益長安基金,AA1,TWD,21.18
201506,81594690,永豐永豐基金,AA1,TWD,32.0
201506,81595924,瀚亞中小型股基金,AA1,TWD,16.85
201506,83863951,元大寶來經貿基金,AA1,TWD,30.0
201506,83864683,富邦科技基金,AA1,TWD,19.75
201506,83866508,保德信中小型股基金,AA1,TWD,36.72
201506,92001765,元大寶來多多基金,AA1,TWD,16.99
201506,92002244,統一黑馬基金,AA1,TWD,45.19
201506,92002384,富邦精準基金,AA1,TWD,44.81
201506,92003102,瀚亞高科技基金,AA1,TWD,49.06
201506,92004566,元大寶來績效基金,AA1,TWD,39.69
201506,92010477,富邦長紅基金,AA1,TWD,49.98
201506,92010770,富邦台灣鳳凰基金,AA1,TWD,653.14
201506,92012025,摩根新興科技基金,AA1,TWD,43.65
201506,92012572,瀚亞外銷基金,AA1,TWD,31.36
201506,92012762,統一龍馬基金,AA1,TWD,54.65
201506,92013967,保德信金滿意基金,AA1,TWD,37.08
201506,92016839,華南永昌前瞻科技基金,AA1,TWD,13.7
201506,92017794,匯豐龍騰電子基金,AA1,TWD,28.44
201506,92019786,景順潛力基金,AA1,TWD,32.74
201506,92026219,元大寶來卓越基金,AA1,TWD,42.83
201506,92028997,群益中小型股基金,AA1,TWD,34.19
201506,94991068,日盛新台商基金,AA1,TWD,26.16
201506,97972846,德信大發基金,AA1,TWD,26.47
201506,97977878,統一中小基金,AA1,TWD,20.21
201506,97984293,群益馬拉松基金,AA1,TWD,97.79
201506,97988636,保德信店頭市場基金,AA1,TWD,29.4
201506,97990696,瀚亞菁華基金,AA1,TWD,17.16
201506,97995664,匯豐中小基金,AA1,TWD,9.5
201506,97997635,聯博大利基金,AA1,TWD,32.35
201506,99973878,野村台灣高股息基金,AA1,TWD,19.63
201509,00965469,兆豐國際第一基金,AA1,TWD,11.56
201509,00968493,野村鴻運基金,AA1,TWD,16.07
201509,00973762,華南永昌永昌基金,AA1,TWD,12.78
201509,00974018,富邦基金,AA1,TWD,9.18
201509,00974039,摩根台灣基金,AA1,TWD,9.87
201509,00974066,元大寶來2001基金,AA1,TWD,50.88
201509,00974241,新光台灣富貴基金,AA1,TWD,19.05
201509,00988316,野村台灣運籌基金,AA1,TWD,25.07
201509,01031298,匯豐龍鳳基金,AA1,TWD,38.11
201509,01031564,野村積極成長基金,AA1,TWD,9.79
201509,01031699,統一全天候基金,AA1,TWD,70.43
201509,01031874,國泰小龍基金,AA1,TWD,13.01
201509,01032058,元大寶來多福基金,AA1,TWD,48.72
201509,01032162,摩根台灣增長基金,AA1,TWD,39.92
201509,01032183,保德信高成長基金,AA1,TWD,68.4
201509,01050148,兆豐國際國民基金,AA1,TWD,20.56
201509,10341251,未來資產台灣新趨勢基金,AA1,TWD,12.82
201509,10341837,兆豐國際豐台灣基金,AA1,TWD,26.27
201509,13528977,保德信台商全方位基金,AA1,TWD,26.51
201509,13539952,凱基開創基金,AA1,TWD,17.66
201509,13984165,富達台灣成長基金,AA1,TWD,22.84
201509,13986924,新光大三通基金,AA1,TWD,16.42
201509,13998344,永豐中小基金,AA1,TWD,34.01
201509,14542287,元大寶來精準中小基金,AA1,TWD,17.64
201509,14545897,德銀遠東DWS科技基金,AA1,TWD,13.95
201509,14694495,華頓台灣基金,AA1,TWD,16.53
201509,14705562,國泰科技生化基金,AA1,TWD,26.53
201509,15733973,富蘭克林華美第一富基金,AA1,TWD,27.28
201509,15739619,第一金大中華基金,AA1,TWD,18.65
201509,17139204,元大寶來新主流基金,AA1,TWD,18.59
201509,17140568,景順主流基金,AA1,TWD,16.07
201509,17144889,宏利台灣動力基金,AA1,TWD,20.44
201509,17144945,摩根價值成長基金,AA1,TWD,15.5
201509,17146752,野村成長基金,AA1,TWD,23.33
201509,17147078,日盛精選五虎基金,AA1,TWD,27.55
201509,17148301,富邦台灣心基金,AA1,TWD,15.34
201509,17152509,永豐高科技基金,AA1,TWD,14.56
201509,17597236,聯邦精選科技基金,AA1,TWD,7.94
201509,17597600,未來資產阿波羅基金,AA1,TWD,7.8
201509,17600534,野村高科技基金,AA1,TWD,7.0
201509,17602625,保德信新世紀基金,AA1,TWD,8.57
201509,17602821,台新2000高科技基金,AA1,TWD,22.52
201509,17603899,瀚亞電通網基金,AA1,TWD,10.43
201509,17604124,德盛台灣大壩基金,AA1,TWD,15.5
201509,17605622,統一大滿貫基金,AA1,TWD,22.29
201509,17607591,日盛高科技基金,AA1,TWD,10.06
201509,17608487,復華數位經濟基金,AA1,TWD,31.36
201509,17612497,國泰國泰基金,AA1,TWD,17.54
201509,18031960,國泰高科技基金,AA1,TWD,8.77
201509,18033138,德信數位時代基金,AA1,TWD,22.17
201509,18036281,元大寶來巴菲特基金,AA1,TWD,21.19
201509,18037937,野村ｅ科技基金,AA1,TWD,13.7
201509,18043059,國泰中小成長基金,AA1,TWD,37.06
201509,18480065,德盛科技大壩基金,AA1,TWD,20.5
201509,18488279,復華中小精選基金,AA1,TWD,37.54
201509,18488469,野村中小基金,AA1,TWD,33.15
201509,18496290,聯邦中國龍基金,AA1,TWD,16.69
201509,18499732,德銀遠東DWS台灣旗艦基金,AA1,TWD,16.07
201509,19291128,國泰大中華基金,AA1,TWD,16.88
201509,19330712,貝萊德寶利基金,AA1,TWD,16.19
201509,19330754,野村優質基金,AA1,TWD,27.96
201509,19339782,群益創新科技基金,AA1,TWD,22.65
201509,19341318,第一金電子基金,AA1,TWD,21.42
201509,20080023,元大寶來店頭基金,AA1,TWD,6.59
201509,20081352,群益店頭市場基金,AA1,TWD,61.88
201509,20084317,日盛日盛基金,AA1,TWD,9.62
201509,20089755,富邦精銳中小基金,AA1,TWD,9.71
201509,20092528,第一金店頭市場基金,AA1,TWD,7.34
201509,20094820,柏瑞巨人基金,AA1,TWD,9.89
201509,20097447,保德信第一基金,AA1,TWD,19.67
201509,21759676,復華全方位基金,AA1,TWD,17.06
201509,25612029,凱基台灣精五門基金,AA1,TWD,18.47
201509,25636367,摩根台灣金磚基金,AA1,TWD,16.08
201509,26202396,第一金創新趨勢基金,AA1,TWD,14.76
201509,26273336,日盛MIT主流基金,AA1,TWD,11.24
201509,26288534,德信台灣主流中小基金,AA1,TWD,13.54
201509,26310297,富蘭克林華美台股傘型基金之高科技基金,AA1,TWD,14.28
201509,26310310,富蘭克林華美台股傘型基金之傳產基金,AA1,TWD,15.94
201509,26320632,合庫台灣基金,AA1,TWD,10.48
201509,31837449,國泰價值卓越基金,AA1,TWD,11.27
201509,42298518,華南永昌物聯網精選基金,AA1,TWD,9.2
201509,48675778,群益奧斯卡基金,AA1,TWD,18.59
201509,48749899,群益葛萊美基金,AA1,TWD,16.76
201509,48809501,中國信託台灣優勢基金,AA1,TWD,12.92
201509,48858663,台新主流基金,AA1,TWD,15.57
201509,48893417,中國信託台灣活力基金,AA1,TWD,8.78
201509,48934304,統一台灣動力基金,AA1,TWD,11.93
201509,48948481,日盛首選基金,AA1,TWD,10.43
201509,48948623,國泰台灣計量基金,AA1,TWD,11.51
201509,48948834,施羅德樂活中小基金-A類型,AA1,TWD,15.23
201509,48997911,德盛安聯台灣智慧趨勢基金,AA1,TWD,17.04
201509,73982057,宏利臺灣高股息基金,AA1,TWD,20.26
201509,73987671,匯豐台灣精典基金,AA1,TWD,17.98
201509,73988876,日盛小而美基金,AA1,TWD,14.65
201509,73989002,第一金小型精選基金,AA1,TWD,25.51
201509,73989256,景順台灣科技基金,AA1,TWD,24.94
201509,73989501,摩根中小基金,AA1,TWD,20.81
201509,73990253,統一奔騰基金,AA1,TWD,39.02
201509,73990649,保德信科技島基金,AA1,TWD,17.06
201509,73991751,兆豐國際電子基金,AA1,TWD,19.08
201509,73992013,永豐領航科技基金,AA1,TWD,21.44
201509,73998071,新光店頭基金,AA1,TWD,20.01
201509,73998086,復華高成長基金,AA1,TWD,38.13
201509,76941376,匯豐成功基金,AA1,TWD,31.64
201509,77537493,統一統信基金,AA1,TWD,23.62
201509,77537509,元大寶來多元基金,AA1,TWD,10.63
201509,80892778,華頓中小型基金,AA1,TWD,18.84
201509,80894446,台新中國通基金,AA1,TWD,27.86
201509,81580149,新光國家建設基金,AA1,TWD,21.17
201509,81581724,統一經建基金,AA1,TWD,30.48
201509,81584335,元大寶來高科技基金,AA1,TWD,11.88
201509,81584975,日盛上選基金,AA1,TWD,19.23
201509,81584996,兆豐國際中小基金,AA1,TWD,12.08
201509,81585242,新光創新科技基金,AA1,TWD,13.68
201509,81585475,富邦高成長基金,AA1,TWD,17.53
201509,81587889,復華復華基金,AA1,TWD,12.62
201509,81588536,台新台灣中小基金,AA1,TWD,23.31
201509,81591434,群益長安基金,AA1,TWD,18.62
201509,81594690,永豐永豐基金,AA1,TWD,27.63
201509,81595924,瀚亞中小型股基金,AA1,TWD,14.62
201509,83863951,元大寶來經貿基金,AA1,TWD,27.55
201509,83864683,富邦科技基金,AA1,TWD,16.92
201509,83866508,保德信中小型股基金,AA1,TWD,33.09
201509,92001765,元大寶來多多基金,AA1,TWD,15.22
201509,92002244,統一黑馬基金,AA1,TWD,38.92
201509,92002384,富邦精準基金,AA1,TWD,38.36
201509,92003102,瀚亞高科技基金,AA1,TWD,42.67
201509,92004566,元大寶來績效基金,AA1,TWD,35.51
201509,92010477,富邦長紅基金,AA1,TWD,45.71
201509,92010770,富邦台灣鳳凰基金,AA1,TWD,597.8
201509,92012025,摩根新興科技基金,AA1,TWD,38.93
201509,92012572,瀚亞外銷基金,AA1,TWD,28.57
201509,92012762,統一龍馬基金,AA1,TWD,46.65
201509,92013967,保德信金滿意基金,AA1,TWD,33.31
201509,92016839,華南永昌前瞻科技基金,AA1,TWD,12.44
201509,92017794,匯豐龍騰電子基金,AA1,TWD,25.51
201509,92019786,景順潛力基金,AA1,TWD,29.72
201509,92026219,元大寶來卓越基金,AA1,TWD,38.14
201509,92028997,群益中小型股基金,AA1,TWD,29.49
201509,94991068,日盛新台商基金,AA1,TWD,23.98
201509,97972846,德信大發基金,AA1,TWD,23.63
201509,97977878,統一中小基金,AA1,TWD,17.52
201509,97984293,群益馬拉松基金,AA1,TWD,85.98
201509,97988636,保德信店頭市場基金,AA1,TWD,25.26
201509,97990696,瀚亞菁華基金,AA1,TWD,15.47
201509,97995664,匯豐中小基金,AA1,TWD,8.69
201509,97997635,聯博大利基金,AA1,TWD,29.1
201509,99973878,野村台灣高股息基金,AA1,TWD,16.35
201512,00965469,兆豐國際第一基金,AA1,TWD,11.71
201512,00968493,野村鴻運基金,AA1,TWD,16.03
201512,00973762,華南永昌永昌基金,AA1,TWD,12.54
201512,00974018,富邦基金,AA1,TWD,9.24
201512,00974039,摩根台灣基金,AA1,TWD,9.85
201512,00974066,元大2001基金,AA1,TWD,51.21
201512,00974241,新光台灣富貴基金,AA1,TWD,19.21
201512,00988316,野村台灣運籌基金,AA1,TWD,25.11
201512,01031298,匯豐龍鳳基金,AA1,TWD,37.61
201512,01031564,野村積極成長基金,AA1,TWD,9.93
201512,01031699,統一全天候基金,AA1,TWD,71.99
201512,01031874,國泰小龍基金,AA1,TWD,12.76
201512,01032058,元大多福基金,AA1,TWD,49.95
201512,01032162,摩根台灣增長基金,AA1,TWD,39.94
201512,01032183,保德信高成長基金,AA1,TWD,69.06
201512,01050148,兆豐國際國民基金,AA1,TWD,20.64
201512,10341251,未來資產台灣新趨勢基金,AA1,TWD,13.01
201512,10341837,兆豐國際豐台灣基金,AA1,TWD,26.56
201512,13528977,保德信台商全方位基金,AA1,TWD,27.37
201512,13539952,凱基開創基金,AA1,TWD,17.98
201512,13984165,富達台灣成長基金,AA1,TWD,23.28
201512,13986924,新光大三通基金,AA1,TWD,16.8
201512,13998344,永豐中小基金,AA1,TWD,36.23
201512,14542287,元大精準中小基金,AA1,TWD,17.39
201512,14545897,德銀遠東DWS科技基金,AA1,TWD,13.78
201512,14694495,華頓台灣基金,AA1,TWD,16.83
201512,14705562,國泰科技生化基金,AA1,TWD,26.72
201512,15733973,富蘭克林華美第一富基金,AA1,TWD,28.36
201512,15739619,第一金大中華基金,AA1,TWD,18.74
201512,17139204,元大新主流基金,AA1,TWD,18.64
201512,17140568,景順主流基金,AA1,TWD,15.77
201512,17144889,宏利台灣動力基金,AA1,TWD,21.32
201512,17144945,摩根價值成長基金,AA1,TWD,15.55
201512,17146752,野村成長基金,AA1,TWD,23.66
201512,17147078,日盛精選五虎基金,AA1,TWD,28.1
201512,17148301,富邦台灣心基金,AA1,TWD,15.36
201512,17152509,永豐高科技基金,AA1,TWD,15.1
201512,17597236,聯邦精選科技基金,AA1,TWD,7.84
201512,17597600,未來資產阿波羅基金,AA1,TWD,7.76
201512,17600534,野村高科技基金,AA1,TWD,7.08
201512,17602625,保德信新世紀基金,AA1,TWD,8.38
201512,17602821,台新2000高科技基金,AA1,TWD,23.15
201512,17603899,瀚亞電通網基金,AA1,TWD,11.14
201512,17604124,安聯台灣大壩基金,AA1,TWD,15.71
201512,17605622,統一大滿貫基金,AA1,TWD,22.83
201512,17607591,日盛高科技基金,AA1,TWD,10.74
201512,17608487,復華數位經濟基金,AA1,TWD,31.55
201512,17612497,國泰國泰基金,AA1,TWD,17.76
201512,18031960,國泰高科技基金,AA1,TWD,9.33
201512,18033138,德信數位時代基金,AA1,TWD,23.84
201512,18036281,元大巴菲特基金,AA1,TWD,21.78
201512,18037937,野村ｅ科技基金,AA1,TWD,13.88
201512,18043059,國泰中小成長基金,AA1,TWD,36.7
201512,18480065,安聯台灣科技基金,AA1,TWD,22.88
201512,18488279,復華中小精選基金,AA1,TWD,38.75
201512,18488469,野村中小基金,AA1,TWD,33.94
201512,18496290,聯邦中國龍基金,AA1,TWD,17.82
201512,18499732,德銀遠東DWS台灣旗艦基金,AA1,TWD,15.93
201512,19291128,國泰大中華基金,AA1,TWD,16.72
201512,19330712,貝萊德寶利基金,AA1,TWD,16.8
201512,19330754,野村優質基金,AA1,TWD,27.38
201512,19339782,群益創新科技基金,AA1,TWD,23.25
201512,19341318,第一金電子基金,AA1,TWD,21.55
201512,20080023,元大店頭基金,AA1,TWD,6.92
201512,20081352,群益店頭市場基金,AA1,TWD,64.55
201512,20084317,日盛日盛基金,AA1,TWD,9.71
201512,20089755,富邦精銳中小基金,AA1,TWD,9.54
201512,20092528,第一金店頭市場基金,AA1,TWD,7.96
201512,20094820,柏瑞巨人基金,AA1,TWD,9.76
201512,20097447,保德信第一基金,AA1,TWD,19.71
201512,21759676,復華全方位基金,AA1,TWD,17.64
201512,25612029,凱基台灣精五門基金,AA1,TWD,18.55
201512,25636367,摩根台灣金磚基金,AA1,TWD,16.25
201512,26202396,第一金創新趨勢基金,AA1,TWD,15.12
201512,26273336,日盛MIT主流基金,AA1,TWD,11.64
201512,26288534,德信台灣主流中小基金,AA1,TWD,14.86
201512,26310297,富蘭克林華美台股傘型基金之高科技基金,AA1,TWD,14.74
201512,26310310,富蘭克林華美台股傘型基金之傳產基金,AA1,TWD,16.24
201512,26320632,合庫台灣基金,AA1,TWD,10.29
201512,31837449,國泰價值卓越基金,AA1,TWD,11.25
201512,42298518,華南永昌物聯網精選基金,AA1,TWD,8.76
201512,48675778,群益奧斯卡基金,AA1,TWD,19.74
201512,48749899,群益葛萊美基金,AA1,TWD,17.2
201512,48809501,中國信託台灣優勢基金,AA1,TWD,13.32
201512,48858663,台新主流基金,AA1,TWD,15.98
201512,48893417,中國信託台灣活力基金,AA1,TWD,9.24
201512,48934304,統一台灣動力基金,AA1,TWD,12.07
201512,48948481,日盛首選基金,AA1,TWD,10.91
201512,48948623,國泰台灣計量基金,AA1,TWD,11.34
201512,48948834,施羅德樂活中小基金-A類型,AA1,TWD,15.17
201512,48997911,安聯台灣智慧基金,AA1,TWD,17.86
201512,73982057,宏利臺灣高股息基金,AA1,TWD,20.13
201512,73987671,匯豐台灣精典基金,AA1,TWD,17.72
201512,73988876,日盛小而美基金,AA1,TWD,15.77
201512,73989002,第一金小型精選基金,AA1,TWD,26.16
201512,73989256,景順台灣科技基金,AA1,TWD,25.16
201512,73989501,摩根中小基金,AA1,TWD,20.93
201512,73990253,統一奔騰基金,AA1,TWD,40.68
201512,73990649,保德信科技島基金,AA1,TWD,17.67
201512,73991751,兆豐國際電子基金,AA1,TWD,20.03
201512,73992013,永豐領航科技基金,AA1,TWD,23.41
201512,73998071,新光店頭基金,AA1,TWD,20.65
201512,73998086,復華高成長基金,AA1,TWD,38.87
201512,76941376,匯豐成功基金,AA1,TWD,31.22
201512,77537493,統一統信基金,AA1,TWD,24.01
201512,80892778,華頓中小型基金,AA1,TWD,18.43
201512,80894446,台新中國通基金,AA1,TWD,30.23
201512,81580149,新光國家建設基金,AA1,TWD,21.77
201512,81581724,統一經建基金,AA1,TWD,31.5
201512,81584335,元大高科技基金,AA1,TWD,11.93
201512,81584975,日盛上選基金,AA1,TWD,20.03
201512,81584996,兆豐國際中小基金,AA1,TWD,12.29
201512,81585242,新光創新科技基金,AA1,TWD,14.17
201512,81585475,富邦高成長基金,AA1,TWD,17.38
201512,81587889,復華復華基金,AA1,TWD,13.1
201512,81588536,台新台灣中小基金,AA1,TWD,25.46
201512,81591434,群益長安基金,AA1,TWD,18.63
201512,81594690,永豐永豐基金,AA1,TWD,27.79
201512,81595924,瀚亞中小型股基金,AA1,TWD,15.24
201512,83863951,元大經貿基金,AA1,TWD,27.51
201512,83864683,富邦科技基金,AA1,TWD,17.16
201512,83866508,保德信中小型股基金,AA1,TWD,34.76
201512,92001765,元大多多基金,AA1,TWD,15.29
201512,92002244,統一黑馬基金,AA1,TWD,40.77
201512,92002384,富邦精準基金,AA1,TWD,37.59
201512,92003102,瀚亞高科技基金,AA1,TWD,45.53
201512,92004566,元大績效基金,AA1,TWD,35.7
201512,92010477,富邦長紅基金,AA1,TWD,46.25
201512,92010770,富邦台灣鳳凰基金,AA1,TWD,601.24
201512,92012025,摩根新興科技基金,AA1,TWD,41.34
201512,92012572,瀚亞外銷基金,AA1,TWD,28.76
201512,92012762,統一龍馬基金,AA1,TWD,47.93
201512,92013967,保德信金滿意基金,AA1,TWD,32.97
201512,92016839,華南永昌前瞻科技基金,AA1,TWD,12.17
201512,92017794,匯豐龍騰電子基金,AA1,TWD,25.82
201512,92019786,景順潛力基金,AA1,TWD,29.15
201512,92026219,元大卓越基金,AA1,TWD,38.43
201512,92028997,群益中小型股基金,AA1,TWD,31.25
201512,94991068,日盛新台商基金,AA1,TWD,25.14
201512,97972846,德信大發基金,AA1,TWD,24.8
201512,97977878,統一中小基金,AA1,TWD,18.02
201512,97984293,群益馬拉松基金,AA1,TWD,84.85
201512,97988636,保德信店頭市場基金,AA1,TWD,26.29
201512,97990696,瀚亞菁華基金,AA1,TWD,15.36
201512,97995664,匯豐中小基金,AA1,TWD,8.69
201512,97997635,聯博大利基金,AA1,TWD,28.61
201512,99973878,野村台灣高股息基金,AA1,TWD,17.86
201603,00965469,兆豐國際第一基金,AA1,TWD,11.76
201603,00968493,野村鴻運基金,AA1,TWD,15.89
201603,00973762,華南永昌永昌基金,AA1,TWD,12.69
201603,00974018,富邦基金,AA1,TWD,9.73
201603,00974039,摩根台灣基金,AA1,TWD,10.48
201603,00974066,元大2001基金,AA1,TWD,52.64
201603,00974241,新光台灣富貴基金,AA1,TWD,20.26
201603,00988316,野村台灣運籌基金,AA1,TWD,25.84
201603,01031298,匯豐龍鳳基金,AA1,TWD,38.76
201603,01031564,野村積極成長基金,AA1,TWD,10.22
201603,01031699,統一全天候基金,AA1,TWD,73.17
201603,01031874,國泰小龍基金,AA1,TWD,13.09
201603,01032058,元大多福基金,AA1,TWD,50.71
201603,01032162,摩根台灣增長基金,AA1,TWD,41.97
201603,01032183,保德信高成長基金,AA1,TWD,73.82
201603,01050148,兆豐國際國民基金,AA1,TWD,20.33
201603,10341251,未來資產台灣新趨勢基金,AA1,TWD,13.22
201603,10341837,兆豐國際豐台灣基金,AA1,TWD,26.67
201603,13528977,保德信台商全方位基金,AA1,TWD,29.7
201603,13539952,凱基開創基金,AA1,TWD,19.09
201603,13984165,富達台灣成長基金,AA1,TWD,23.9
201603,13986924,新光大三通基金,AA1,TWD,17.45
201603,13998344,永豐中小基金,AA1,TWD,37.71
201603,14542287,元大精準中小基金,AA1,TWD,18.44
201603,14545897,德銀遠東DWS科技基金,AA1,TWD,14.23
201603,14694495,華頓台灣基金,AA1,TWD,17.41
201603,14705562,國泰科技生化基金,AA1,TWD,27.77
201603,15733973,富蘭克林華美第一富基金,AA1,TWD,28.58
201603,15739619,第一金大中華基金,AA1,TWD,18.57
201603,17139204,元大新主流基金,AA1,TWD,19.76
201603,17140568,景順主流基金,AA1,TWD,16.17
201603,17144889,宏利台灣動力基金,AA1,TWD,21.94
201603,17144945,摩根價值成長基金,AA1,TWD,16.76
201603,17146752,野村成長基金,AA1,TWD,24.38
201603,17147078,日盛精選五虎基金,AA1,TWD,27.89
201603,17148301,富邦台灣心基金,AA1,TWD,16.05
201603,17152509,永豐高科技基金,AA1,TWD,15.83
201603,17597236,聯邦精選科技基金,AA1,TWD,8.42
201603,17597600,未來資產阿波羅基金,AA1,TWD,8.01
201603,17600534,野村高科技基金,AA1,TWD,7.57
201603,17602625,保德信新世紀基金,AA1,TWD,8.59
201603,17602821,台新2000高科技基金,AA1,TWD,24.33
201603,17603899,瀚亞電通網基金,AA1,TWD,11.33
201603,17604124,安聯台灣大壩基金,AA1,TWD,16.41
201603,17605622,統一大滿貫基金,AA1,TWD,23.36
201603,17607591,日盛高科技基金,AA1,TWD,11.57
201603,17608487,復華數位經濟基金,AA1,TWD,34.0
201603,17612497,國泰國泰基金,AA1,TWD,18.13
201603,18031960,國泰高科技基金,AA1,TWD,9.83
201603,18033138,德信數位時代基金,AA1,TWD,26.41
201603,18036281,元大巴菲特基金,AA1,TWD,23.26
201603,18037937,野村ｅ科技基金,AA1,TWD,14.81
201603,18043059,國泰中小成長基金,AA1,TWD,37.56
201603,18480065,安聯台灣科技基金,AA1,TWD,25.51
201603,18488279,復華中小精選基金,AA1,TWD,42.85
201603,18488469,野村中小基金,AA1,TWD,34.66
201603,18496290,聯邦中國龍基金,AA1,TWD,17.61
201603,18499732,德銀遠東DWS台灣旗艦基金,AA1,TWD,16.36
201603,19291128,國泰大中華基金,AA1,TWD,16.86
201603,19330712,貝萊德寶利基金,AA1,TWD,17.47
201603,19330754,野村優質基金,AA1,TWD,28.46
201603,19339782,群益創新科技基金,AA1,TWD,24.6
201603,19341318,第一金電子基金,AA1,TWD,22.77
201603,20080023,元大店頭基金,AA1,TWD,7.54
201603,20081352,群益店頭市場基金,AA1,TWD,69.23
201603,20084317,日盛日盛基金,AA1,TWD,9.69
201603,20089755,富邦精銳中小基金,AA1,TWD,9.42
201603,20092528,第一金店頭市場基金,AA1,TWD,8.06
201603,20094820,柏瑞巨人基金,AA1,TWD,10.09
201603,20097447,保德信第一基金,AA1,TWD,21.69
201603,21759676,復華全方位基金,AA1,TWD,19.44
201603,25612029,凱基台灣精五門基金,AA1,TWD,19.26
201603,25636367,摩根台灣金磚基金,AA1,TWD,17.51
201603,26202396,第一金創新趨勢基金,AA1,TWD,15.82
201603,26273336,日盛MIT主流基金,AA1,TWD,12.78
201603,26288534,德信台灣主流中小基金,AA1,TWD,16.42
201603,26310297,富蘭克林華美台股傘型基金之高科技基金,AA1,TWD,14.83
201603,26310310,富蘭克林華美台股傘型基金之傳產基金,AA1,TWD,16.44
201603,26320632,合庫台灣基金,AA1,TWD,10.16
201603,31837449,國泰價值卓越基金,AA1,TWD,11.53
201603,42298518,華南永昌物聯網精選基金,AA1,TWD,8.92
201603,48675778,群益奧斯卡基金,AA1,TWD,21.2
201603,48749899,群益葛萊美基金,AA1,TWD,18.04
201603,48809501,中國信託台灣優勢基金,AA1,TWD,12.81
201603,48858663,台新主流基金,AA1,TWD,16.53
201603,48893417,中國信託台灣活力基金,AA1,TWD,9.59
201603,48934304,統一台灣動力基金,AA1,TWD,12.06
201603,48948481,日盛首選基金,AA1,TWD,11.61
201603,48948623,國泰台灣計量基金,AA1,TWD,11.79
201603,48948834,施羅德樂活中小基金-A類型,AA1,TWD,15.64
201603,48997911,安聯台灣智慧基金,AA1,TWD,19.2
201603,73982057,宏利臺灣高股息基金,AA1,TWD,20.48
201603,73987671,匯豐台灣精典基金,AA1,TWD,18.21
201603,73988876,日盛小而美基金,AA1,TWD,17.58
201603,73989002,第一金小型精選基金,AA1,TWD,25.67
201603,73989256,景順台灣科技基金,AA1,TWD,26.16
201603,73989501,摩根中小基金,AA1,TWD,22.43
201603,73990253,統一奔騰基金,AA1,TWD,42.38
201603,73990649,保德信科技島基金,AA1,TWD,19.08
201603,73991751,兆豐國際電子基金,AA1,TWD,20.25
201603,73992013,永豐領航科技基金,AA1,TWD,24.77
201603,73998071,新光店頭基金,AA1,TWD,21.94
201603,73998086,復華高成長基金,AA1,TWD,42.77
201603,76941376,匯豐成功基金,AA1,TWD,32.52
201603,77537493,統一統信基金,AA1,TWD,24.63
201603,80892778,華頓中小型基金,AA1,TWD,18.89
201603,80894446,台新中國通基金,AA1,TWD,32.75
201603,81580149,新光國家建設基金,AA1,TWD,22.91
201603,81581724,統一經建基金,AA1,TWD,32.37
201603,81584335,元大高科技基金,AA1,TWD,12.38
201603,81584975,日盛上選基金,AA1,TWD,20.52
201603,81584996,兆豐國際中小基金,AA1,TWD,12.39
201603,81585242,新光創新科技基金,AA1,TWD,14.71
201603,81585475,富邦高成長基金,AA1,TWD,17.67
201603,81587889,復華復華基金,AA1,TWD,14.1
201603,81588536,台新台灣中小基金,AA1,TWD,26.88
201603,81591434,群益長安基金,AA1,TWD,19.89
201603,81594690,永豐永豐基金,AA1,TWD,27.79
201603,81595924,瀚亞中小型股基金,AA1,TWD,15.57
201603,83863951,元大經貿基金,AA1,TWD,29.27
201603,83864683,富邦科技基金,AA1,TWD,17.81
201603,83866508,保德信中小型股基金,AA1,TWD,38.02
201603,92001765,元大多多基金,AA1,TWD,16.13
201603,92002244,統一黑馬基金,AA1,TWD,43.06
201603,92002384,富邦精準基金,AA1,TWD,36.7
201603,92003102,瀚亞高科技基金,AA1,TWD,46.18
201603,92004566,元大績效基金,AA1,TWD,37.45
201603,92010477,富邦長紅基金,AA1,TWD,48.64
201603,92010770,富邦台灣鳳凰基金,AA1,TWD,630.84
201603,92012025,摩根新興科技基金,AA1,TWD,42.42
201603,92012572,瀚亞外銷基金,AA1,TWD,28.53
201603,92012762,統一龍馬基金,AA1,TWD,49.0
201603,92013967,保德信金滿意基金,AA1,TWD,33.35
201603,92016839,華南永昌前瞻科技基金,AA1,TWD,12.14
201603,92017794,匯豐龍騰電子基金,AA1,TWD,27.21
201603,92019786,景順潛力基金,AA1,TWD,29.85
201603,92026219,元大卓越基金,AA1,TWD,40.34
201603,92028997,群益中小型股基金,AA1,TWD,33.14
201603,94991068,日盛新台商基金,AA1,TWD,26.89
201603,97972846,德信大發基金,AA1,TWD,26.42
201603,97977878,統一中小基金,AA1,TWD,17.71
201603,97984293,群益馬拉松基金,AA1,TWD,88.15
201603,97988636,保德信店頭市場基金,AA1,TWD,29.78
201603,97990696,瀚亞菁華基金,AA1,TWD,15.11
201603,97995664,匯豐中小基金,AA1,TWD,8.73
201603,97997635,聯博大利基金,AA1,TWD,29.39
201603,99973878,野村台灣高股息基金,AA1,TWD,17.99
201606,00965469,兆豐國際第一基金,AA1,TWD,11.4
201606,00968493,野村鴻運基金,AA1,TWD,16.52
201606,00973762,華南永昌永昌基金,AA1,TWD,13.23
201606,00974018,富邦基金,AA1,TWD,9.3
201606,00974039,摩根台灣基金,AA1,TWD,10.4
201606,00974066,元大2001基金,AA1,TWD,53.7
201606,00974241,新光台灣富貴基金,AA1,TWD,20.3
201606,00988316,野村台灣運籌基金,AA1,TWD,25.73
201606,01031298,匯豐龍鳳基金,AA1,TWD,39.11
201606,01031564,野村積極成長基金,AA1,TWD,10.22
201606,01031699,統一全天候基金,AA1,TWD,71.16
201606,01031874,國泰小龍基金,AA1,TWD,13.25
201606,01032058,元大多福基金,AA1,TWD,51.18
201606,01032162,摩根台灣增長基金,AA1,TWD,41.64
201606,01032183,保德信高成長基金,AA1,TWD,72.67
201606,01050148,兆豐國際國民基金,AA1,TWD,20.17
201606,10341251,未來資產台灣新趨勢基金,AA1,TWD,12.94
201606,10341837,兆豐國際豐台灣基金,AA1,TWD,26.28
201606,13528977,保德信台商全方位基金,AA1,TWD,29.18
201606,13539952,凱基開創基金,AA1,TWD,19.47
201606,13984165,富達台灣成長基金,AA1,TWD,23.94
201606,13986924,新光大三通基金,AA1,TWD,17.47
201606,13998344,永豐中小基金,AA1,TWD,37.33
201606,14542287,元大精準中小基金,AA1,TWD,18.02
201606,14545897,德銀遠東DWS科技基金,AA1,TWD,13.64
201606,14694495,華頓台灣基金,AA1,TWD,16.94
201606,14705562,國泰科技生化基金,AA1,TWD,27.42
201606,15733973,富蘭克林華美第一富基金,AA1,TWD,29.4
201606,15739619,第一金大中華基金,AA1,TWD,18.14
201606,17139204,元大新主流基金,AA1,TWD,19.49
201606,17140568,景順主流基金,AA1,TWD,15.96
201606,17144889,宏利台灣動力基金,AA1,TWD,22.34
201606,17146752,野村成長基金,AA1,TWD,24.38
201606,17147078,日盛精選五虎基金,AA1,TWD,28.75
201606,17148301,富邦台灣心基金,AA1,TWD,15.35
201606,17152509,永豐高科技基金,AA1,TWD,15.9
201606,17597236,聯邦精選科技基金,AA1,TWD,8.57
201606,17597600,未來資產阿波羅基金,AA1,TWD,7.96
201606,17600534,野村高科技基金,AA1,TWD,7.21
201606,17602625,保德信新世紀基金,AA1,TWD,8.52
201606,17602821,台新2000高科技基金,AA1,TWD,23.44
201606,17603899,瀚亞電通網基金,AA1,TWD,10.96
201606,17604124,安聯台灣大壩基金,AA1,TWD,16.56
201606,17605622,統一大滿貫基金,AA1,TWD,23.6
201606,17607591,日盛高科技基金,AA1,TWD,11.94
201606,17608487,復華數位經濟基金,AA1,TWD,34.01
201606,17612497,國泰國泰基金,AA1,TWD,18.1
201606,18031960,國泰高科技基金,AA1,TWD,9.49
201606,18033138,德信數位時代基金,AA1,TWD,26.86
201606,18036281,元大巴菲特基金,AA1,TWD,23.87
201606,18037937,野村ｅ科技基金,AA1,TWD,14.06
201606,18043059,國泰中小成長基金,AA1,TWD,37.98
201606,18480065,安聯台灣科技基金,AA1,TWD,26.57
201606,18488279,復華中小精選基金,AA1,TWD,43.36
201606,18488469,野村中小基金,AA1,TWD,34.64
201606,18496290,聯邦中國龍基金,AA1,TWD,17.75
201606,18499732,德銀遠東DWS台灣旗艦基金,AA1,TWD,15.76
201606,19291128,國泰大中華基金,AA1,TWD,17.2
201606,19330712,貝萊德寶利基金,AA1,TWD,17.9
201606,19330754,野村優質基金,AA1,TWD,28.22
201606,19339782,群益創新科技基金,AA1,TWD,23.37
201606,19341318,第一金電子基金,AA1,TWD,22.89
201606,20080023,元大店頭基金,AA1,TWD,7.36
201606,20081352,群益店頭市場基金,AA1,TWD,67.54
201606,20084317,日盛日盛基金,AA1,TWD,9.77
201606,20089755,富邦精銳中小基金,AA1,TWD,8.42
201606,20092528,第一金店頭市場基金,AA1,TWD,7.8
201606,20094820,柏瑞巨人基金,AA1,TWD,9.95
201606,20097447,保德信第一基金,AA1,TWD,22.08
201606,21759676,復華全方位基金,AA1,TWD,19.51
201606,25612029,凱基台灣精五門基金,AA1,TWD,19.51
201606,25636367,摩根台灣金磚基金,AA1,TWD,17.16
201606,26202396,第一金創新趨勢基金,AA1,TWD,15.33
201606,26273336,日盛MIT主流基金,AA1,TWD,12.93
201606,26288534,德信台灣主流中小基金,AA1,TWD,16.65
201606,26310297,富蘭克林華美台股傘型基金之高科技基金,AA1,TWD,15.19
201606,26310310,富蘭克林華美台股傘型基金之傳產基金,AA1,TWD,17.04
201606,26320632,合庫台灣基金,AA1,TWD,10.26
201606,31837449,國泰價值卓越基金,AA1,TWD,11.43
201606,42298518,華南永昌物聯網精選基金,AA1,TWD,9.27
201606,48675778,群益奧斯卡基金,AA1,TWD,20.27
201606,48749899,群益葛萊美基金,AA1,TWD,17.87
201606,48809501,中國信託台灣優勢基金,AA1,TWD,13.31
201606,48858663,台新主流基金,AA1,TWD,16.63
201606,48893417,中國信託台灣活力基金,AA1,TWD,10.24
201606,48934304,統一台灣動力基金,AA1,TWD,11.33
201606,48948481,日盛首選基金,AA1,TWD,12.13
201606,48948623,國泰台灣計量基金,AA1,TWD,11.54
201606,48948834,施羅德樂活中小基金-A類型,AA1,TWD,15.28
201606,48997911,安聯台灣智慧基金,AA1,TWD,19.45
201606,73982057,宏利臺灣股息收益基金,AA1,TWD,20.83
201606,73987671,匯豐台灣精典基金,AA1,TWD,18.38
201606,73988876,日盛小而美基金,AA1,TWD,17.69
201606,73989002,第一金小型精選基金,AA1,TWD,25.69
201606,73989256,景順台灣科技基金,AA1,TWD,27.59
201606,73989501,摩根中小基金,AA1,TWD,21.74
201606,73990253,統一奔騰基金,AA1,TWD,41.41
201606,73990649,保德信科技島基金,AA1,TWD,18.56
201606,73991751,兆豐國際電子基金,AA1,TWD,20.28
201606,73992013,永豐領航科技基金,AA1,TWD,25.45
201606,73998071,新光店頭基金,AA1,TWD,21.95
201606,73998086,復華高成長基金,AA1,TWD,43.85
201606,76941376,匯豐成功基金,AA1,TWD,31.65
201606,77537493,統一統信基金,AA1,TWD,24.64
201606,80892778,華頓中小型基金,AA1,TWD,18.67
201606,80894446,台新中國通基金,AA1,TWD,33.42
201606,81580149,新光國家建設基金,AA1,TWD,22.85
201606,81581724,統一經建基金,AA1,TWD,30.96
201606,81584335,元大高科技基金,AA1,TWD,12.16
201606,81584975,日盛上選基金,AA1,TWD,21.58
201606,81584996,兆豐國際中小基金,AA1,TWD,12.38
201606,81585242,新光創新科技基金,AA1,TWD,14.42
201606,81585475,富邦高成長基金,AA1,TWD,16.93
201606,81587889,復華復華基金,AA1,TWD,13.99
201606,81588536,台新台灣中小基金,AA1,TWD,27.56
201606,81591434,群益長安基金,AA1,TWD,19.23
201606,81594690,永豐永豐基金,AA1,TWD,27.15
201606,81595924,瀚亞中小型股基金,AA1,TWD,15.14
201606,83863951,元大經貿基金,AA1,TWD,28.11
201606,83864683,富邦科技基金,AA1,TWD,16.86
201606,83866508,保德信中小型股基金,AA1,TWD,37.35
201606,92001765,元大多多基金,AA1,TWD,16.31
201606,92002244,統一黑馬基金,AA1,TWD,41.82
201606,92002384,富邦精準基金,AA1,TWD,33.27
201606,92003102,瀚亞高科技基金,AA1,TWD,44.47
201606,92004566,元大績效基金,AA1,TWD,37.31
201606,92010477,富邦長紅基金,AA1,TWD,46.13
201606,92010770,富邦台灣鳳凰基金,AA1,TWD,600.86
201606,92012025,摩根新興科技基金,AA1,TWD,43.17
201606,92012572,瀚亞外銷基金,AA1,TWD,28.09
201606,92012762,統一龍馬基金,AA1,TWD,47.03
201606,92013967,保德信金滿意基金,AA1,TWD,33.63
201606,92016839,華南永昌前瞻科技基金,AA1,TWD,12.72
201606,92017794,匯豐龍騰電子基金,AA1,TWD,27.62
201606,92019786,景順潛力基金,AA1,TWD,29.44
201606,92026219,元大卓越基金,AA1,TWD,40.68
201606,92028997,群益中小型股基金,AA1,TWD,33.36
201606,94991068,日盛新台商基金,AA1,TWD,27.46
201606,97972846,德信大發基金,AA1,TWD,27.06
201606,97977878,統一中小基金,AA1,TWD,17.48
201606,97984293,群益馬拉松基金,AA1,TWD,87.43
201606,97988636,保德信店頭市場基金,AA1,TWD,29.21
201606,97990696,瀚亞菁華基金,AA1,TWD,14.97
201606,97995664,匯豐中小基金,AA1,TWD,8.62
201606,97997635,聯博大利基金,AA1,TWD,29.2
201606,99973878,野村台灣高股息基金,AA1,TWD,18.55
201609,00965469,兆豐國際第一基金,AA1,TWD,12.25
201609,00968493,野村鴻運基金,AA1,TWD,18.25
201609,00973762,華南永昌永昌基金,AA1,TWD,14.06
201609,00974018,富邦基金,AA1,TWD,10.05
201609,00974039,摩根台灣基金,AA1,TWD,11.9
201609,00974066,元大2001基金,AA1,TWD,55.69
201609,00974241,新光台灣富貴基金,AA1,TWD,21.9
201609,00988316,野村台灣運籌基金,AA1,TWD,28.63
201609,01031298,匯豐龍鳳基金,AA1,TWD,42.73
201609,01031564,野村積極成長基金,AA1,TWD,11.02
201609,01031699,統一全天候基金,AA1,TWD,80.79
201609,01031874,國泰小龍基金,AA1,TWD,14.15
201609,01032058,元大多福基金,AA1,TWD,52.98
201609,01032162,摩根台灣增長基金,AA1,TWD,45.9
201609,01032183,保德信高成長基金,AA1,TWD,78.77
201609,01050148,兆豐國際國民基金,AA1,TWD,21.38
201609,10341251,未來資產台灣新趨勢基金,AA1,TWD,14.81
201609,10341837,兆豐國際豐台灣基金,AA1,TWD,27.6
201609,13528977,保德信台商全方位基金,AA1,TWD,31.3
201609,13539952,凱基開創基金,AA1,TWD,20.58
201609,13984165,富達台灣成長基金,AA1,TWD,25.77
201609,13986924,新光大三通基金,AA1,TWD,18.95
201609,13998344,永豐中小基金,AA1,TWD,38.75
201609,14542287,元大精準中小基金,AA1,TWD,19.21
201609,14545897,德銀遠東DWS科技基金,AA1,TWD,14.2
201609,14694495,華頓台灣基金,AA1,TWD,17.16
201609,14705562,國泰科技生化基金,AA1,TWD,30.61
201609,15733973,富蘭克林華美第一富基金,AA1,TWD,31.38
201609,15739619,第一金大中華基金,AA1,TWD,19.9
201609,17139204,元大新主流基金,AA1,TWD,20.63
201609,17140568,景順主流基金,AA1,TWD,17.79
201609,17144889,宏利台灣動力基金,AA1,TWD,25.03
201609,17146752,野村成長基金,AA1,TWD,26.25
201609,17147078,日盛精選五虎基金,AA1,TWD,32.03
201609,17148301,富邦台灣心基金,AA1,TWD,16.63
201609,17152509,永豐高科技基金,AA1,TWD,17.67
201609,17597236,聯邦精選科技基金,AA1,TWD,9.3
201609,17597600,未來資產阿波羅基金,AA1,TWD,9.14
201609,17600534,野村高科技基金,AA1,TWD,7.96
201609,17602625,保德信新世紀基金,AA1,TWD,9.16
201609,17602821,台新2000高科技基金,AA1,TWD,26.91
201609,17603899,瀚亞電通網基金,AA1,TWD,11.81
201609,17604124,安聯台灣大壩基金,AA1,TWD,18.69
201609,17605622,統一大滿貫基金,AA1,TWD,25.6
201609,17607591,日盛高科技基金,AA1,TWD,12.56
201609,17608487,復華數位經濟基金,AA1,TWD,36.1
201609,17612497,國泰國泰基金,AA1,TWD,20.37
201609,18031960,國泰高科技基金,AA1,TWD,10.29
201609,18033138,德信數位時代基金,AA1,TWD,27.43
201609,18036281,元大巴菲特基金,AA1,TWD,25.09
201609,18037937,野村ｅ科技基金,AA1,TWD,15.55
201609,18043059,國泰中小成長基金,AA1,TWD,40.47
201609,18480065,安聯台灣科技基金,AA1,TWD,29.41
201609,18488279,復華中小精選基金,AA1,TWD,45.51
201609,18488469,野村中小基金,AA1,TWD,38.91
201609,18496290,聯邦中國龍基金,AA1,TWD,19.08
201609,18499732,德銀遠東DWS台灣旗艦基金,AA1,TWD,16.84
201609,19291128,國泰大中華基金,AA1,TWD,19.34
201609,19330712,貝萊德寶利基金,AA1,TWD,19.67
201609,19330754,野村優質基金,AA1,TWD,31.16
201609,19339782,群益創新科技基金,AA1,TWD,24.86
201609,19341318,第一金電子基金,AA1,TWD,24.52
201609,20080023,元大店頭基金,AA1,TWD,7.68
201609,20081352,群益店頭市場基金,AA1,TWD,75.99
201609,20084317,日盛日盛基金,AA1,TWD,10.59
201609,20089755,富邦精銳中小基金,AA1,TWD,9.3
201609,20092528,第一金店頭市場基金,AA1,TWD,8.05
201609,20094820,柏瑞巨人基金,AA1,TWD,11.04
201609,20097447,保德信第一基金,AA1,TWD,23.24
201609,21759676,復華全方位基金,AA1,TWD,20.83
201609,25612029,凱基台灣精五門基金,AA1,TWD,21.15
201609,25636367,摩根台灣金磚基金,AA1,TWD,19.66
201609,26202396,第一金創新趨勢基金,AA1,TWD,16.69
201609,26273336,日盛MIT主流基金,AA1,TWD,14.32
201609,26288534,德信台灣主流中小基金,AA1,TWD,16.71
201609,26310297,富蘭克林華美台股傘型基金之高科技基金,AA1,TWD,16.68
201609,26310310,富蘭克林華美台股傘型基金之傳產基金,AA1,TWD,18.14
201609,26320632,合庫台灣基金,AA1,TWD,10.81
201609,31837449,國泰價值卓越基金,AA1,TWD,12.16
201609,42298518,華南永昌物聯網精選基金,AA1,TWD,9.91
201609,48675778,群益奧斯卡基金,AA1,TWD,23.15
201609,48749899,群益葛萊美基金,AA1,TWD,19.39
201609,48809501,中國信託台灣優勢基金,AA1,TWD,14.63
201609,48858663,台新主流基金,AA1,TWD,18.72
201609,48893417,中國信託台灣活力基金,AA1,TWD,11.07
201609,48934304,統一台灣動力基金,AA1,TWD,12.72
201609,48948481,日盛首選基金,AA1,TWD,13.23
201609,48948834,施羅德樂活中小基金-A類型,AA1,TWD,16.79
201609,48997911,安聯台灣智慧基金,AA1,TWD,21.54
201609,73982057,宏利臺灣股息收益基金,AA1,TWD,23.16
201609,73987671,匯豐台灣精典基金,AA1,TWD,20.04
201609,73988876,日盛小而美基金,AA1,TWD,19.04
201609,73989002,第一金小型精選基金,AA1,TWD,26.84
201609,73989256,景順台灣科技基金,AA1,TWD,30.01
201609,73989501,摩根中小基金,AA1,TWD,24.92
201609,73990253,統一奔騰基金,AA1,TWD,44.85
201609,73990649,保德信科技島基金,AA1,TWD,20.79
201609,73991751,兆豐國際電子基金,AA1,TWD,21.82
201609,73992013,永豐領航科技基金,AA1,TWD,27.65
201609,73998071,新光店頭基金,AA1,TWD,23.61
201609,73998086,復華高成長基金,AA1,TWD,46.48
201609,76941376,匯豐成功基金,AA1,TWD,33.94
201609,77537493,統一統信基金,AA1,TWD,26.75
201609,80892778,華頓中小型基金,AA1,TWD,20.43
201609,80894446,台新中國通基金,AA1,TWD,36.38
201609,81580149,新光國家建設基金,AA1,TWD,24.54
201609,81581724,統一經建基金,AA1,TWD,33.58
201609,81584335,元大高科技基金,AA1,TWD,12.88
201609,81584975,日盛上選基金,AA1,TWD,22.72
201609,81584996,兆豐國際中小基金,AA1,TWD,13.21
201609,81585242,新光創新科技基金,AA1,TWD,15.43
201609,81585475,富邦高成長基金,AA1,TWD,18.14
201609,81587889,復華復華基金,AA1,TWD,14.89
201609,81588536,台新台灣中小基金,AA1,TWD,28.91
201609,81591434,群益長安基金,AA1,TWD,21.63
201609,81594690,永豐永豐基金,AA1,TWD,29.86
201609,81595924,瀚亞中小型股基金,AA1,TWD,16.33
201609,83863951,元大經貿基金,AA1,TWD,30.19
201609,83864683,富邦科技基金,AA1,TWD,18.68
201609,83866508,保德信中小型股基金,AA1,TWD,40.66
201609,92001765,元大多多基金,AA1,TWD,17.09
201609,92002244,統一黑馬基金,AA1,TWD,45.54
201609,92002384,富邦精準基金,AA1,TWD,37.59
201609,92003102,瀚亞高科技基金,AA1,TWD,47.56
201609,92004566,元大績效基金,AA1,TWD,39.91
201609,92010477,富邦長紅基金,AA1,TWD,49.17
201609,92010770,富邦台灣鳳凰基金,AA1,TWD,639.79
201609,92012025,摩根新興科技基金,AA1,TWD,49.35
201609,92012572,瀚亞外銷基金,AA1,TWD,30.8
201609,92012762,統一龍馬基金,AA1,TWD,51.28
201609,92013967,保德信金滿意基金,AA1,TWD,36.53
201609,92016839,華南永昌前瞻科技基金,AA1,TWD,13.62
201609,92017794,匯豐龍騰電子基金,AA1,TWD,30.49
201609,92019786,景順潛力基金,AA1,TWD,32.85
201609,92026219,元大卓越基金,AA1,TWD,43.22
201609,92028997,群益中小型股基金,AA1,TWD,36.7
201609,94991068,日盛新台商基金,AA1,TWD,29.49
201609,97972846,德信大發基金,AA1,TWD,27.94
201609,97977878,統一中小基金,AA1,TWD,19.88
201609,97984293,群益馬拉松基金,AA1,TWD,96.34
201609,97988636,保德信店頭市場基金,AA1,TWD,31.96
201609,97990696,瀚亞菁華基金,AA1,TWD,16.19
201609,97995664,匯豐中小基金,AA1,TWD,9.66
201609,97997635,聯博大利基金,AA1,TWD,31.42
201609,99973878,野村台灣高股息基金,AA1,TWD,19.83
201612,00965469,兆豐國際第一基金,AA1,TWD,11.33
201612,00968493,野村鴻運基金,AA1,TWD,17.48
201612,00973762,華南永昌永昌基金,AA1,TWD,13.68
201612,00974018,富邦基金,AA1,TWD,9.41
201612,00974039,摩根台灣基金,AA1,TWD,10.88
201612,00974066,元大2001基金,AA1,TWD,52.55
201612,00974241,新光台灣富貴基金,AA1,TWD,20.74
201612,00988316,野村台灣運籌基金,AA1,TWD,27.67
201612,01031298,匯豐龍鳳基金,AA1,TWD,42.63
201612,01031564,野村積極成長基金,AA1,TWD,10.69
201612,01031699,統一全天候基金,AA1,TWD,74.38
201612,01031874,國泰小龍基金,AA1,TWD,13.38
201612,01032058,元大多福基金,AA1,TWD,50.57
201612,01032162,摩根台灣增長基金,AA1,TWD,44.43
201612,01032183,保德信高成長基金,AA1,TWD,74.86
201612,01050148,兆豐國際國民基金,AA1,TWD,20.95
201612,10341251,未來資產台灣新趨勢基金,AA1,TWD,13.44
201612,10341837,兆豐國際豐台灣基金,AA1,TWD,27.6
201612,13528977,保德信台商全方位基金,AA1,TWD,29.07
201612,13539952,凱基開創基金,AA1,TWD,19.5
201612,13984165,富達台灣成長基金,AA1,TWD,25.54
201612,13986924,新光大三通基金,AA1,TWD,17.39
201612,13998344,永豐中小基金,AA1,TWD,37.83
201612,14542287,元大精準中小基金,AA1,TWD,17.49
201612,14545897,德銀遠東DWS科技基金,AA1,TWD,13.33
201612,14694495,華頓台灣基金,AA1,TWD,16.8
201612,14705562,國泰科技生化基金,AA1,TWD,29.42
201612,15733973,富蘭克林華美第一富基金,AA1,TWD,30.5
201612,15739619,第一金大中華基金,AA1,TWD,19.89
201612,17139204,元大新主流基金,AA1,TWD,19.62
201612,17140568,景順主流基金,AA1,TWD,16.66
201612,17144889,宏利台灣動力基金,AA1,TWD,23.25
201612,17146752,野村成長基金,AA1,TWD,25.46
201612,17147078,日盛精選五虎基金,AA1,TWD,29.56
201612,17148301,富邦台灣心基金,AA1,TWD,15.83
201612,17152509,永豐高科技基金,AA1,TWD,15.99
201612,17597236,聯邦精選科技基金,AA1,TWD,8.78
201612,17597600,未來資產阿波羅基金,AA1,TWD,8.27
201612,17600534,野村高科技基金,AA1,TWD,7.47
201612,17602625,保德信新世紀基金,AA1,TWD,9.13
201612,17602821,台新2000高科技基金,AA1,TWD,25.76
201612,17603899,瀚亞電通網基金,AA1,TWD,10.98
201612,17604124,安聯台灣大壩基金,AA1,TWD,17.82
201612,17605622,統一大滿貫基金,AA1,TWD,24.59
201612,17607591,日盛高科技基金,AA1,TWD,11.55
201612,17608487,復華數位經濟基金,AA1,TWD,34.04
201612,17612497,國泰國泰基金,AA1,TWD,19.32
201612,18031960,國泰高科技基金,AA1,TWD,9.88
201612,18033138,德信數位時代基金,AA1,TWD,26.67
201612,18036281,元大巴菲特基金,AA1,TWD,23.91
201612,18037937,野村ｅ科技基金,AA1,TWD,14.59
201612,18043059,國泰中小成長基金,AA1,TWD,37.34
201612,18480065,安聯台灣科技基金,AA1,TWD,29.01
201612,18488279,復華中小精選基金,AA1,TWD,42.71
201612,18488469,野村中小基金,AA1,TWD,35.25
201612,18496290,聯邦中國龍基金,AA1,TWD,18.05
201612,18499732,德銀遠東DWS台灣旗艦基金,AA1,TWD,16.05
201612,19291128,國泰大中華基金,AA1,TWD,18.15
201612,19330712,貝萊德寶利基金,AA1,TWD,19.15
201612,19330754,野村優質基金,AA1,TWD,28.88
201612,19339782,群益創新科技基金,AA1,TWD,23.72
201612,19341318,第一金電子基金,AA1,TWD,23.76
201612,20080023,元大店頭基金,AA1,TWD,7.12
201612,20081352,群益店頭市場基金,AA1,TWD,68.87
201612,20084317,日盛日盛基金,AA1,TWD,9.85
201612,20089755,富邦精銳中小基金,AA1,TWD,8.52
201612,20092528,第一金店頭市場基金,AA1,TWD,7.58
201612,20094820,柏瑞巨人基金,AA1,TWD,10.73
201612,20097447,保德信第一基金,AA1,TWD,22.68
201612,21759676,復華全方位基金,AA1,TWD,19.22
201612,25612029,凱基台灣精五門基金,AA1,TWD,19.62
201612,25636367,摩根台灣金磚基金,AA1,TWD,17.92
201612,26202396,第一金創新趨勢基金,AA1,TWD,16.04
201612,26273336,日盛MIT主流基金,AA1,TWD,13.12
201612,26288534,德信台灣主流中小基金,AA1,TWD,15.72
201612,26310297,富蘭克林華美台股傘型基金之高科技基金,AA1,TWD,16.04
201612,26310310,富蘭克林華美台股傘型基金之傳產基金,AA1,TWD,17.41
201612,26320632,合庫台灣基金,AA1,TWD,10.29
201612,31837449,國泰價值卓越基金,AA1,TWD,11.32
201612,42298518,華南永昌物聯網精選基金,AA1,TWD,9.65
201612,48675778,群益奧斯卡基金,AA1,TWD,20.96
201612,48749899,群益葛萊美基金,AA1,TWD,17.61
201612,48809501,中國信託台灣優勢基金,AA1,TWD,14.14
201612,48858663,台新主流基金,AA1,TWD,18.78
201612,48893417,中國信託台灣活力基金,AA1,TWD,10.58
201612,48934304,統一台灣動力基金,AA1,TWD,11.58
201612,48948481,日盛首選基金,AA1,TWD,12.3
201612,48948834,施羅德樂活中小基金-A類型,AA1,TWD,15.56
201612,48997911,安聯台灣智慧基金,AA1,TWD,20.29
201612,73982057,宏利臺灣股息收益基金,AA1,TWD,22.6
201612,73987671,匯豐台灣精典基金,AA1,TWD,19.99
201612,73988876,日盛小而美基金,AA1,TWD,17.57
201612,73989002,第一金小型精選基金,AA1,TWD,25.21
201612,73989256,景順台灣科技基金,AA1,TWD,28.23
201612,73989501,摩根中小基金,AA1,TWD,22.27
201612,73990253,統一奔騰基金,AA1,TWD,40.87
201612,73990649,保德信科技島基金,AA1,TWD,20.13
201612,73991751,兆豐國際電子基金,AA1,TWD,20.33
201612,73992013,永豐領航科技基金,AA1,TWD,26.05
201612,73998071,新光店頭基金,AA1,TWD,21.18
201612,73998086,復華高成長基金,AA1,TWD,43.87
201612,76941376,匯豐成功基金,AA1,TWD,34.54
201612,77537493,統一統信基金,AA1,TWD,24.62
201612,80892778,華頓中小型基金,AA1,TWD,18.74
201612,80894446,台新中國通基金,AA1,TWD,35.22
201612,81580149,新光國家建設基金,AA1,TWD,22.88
201612,81581724,統一經建基金,AA1,TWD,31.67
201612,81584335,元大高科技基金,AA1,TWD,12.2
201612,81584975,日盛上選基金,AA1,TWD,21.23
201612,81584996,兆豐國際中小基金,AA1,TWD,12.51
201612,81585242,新光創新科技基金,AA1,TWD,14.31
201612,81585475,富邦高成長基金,AA1,TWD,17.74
201612,81587889,復華復華基金,AA1,TWD,13.89
201612,81588536,台新台灣中小基金,AA1,TWD,27.92
201612,81591434,群益長安基金,AA1,TWD,19.92
201612,81594690,永豐永豐基金,AA1,TWD,27.8
201612,81595924,瀚亞中小型股基金,AA1,TWD,15.26
201612,83863951,元大經貿基金,AA1,TWD,27.66
201612,83864683,富邦科技基金,AA1,TWD,17.66
201612,83866508,保德信中小型股基金,AA1,TWD,37.73
201612,92001765,元大多多基金,AA1,TWD,16.57
201612,92002244,統一黑馬基金,AA1,TWD,41.7
201612,92002384,富邦精準基金,AA1,TWD,35.08
201612,92003102,瀚亞高科技基金,AA1,TWD,44.38
201612,92004566,元大績效基金,AA1,TWD,36.85
201612,92010477,富邦長紅基金,AA1,TWD,48.03
201612,92012025,摩根新興科技基金,AA1,TWD,47.27
201612,92012572,瀚亞外銷基金,AA1,TWD,28.97
201612,92012762,統一龍馬基金,AA1,TWD,48.43
201612,92013967,保德信金滿意基金,AA1,TWD,35.15
201612,92017794,匯豐龍騰電子基金,AA1,TWD,29.36
201612,92019786,景順潛力基金,AA1,TWD,30.75
201612,92026219,元大卓越基金,AA1,TWD,41.29
201612,92028997,群益中小型股基金,AA1,TWD,32.24
201612,94991068,日盛新台商基金,AA1,TWD,28.21
201612,97972846,德信大發基金,AA1,TWD,26.96
201612,97977878,統一中小基金,AA1,TWD,18.65
201612,97984293,群益馬拉松基金,AA1,TWD,89.69
201612,97988636,保德信店頭市場基金,AA1,TWD,30.54
201612,97990696,瀚亞菁華基金,AA1,TWD,15.37
201612,97995664,匯豐中小基金,AA1,TWD,8.99
201612,97997635,聯博大利基金,AA1,TWD,31.11
201612,99973878,野村台灣高股息基金,AA1,TWD,19.0
201703,00965469,兆豐國際第一基金,AA1,TWD,12.27
201703,00968493,野村鴻運基金,AA1,TWD,19.54
201703,00973762,華南永昌永昌基金,AA1,TWD,14.61
201703,00974018,富邦基金,AA1,TWD,10.1
201703,00974039,摩根台灣基金,AA1,TWD,10.19
201703,00974066,元大2001基金,AA1,TWD,57.93
201703,00974241,新光台灣富貴基金,AA1,TWD,21.96
201703,00988316,野村台灣運籌基金,AA1,TWD,30.27
201703,01031298,匯豐龍鳳基金,AA1,TWD,45.17
201703,01031564,野村積極成長基金,AA1,TWD,11.2
201703,01031699,統一全天候基金,AA1,TWD,81.07
201703,01031874,國泰小龍基金,AA1,TWD,14.34
201703,01032058,元大多福基金,AA1,TWD,51.7
201703,01032162,摩根台灣增長基金,AA1,TWD,45.85
201703,01032183,保德信高成長基金,AA1,TWD,76.99
201703,01050148,兆豐國際國民基金,AA1,TWD,21.45
201703,10341251,未來資產台灣新趨勢基金,AA1,TWD,14.25
201703,10341837,兆豐國際豐台灣基金,AA1,TWD,28.84
201703,13528977,保德信台商全方位基金,AA1,TWD,30.04
201703,13539952,凱基開創基金,AA1,TWD,21.11
201703,13984165,富達台灣成長基金,AA1,TWD,26.69
201703,13986924,新光大三通基金,AA1,TWD,18.26
201703,13998344,永豐中小基金,AA1,TWD,40.3
201703,14542287,元大精準中小基金,AA1,TWD,18.44
201703,14545897,德銀遠東DWS科技基金,AA1,TWD,14.14
201703,14694495,華頓台灣基金,AA1,TWD,19.76
201703,14705562,國泰科技生化基金,AA1,TWD,32.58
201703,15733973,富蘭克林華美第一富基金,AA1,TWD,32.24
201703,15739619,第一金大中華基金,AA1,TWD,21.18
201703,17139204,元大新主流基金,AA1,TWD,20.03
201703,17140568,景順主流基金,AA1,TWD,17.78
201703,17144889,宏利台灣動力基金,AA1,TWD,24.34
201703,17146752,野村成長基金,AA1,TWD,26.68
201703,17147078,日盛精選五虎基金,AA1,TWD,30.63
201703,17148301,富邦台灣心基金,AA1,TWD,16.87
201703,17152509,永豐高科技基金,AA1,TWD,17.19
201703,17597236,聯邦精選科技基金,AA1,TWD,9.9
201703,17597600,未來資產阿波羅基金,AA1,TWD,8.74
201703,17600534,野村高科技基金,AA1,TWD,8.55
201703,17602625,保德信新世紀基金,AA1,TWD,9.07
201703,17602821,台新2000高科技基金,AA1,TWD,29.66
201703,17603899,瀚亞電通網基金,AA1,TWD,12.07
201703,17604124,安聯台灣大壩基金,AA1,TWD,19.37
201703,17605622,統一大滿貫基金,AA1,TWD,26.87
201703,17607591,日盛高科技基金,AA1,TWD,12.99
201703,17608487,復華數位經濟基金,AA1,TWD,37.46
201703,17612497,國泰國泰基金,AA1,TWD,20.96
201703,18031960,國泰高科技基金,AA1,TWD,10.85
201703,18033138,德信數位時代基金,AA1,TWD,27.44
201703,18036281,元大巴菲特基金,AA1,TWD,25.25
201703,18037937,野村ｅ科技基金,AA1,TWD,16.64
201703,18043059,國泰中小成長基金,AA1,TWD,40.03
201703,18480065,安聯台灣科技基金,AA1,TWD,31.9
201703,18488279,復華中小精選基金,AA1,TWD,46.81
201703,18488469,野村中小基金,AA1,TWD,38.28
201703,18496290,聯邦中國龍基金,AA1,TWD,19.82
201703,18499732,德銀遠東DWS台灣旗艦基金,AA1,TWD,16.62
201703,19291128,國泰大中華基金,AA1,TWD,19.24
201703,19330712,貝萊德寶利基金,AA1,TWD,20.17
201703,19330754,野村優質基金,AA1,TWD,31.55
201703,19339782,群益創新科技基金,AA1,TWD,24.59
201703,19341318,第一金電子基金,AA1,TWD,26.05
201703,20080023,元大店頭基金,AA1,TWD,7.49
201703,20081352,群益店頭市場基金,AA1,TWD,73.13
201703,20084317,日盛日盛基金,AA1,TWD,10.78
201703,20089755,富邦精銳中小基金,AA1,TWD,9.16
201703,20092528,第一金店頭市場基金,AA1,TWD,8.23
201703,20094820,柏瑞巨人基金,AA1,TWD,11.22
201703,20097447,保德信第一基金,AA1,TWD,22.66
201703,21759676,復華全方位基金,AA1,TWD,21.09
201703,25612029,凱基台灣精五門基金,AA1,TWD,20.2
201703,25636367,摩根台灣金磚基金,AA1,TWD,18.15
201703,26202396,第一金創新趨勢基金,AA1,TWD,17.56
201703,26273336,日盛MIT主流基金,AA1,TWD,13.41
201703,26288534,德信台灣主流中小基金,AA1,TWD,16.45
201703,26310297,富蘭克林華美台股傘型基金之高科技基金,AA1,TWD,17.27
201703,26310310,富蘭克林華美台股傘型基金之傳產基金,AA1,TWD,18.05
201703,26320632,合庫台灣基金,AA1,TWD,10.64
201703,31837449,國泰價值卓越基金,AA1,TWD,12.11
201703,42298518,華南永昌物聯網精選基金,AA1,TWD,10.83
201703,42455241,大華銀臺灣Smart Beta基金,AA1,TWD,10.04
201703,48675778,群益奧斯卡基金,AA1,TWD,22.24
201703,48749899,群益葛萊美基金,AA1,TWD,18.75
201703,48809501,中國信託台灣優勢基金,AA1,TWD,14.46
201703,48858663,台新主流基金,AA1,TWD,20.22
201703,48893417,中國信託台灣活力基金,AA1,TWD,11.71
201703,48934304,統一台灣動力基金,AA1,TWD,12.79
201703,48948481,日盛首選基金,AA1,TWD,13.0
201703,48948834,施羅德樂活中小基金-A類型,AA1,TWD,16.66
201703,48997911,安聯台灣智慧基金,AA1,TWD,22.34
201703,73982057,宏利臺灣股息收益基金,AA1,TWD,23.21
201703,73987671,匯豐台灣精典基金,AA1,TWD,21.16
201703,73988876,日盛小而美基金,AA1,TWD,17.83
201703,73989002,第一金小型精選基金,AA1,TWD,27.95
201703,73989256,景順台灣科技基金,AA1,TWD,31.39
201703,73989501,摩根中小基金,AA1,TWD,22.54
201703,73990253,統一奔騰基金,AA1,TWD,45.6
201703,73990649,保德信科技島基金,AA1,TWD,21.41
201703,73991751,兆豐國際電子基金,AA1,TWD,21.92
201703,73992013,永豐領航科技基金,AA1,TWD,28.54
201703,73998071,新光店頭基金,AA1,TWD,22.3
201703,73998086,復華高成長基金,AA1,TWD,48.62
201703,76941376,匯豐成功基金,AA1,TWD,35.02
201703,77537493,統一統信基金,AA1,TWD,26.58
201703,80892778,華頓中小型基金,AA1,TWD,21.11
201703,80894446,台新中國通基金,AA1,TWD,38.63
201703,81580149,新光國家建設基金,AA1,TWD,25.09
201703,81581724,統一經建基金,AA1,TWD,34.62
201703,81584335,元大高科技基金,AA1,TWD,13.41
201703,81584975,日盛上選基金,AA1,TWD,23.36
201703,81584996,兆豐國際中小基金,AA1,TWD,13.23
201703,81585242,新光創新科技基金,AA1,TWD,14.92
201703,81585475,富邦高成長基金,AA1,TWD,18.81
201703,81587889,復華復華基金,AA1,TWD,15.13
201703,81588536,台新台灣中小基金,AA1,TWD,30.83
201703,81591434,群益長安基金,AA1,TWD,21.26
201703,81594690,永豐永豐基金,AA1,TWD,29.47
201703,81595924,瀚亞中小型股基金,AA1,TWD,16.3
201703,83863951,元大經貿基金,AA1,TWD,29.56
201703,83864683,富邦科技基金,AA1,TWD,19.26
201703,83866508,保德信中小型股基金,AA1,TWD,39.49
201703,92001765,元大多多基金,AA1,TWD,17.68
201703,92002244,統一黑馬基金,AA1,TWD,46.01
201703,92002384,富邦精準基金,AA1,TWD,37.28
201703,92003102,瀚亞高科技基金,AA1,TWD,48.24
201703,92004566,元大績效基金,AA1,TWD,39.63
201703,92010477,富邦長紅基金,AA1,TWD,50.75
201703,92012025,摩根新興科技基金,AA1,TWD,50.45
201703,92012572,瀚亞外銷基金,AA1,TWD,31.37
201703,92012762,統一龍馬基金,AA1,TWD,53.55
201703,92013967,保德信金滿意基金,AA1,TWD,36.36
201703,92017794,匯豐龍騰電子基金,AA1,TWD,32.03
201703,92019786,景順潛力基金,AA1,TWD,32.73
201703,92026219,元大卓越基金,AA1,TWD,44.1
201703,92028997,群益中小型股基金,AA1,TWD,35.07
201703,94991068,日盛新台商基金,AA1,TWD,29.8
201703,97972846,德信大發基金,AA1,TWD,28.02
201703,97977878,統一中小基金,AA1,TWD,21.14
201703,97984293,群益馬拉松基金,AA1,TWD,94.66
201703,97988636,保德信店頭市場基金,AA1,TWD,30.27
201703,97990696,瀚亞菁華基金,AA1,TWD,16.74
201703,97995664,匯豐中小基金,AA1,TWD,9.68
201703,97997635,聯博大利基金,AA1,TWD,33.79
201703,99973878,野村台灣高股息基金,AA1,TWD,20.95
201706,00965469,兆豐國際第一基金,AA1,TWD,12.88
201706,00968493,野村鴻運基金,AA1,TWD,20.86
201706,00973762,華南永昌永昌基金,AA1,TWD,15.67
201706,00974018,富邦基金,AA1,TWD,10.8
201706,00974039,摩根台灣基金,AA1,TWD,11.1
201706,00974066,元大2001基金,AA1,TWD,58.19
201706,00974241,新光台灣富貴基金,AA1,TWD,22.18
201706,00988316,野村台灣運籌基金,AA1,TWD,33.3
201706,01031298,匯豐龍鳳基金,AA1,TWD,48.0
201706,01031564,野村積極成長基金,AA1,TWD,11.92
201706,01031699,統一全天候基金,AA1,TWD,86.25
201706,01031874,國泰小龍基金,AA1,TWD,14.87
201706,01032058,元大多福基金,AA1,TWD,53.94
201706,01032162,摩根台灣增長基金,AA1,TWD,49.37
201706,01032183,保德信高成長基金,AA1,TWD,84.35
201706,01050148,兆豐國際國民基金,AA1,TWD,21.88
201706,10341251,未來資產台灣新趨勢基金,AA1,TWD,14.88
201706,10341837,兆豐國際豐台灣基金,AA1,TWD,29.41
201706,13528977,保德信台商全方位基金,AA1,TWD,32.0
201706,13539952,凱基開創基金,AA1,TWD,21.84
201706,13984165,富達台灣成長基金,AA1,TWD,28.62
201706,13986924,新光大三通基金,AA1,TWD,19.3
201706,13998344,永豐中小基金,AA1,TWD,41.55
201706,14542287,元大精準中小基金,AA1,TWD,19.4
201706,14545897,德銀遠東DWS科技基金,AA1,TWD,14.99
201706,14694495,華頓台灣基金,AA1,TWD,20.55
201706,14705562,國泰科技生化基金,AA1,TWD,33.4
201706,15733973,富蘭克林華美第一富基金,AA1,TWD,33.24
201706,15739619,第一金大中華基金,AA1,TWD,21.98
201706,17139204,元大新主流基金,AA1,TWD,20.96
201706,17140568,景順主流基金,AA1,TWD,19.06
201706,17144889,宏利台灣動力基金,AA1,TWD,26.19
201706,17146752,野村成長基金,AA1,TWD,28.38
201706,17147078,日盛精選五虎基金,AA1,TWD,31.58
201706,17148301,富邦台灣心基金,AA1,TWD,18.06
201706,17152509,永豐高科技基金,AA1,TWD,17.57
201706,17597236,聯邦精選科技基金,AA1,TWD,10.39
201706,17597600,未來資產阿波羅基金,AA1,TWD,9.15
201706,17600534,野村高科技基金,AA1,TWD,8.85
201706,17602625,保德信新世紀基金,AA1,TWD,9.43
201706,17602821,台新2000高科技基金,AA1,TWD,30.09
201706,17603899,瀚亞電通網基金,AA1,TWD,13.26
201706,17604124,安聯台灣大壩基金,AA1,TWD,20.45
201706,17605622,統一大滿貫基金,AA1,TWD,28.82
201706,17607591,日盛高科技基金,AA1,TWD,13.32
201706,17608487,復華數位經濟基金,AA1,TWD,38.55
201706,17612497,國泰國泰基金,AA1,TWD,21.55
201706,18031960,國泰高科技基金,AA1,TWD,11.11
201706,18033138,德信數位時代基金,AA1,TWD,27.85
201706,18036281,元大巴菲特基金,AA1,TWD,26.51
201706,18037937,野村ｅ科技基金,AA1,TWD,17.23
201706,18043059,國泰中小成長基金,AA1,TWD,41.49
201706,18480065,安聯台灣科技基金,AA1,TWD,33.26
201706,18488279,復華中小精選基金,AA1,TWD,47.53
201706,18488469,野村中小基金,AA1,TWD,39.69
201706,18496290,聯邦中國龍基金,AA1,TWD,20.88
201706,18499732,德銀遠東DWS台灣旗艦基金,AA1,TWD,17.45
201706,19291128,國泰大中華基金,AA1,TWD,20.24
201706,19330712,貝萊德寶利基金,AA1,TWD,21.36
201706,19330754,野村優質基金,AA1,TWD,33.99
201706,19339782,群益創新科技基金,AA1,TWD,26.75
201706,19341318,第一金電子基金,AA1,TWD,26.56
201706,20080023,元大店頭基金,AA1,TWD,7.66
201706,20081352,群益店頭市場基金,AA1,TWD,76.27
201706,20084317,日盛日盛基金,AA1,TWD,11.05
201706,20089755,富邦精銳中小基金,AA1,TWD,9.83
201706,20092528,第一金店頭市場基金,AA1,TWD,8.47
201706,20094820,柏瑞巨人基金,AA1,TWD,12.07
201706,20097447,保德信第一基金,AA1,TWD,24.23
201706,21759676,復華全方位基金,AA1,TWD,21.66
201706,25612029,凱基台灣精五門基金,AA1,TWD,20.46
201706,25636367,摩根台灣金磚基金,AA1,TWD,19.91
201706,26202396,第一金創新趨勢基金,AA1,TWD,18.65
201706,26273336,日盛MIT主流基金,AA1,TWD,13.97
201706,26288534,德信台灣主流中小基金,AA1,TWD,16.94
201706,26310297,富蘭克林華美台股傘型基金之高科技基金,AA1,TWD,18.25
201706,26310310,富蘭克林華美台股傘型基金之傳產基金,AA1,TWD,18.03
201706,26320632,合庫台灣基金,AA1,TWD,10.94
201706,31837449,國泰價值卓越基金,AA1,TWD,12.53
201706,42298518,華南永昌物聯網精選基金,AA1,TWD,11.12
201706,42455241,大華銀臺灣Smart Beta基金,AA1,TWD,10.51
201706,48675778,群益奧斯卡基金,AA1,TWD,23.35
201706,48749899,群益葛萊美基金,AA1,TWD,20.19
201706,48809501,中國信託台灣優勢基金,AA1,TWD,15.32
201706,48858663,台新主流基金,AA1,TWD,20.55
201706,48893417,中國信託台灣活力基金,AA1,TWD,12.19
201706,48934304,統一台灣動力基金,AA1,TWD,13.78
201706,48948481,日盛首選基金,AA1,TWD,13.41
201706,48948834,施羅德樂活中小基金-A類型,AA1,TWD,17.7
201706,48997911,安聯台灣智慧基金,AA1,TWD,23.37
201706,73982057,宏利臺灣股息收益基金,AA1,TWD,24.77
201706,73987671,匯豐台灣精典基金,AA1,TWD,22.47
201706,73988876,日盛小而美基金,AA1,TWD,18.29
201706,73989002,第一金小型精選基金,AA1,TWD,29.35
201706,73989256,景順台灣科技基金,AA1,TWD,32.26
201706,73989501,摩根中小基金,AA1,TWD,24.44
201706,73990253,統一奔騰基金,AA1,TWD,47.43
201706,73990649,保德信科技島基金,AA1,TWD,23.33
201706,73991751,兆豐國際電子基金,AA1,TWD,22.88
201706,73992013,永豐領航科技基金,AA1,TWD,28.9
201706,73998071,新光店頭基金,AA1,TWD,22.64
201706,73998086,復華高成長基金,AA1,TWD,50.71
201706,76941376,匯豐成功基金,AA1,TWD,35.97
201706,77537493,統一統信基金,AA1,TWD,28.12
201706,80892778,華頓中小型基金,AA1,TWD,21.77
201706,80894446,台新中國通基金,AA1,TWD,38.05
201706,81580149,新光國家建設基金,AA1,TWD,25.52
201706,81581724,統一經建基金,AA1,TWD,37.1
201706,81584335,元大高科技基金,AA1,TWD,14.27
201706,81584975,日盛上選基金,AA1,TWD,24.57
201706,81584996,兆豐國際中小基金,AA1,TWD,13.37
201706,81585242,新光創新科技基金,AA1,TWD,14.99
201706,81585475,富邦高成長基金,AA1,TWD,20.11
201706,81587889,復華復華基金,AA1,TWD,15.83
201706,81588536,台新台灣中小基金,AA1,TWD,32.35
201706,81591434,群益長安基金,AA1,TWD,22.06
201706,81594690,永豐永豐基金,AA1,TWD,29.74
201706,81595924,瀚亞中小型股基金,AA1,TWD,17.5
201706,83863951,元大經貿基金,AA1,TWD,31.26
201706,83864683,富邦科技基金,AA1,TWD,20.41
201706,83866508,保德信中小型股基金,AA1,TWD,41.49
201706,92001765,元大多多基金,AA1,TWD,18.71
201706,92002244,統一黑馬基金,AA1,TWD,46.83
201706,92002384,富邦精準基金,AA1,TWD,39.31
201706,92003102,瀚亞高科技基金,AA1,TWD,52.63
201706,92004566,元大績效基金,AA1,TWD,42.3
201706,92010477,富邦長紅基金,AA1,TWD,54.65
201706,92012025,摩根新興科技基金,AA1,TWD,55.46
201706,92012572,瀚亞外銷基金,AA1,TWD,33.36
201706,92012762,統一龍馬基金,AA1,TWD,57.81
201706,92013967,保德信金滿意基金,AA1,TWD,39.02
201706,92017794,匯豐龍騰電子基金,AA1,TWD,34.57
201706,92019786,景順潛力基金,AA1,TWD,35.44
201706,92026219,元大卓越基金,AA1,TWD,46.55
201706,92028997,群益中小型股基金,AA1,TWD,36.11
201706,94991068,日盛新台商基金,AA1,TWD,29.86
201706,97972846,德信大發基金,AA1,TWD,29.01
201706,97977878,統一中小基金,AA1,TWD,22.4
201706,97984293,群益馬拉松基金,AA1,TWD,103.72
201706,97988636,保德信店頭市場基金,AA1,TWD,32.2
201706,97990696,瀚亞菁華基金,AA1,TWD,18.04
201706,97995664,匯豐中小基金,AA1,TWD,10.11
201706,97997635,聯博大利基金,AA1,TWD,36.72
201706,99973878,野村台灣高股息基金,AA1,TWD,21.19
201709,00965469,兆豐國際第一基金,AA1,TWD,13.55
201709,00968493,野村鴻運基金,AA1,TWD,21.88
201709,00973762,華南永昌永昌基金,AA1,TWD,18.41
201709,00974018,富邦基金,AA1,TWD,11.65
201709,00974066,元大2001基金,AA1,TWD,64.93
201709,00974241,新光台灣富貴基金,AA1,TWD,22.33
201709,00988316,野村台灣運籌基金,AA1,TWD,35.67
201709,01031298,匯豐龍鳳基金,AA1,TWD,50.15
201709,01031564,野村積極成長基金,AA1,TWD,12.55
201709,01031699,統一全天候基金,AA1,TWD,97.5
201709,01031874,國泰小龍基金,AA1,TWD,15.9
201709,01032058,元大多福基金,AA1,TWD,55.78
201709,01032162,摩根台灣增長基金,AA1,TWD,50.89
201709,01032183,保德信高成長基金,AA1,TWD,87.78
201709,01050148,兆豐國際國民基金,AA1,TWD,23.76
201709,10341251,未來資產台灣新趨勢基金,AA1,TWD,17.13
201709,10341837,兆豐國際豐台灣基金,AA1,TWD,29.64
201709,13528977,保德信台商全方位基金,AA1,TWD,34.37
201709,13539952,凱基開創基金,AA1,TWD,24.36
201709,13984165,富達台灣成長基金,AA1,TWD,29.25
201709,13986924,新光大三通基金,AA1,TWD,19.18
201709,13998344,永豐中小基金,AA1,TWD,46.89
201709,14542287,元大精準中小基金,AA1,TWD,22.17
201709,14694495,華頓台灣基金,AA1,TWD,22.72
201709,14705562,國泰科技生化基金,AA1,TWD,36.36
201709,15733973,富蘭克林華美第一富基金,AA1,TWD,36.79
201709,15739619,第一金大中華基金,AA1,TWD,23.89
201709,17139204,元大新主流基金,AA1,TWD,23.3
201709,17140568,景順主流基金,AA1,TWD,19.66
201709,17144889,宏利台灣動力基金,AA1,TWD,28.53
201709,17146752,野村成長基金,AA1,TWD,29.88
201709,17147078,日盛精選五虎基金,AA1,TWD,34.41
201709,17148301,富邦台灣心基金,AA1,TWD,19.53
201709,17152509,永豐高科技基金,AA1,TWD,20.35
201709,17597236,聯邦精選科技基金,AA1,TWD,11.9
201709,17597600,未來資產阿波羅基金,AA1,TWD,10.56
201709,17600534,野村高科技基金,AA1,TWD,9.97
201709,17602625,保德信新世紀基金,AA1,TWD,9.44
201709,17602821,台新2000高科技基金,AA1,TWD,34.15
201709,17603899,瀚亞電通網基金,AA1,TWD,14.65
201709,17604124,安聯台灣大壩基金,AA1,TWD,23.14
201709,17605622,統一大滿貫基金,AA1,TWD,32.33
201709,17607591,日盛高科技基金,AA1,TWD,15.19
201709,17608487,復華數位經濟基金,AA1,TWD,45.74
201709,17612497,國泰國泰基金,AA1,TWD,23.38
201709,18031960,國泰高科技基金,AA1,TWD,12.54
201709,18033138,德信數位時代基金,AA1,TWD,30.33
201709,18036281,元大巴菲特基金,AA1,TWD,29.69
201709,18037937,野村ｅ科技基金,AA1,TWD,19.48
201709,18043059,國泰中小成長基金,AA1,TWD,44.87
201709,18480065,安聯台灣科技基金,AA1,TWD,38.45
201709,18488279,復華中小精選基金,AA1,TWD,55.85
201709,18488469,野村中小基金,AA1,TWD,43.63
201709,18496290,聯邦中國龍基金,AA1,TWD,23.84
201709,18499732,德銀遠東DWS台灣旗艦基金,AA1,TWD,17.61
201709,19291128,國泰大中華基金,AA1,TWD,21.4
201709,19330712,貝萊德寶利基金,AA1,TWD,22.62
201709,19330754,野村優質基金,AA1,TWD,35.54
201709,19339782,群益創新科技基金,AA1,TWD,29.42
201709,19341318,第一金電子基金,AA1,TWD,29.8
201709,20080023,元大店頭基金,AA1,TWD,8.28
201709,20081352,群益店頭市場基金,AA1,TWD,87.17
201709,20084317,日盛日盛基金,AA1,TWD,13.0
201709,20089755,富邦精銳中小基金,AA1,TWD,10.61
201709,20092528,第一金店頭市場基金,AA1,TWD,8.92
201709,20094820,柏瑞巨人基金,AA1,TWD,12.52
201709,20097447,保德信第一基金,AA1,TWD,25.02
201709,21759676,復華全方位基金,AA1,TWD,25.12
201709,25612029,凱基台灣精五門基金,AA1,TWD,20.8
201709,25636367,摩根台灣金磚基金,AA1,TWD,21.1
201709,26202396,第一金創新趨勢基金,AA1,TWD,20.24
201709,26273336,日盛MIT主流基金,AA1,TWD,15.24
201709,26288534,德信台灣主流中小基金,AA1,TWD,18.3
201709,26310297,富蘭克林華美台股傘型基金之高科技基金,AA1,TWD,19.85
201709,26310310,富蘭克林華美台股傘型基金之傳產基金,AA1,TWD,18.84
201709,26320632,合庫台灣基金,AA1,TWD,11.13
201709,31837449,國泰價值卓越基金,AA1,TWD,14.07
201709,42298518,華南永昌物聯網精選基金,AA1,TWD,12.97
201709,42455241,大華銀臺灣Smart Beta基金,AA1,TWD,10.61
201709,42532205,路博邁AR台灣股票基金T累積級別(新臺幣),AA1,TWD,9.83
201709,48675778,群益奧斯卡基金,AA1,TWD,25.37
201709,48749899,群益葛萊美基金,AA1,TWD,22.14
201709,48809501,中國信託台灣優勢基金,AA1,TWD,16.43
201709,48858663,台新主流基金,AA1,TWD,23.26
201709,48893417,中國信託台灣活力基金,AA1,TWD,13.58
201709,48934304,統一台灣動力基金,AA1,TWD,15.63
201709,48948481,日盛首選基金,AA1,TWD,15.18
201709,48948834,施羅德樂活中小基金-A類型,AA1,TWD,18.64
201709,48997911,安聯台灣智慧基金,AA1,TWD,26.56
201709,73982057,宏利臺灣股息收益基金,AA1,TWD,26.28
201709,73987671,匯豐台灣精典基金,AA1,TWD,23.45
201709,73988876,日盛小而美基金,AA1,TWD,19.81
201709,73989002,第一金小型精選基金,AA1,TWD,33.09
201709,73989256,景順台灣科技基金,AA1,TWD,34.13
201709,73989501,摩根中小基金,AA1,TWD,26.34
201709,73990253,統一奔騰基金,AA1,TWD,51.9
201709,73990649,保德信科技島基金,AA1,TWD,24.77
201709,73991751,兆豐國際電子基金,AA1,TWD,24.97
201709,73992013,永豐領航科技基金,AA1,TWD,33.22
201709,73998071,新光店頭基金,AA1,TWD,23.87
201709,73998086,復華高成長基金,AA1,TWD,57.43
201709,76941376,匯豐成功基金,AA1,TWD,36.6
201709,77537493,統一統信基金,AA1,TWD,30.77
201709,80892778,華頓中小型基金,AA1,TWD,23.07
201709,80894446,台新中國通基金,AA1,TWD,44.94
201709,81580149,新光國家建設基金,AA1,TWD,26.58
201709,81581724,統一經建基金,AA1,TWD,40.99
201709,81584335,元大高科技基金,AA1,TWD,16.23
201709,81584975,日盛上選基金,AA1,TWD,28.85
201709,81584996,兆豐國際中小基金,AA1,TWD,14.6
201709,81585242,新光創新科技基金,AA1,TWD,14.71
201709,81585475,富邦高成長基金,AA1,TWD,21.77
201709,81587889,復華復華基金,AA1,TWD,18.17
201709,81588536,台新台灣中小基金,AA1,TWD,36.61
201709,81591434,群益長安基金,AA1,TWD,24.72
201709,81594690,永豐永豐基金,AA1,TWD,32.11
201709,81595924,瀚亞中小型股基金,AA1,TWD,20.27
201709,83863951,元大經貿基金,AA1,TWD,35.48
201709,83864683,富邦科技基金,AA1,TWD,22.87
201709,83866508,保德信中小型股基金,AA1,TWD,46.01
201709,92001765,元大多多基金,AA1,TWD,19.86
201709,92002244,統一黑馬基金,AA1,TWD,52.01
201709,92002384,富邦精準基金,AA1,TWD,43.13
201709,92003102,瀚亞高科技基金,AA1,TWD,56.93
201709,92004566,元大績效基金,AA1,TWD,48.2
201709,92010477,富邦長紅基金,AA1,TWD,58.51
201709,92012025,摩根新興科技基金,AA1,TWD,59.47
201709,92012572,瀚亞外銷基金,AA1,TWD,38.46
201709,92012762,統一龍馬基金,AA1,TWD,65.84
201709,92013967,保德信金滿意基金,AA1,TWD,40.3
201709,92017794,匯豐龍騰電子基金,AA1,TWD,36.65
201709,92019786,景順潛力基金,AA1,TWD,37.14
201709,92026219,元大卓越基金,AA1,TWD,51.45
201709,92028997,群益中小型股基金,AA1,TWD,40.12
201709,94991068,日盛新台商基金,AA1,TWD,33.92
201709,97972846,德信大發基金,AA1,TWD,30.19
201709,97977878,統一中小基金,AA1,TWD,24.36
201709,97984293,群益馬拉松基金,AA1,TWD,114.25
201709,97988636,保德信店頭市場基金,AA1,TWD,34.87
201709,97990696,瀚亞菁華基金,AA1,TWD,20.42
201709,97995664,匯豐中小基金,AA1,TWD,10.94
201709,97997635,聯博大利基金,AA1,TWD,37.59
201709,99973878,野村台灣高股息基金,AA1,TWD,21.16
201712,00965469,兆豐國際第一基金,AA1,TWD,13.55
201712,00968493,野村鴻運基金,AA1,TWD,21.23
201712,00973762,華南永昌永昌基金,AA1,TWD,19.89
201712,00974018,富邦基金,AA1,TWD,12.33
201712,00974066,元大2001基金,AA1,TWD,64.66
201712,00974241,新光台灣富貴基金,AA1,TWD,23.47
201712,00988316,野村台灣運籌基金,AA1,TWD,36.25
201712,01031298,匯豐龍鳳基金,AA1,TWD,51.25
201712,01031564,野村積極成長基金,AA1,TWD,12.38
201712,01031699,統一全天候基金,AA1,TWD,101.63
201712,01031874,國泰小龍基金,AA1,TWD,16.61
201712,01032058,元大多福基金,AA1,TWD,54.46
201712,01032162,摩根台灣增長基金,AA1,TWD,50.26
201712,01032183,保德信高成長基金,AA1,TWD,86.76
201712,01050148,兆豐國際國民基金,AA1,TWD,24.42
201712,10341251,未來資產台灣新趨勢基金,AA1,TWD,18.15
201712,10341837,兆豐國際豐台灣基金,AA1,TWD,31.81
201712,13528977,保德信台商全方位基金,AA1,TWD,33.83
201712,13539952,凱基開創基金,AA1,TWD,25.67
201712,13984165,富達台灣成長基金,AA1,TWD,29.63
201712,13986924,新光大三通基金,AA1,TWD,19.26
201712,13998344,永豐中小基金,AA1,TWD,49.63
201712,14542287,元大精準中小基金,AA1,TWD,22.5
201712,14694495,華頓台灣基金,AA1,TWD,24.17
201712,14705562,國泰科技生化基金,AA1,TWD,38.16
201712,15733973,富蘭克林華美第一富基金,AA1,TWD,39.5
201712,15739619,第一金大中華基金,AA1,TWD,25.09
201712,17139204,元大新主流基金,AA1,TWD,24.09
201712,17140568,景順主流基金,AA1,TWD,19.54
201712,17144889,宏利台灣動力基金,AA1,TWD,30.57
201712,17146752,野村成長基金,AA1,TWD,29.34
201712,17147078,日盛精選五虎基金,AA1,TWD,37.02
201712,17148301,富邦台灣心基金,AA1,TWD,20.77
201712,17152509,永豐高科技基金,AA1,TWD,21.5
201712,17597236,聯邦精選科技基金,AA1,TWD,12.51
201712,17597600,未來資產阿波羅基金,AA1,TWD,11.23
201712,17600534,野村高科技基金,AA1,TWD,10.18
201712,17602625,保德信新世紀基金,AA1,TWD,10.0
201712,17602821,台新2000高科技基金,AA1,TWD,36.1
201712,17603899,瀚亞電通網基金,AA1,TWD,15.25
201712,17604124,安聯台灣大壩基金,AA1,TWD,24.38
201712,17605622,統一大滿貫基金,AA1,TWD,33.01
201712,17607591,日盛高科技基金,AA1,TWD,16.19
201712,17608487,復華數位經濟基金,AA1,TWD,51.48
201712,17612497,國泰國泰基金,AA1,TWD,24.45
201712,18031960,國泰高科技基金,AA1,TWD,12.91
201712,18033138,德信數位時代基金,AA1,TWD,29.79
201712,18036281,元大巴菲特基金,AA1,TWD,30.53
201712,18037937,野村ｅ科技基金,AA1,TWD,19.86
201712,18043059,國泰中小成長基金,AA1,TWD,45.99
201712,18480065,安聯台灣科技基金,AA1,TWD,40.93
201712,18488279,復華中小精選基金,AA1,TWD,62.67
201712,18488469,野村中小基金,AA1,TWD,45.58
201712,18496290,聯邦中國龍基金,AA1,TWD,24.77
201712,18499732,德銀遠東DWS台灣旗艦基金,AA1,TWD,17.15
201712,19291128,國泰大中華基金,AA1,TWD,21.48
201712,19330712,貝萊德寶利基金,AA1,TWD,24.23
201712,19330754,野村優質基金,AA1,TWD,34.8
201712,19339782,群益創新科技基金,AA1,TWD,30.67
201712,19341318,第一金電子基金,AA1,TWD,30.92
201712,20080023,元大店頭基金,AA1,TWD,8.33
201712,20081352,群益店頭市場基金,AA1,TWD,94.85
201712,20084317,日盛日盛基金,AA1,TWD,13.5
201712,20089755,富邦精銳中小基金,AA1,TWD,10.61
201712,20092528,第一金店頭市場基金,AA1,TWD,9.23
201712,20094820,柏瑞巨人基金,AA1,TWD,12.77
201712,20097447,保德信第一基金,AA1,TWD,25.04
201712,21759676,復華全方位基金,AA1,TWD,26.91
201712,25612029,凱基台灣精五門基金,AA1,TWD,20.75
201712,25636367,摩根台灣金磚基金,AA1,TWD,20.21
201712,26202396,第一金創新趨勢基金,AA1,TWD,21.02
201712,26273336,日盛MIT主流基金,AA1,TWD,15.56
201712,26288534,德信台灣主流中小基金,AA1,TWD,18.48
201712,26310297,富蘭克林華美台股傘型基金之高科技基金,AA1,TWD,20.13
201712,26310310,富蘭克林華美台股傘型基金之傳產基金,AA1,TWD,19.56
201712,26320632,合庫台灣基金,AA1,TWD,11.31
201712,31837449,國泰價值卓越基金,AA1,TWD,14.79
201712,42298518,華南永昌物聯網精選基金,AA1,TWD,13.4
201712,42532205,路博邁AR台灣股票基金T累積級別(新臺幣),AA1,TWD,9.85
201712,48675778,群益奧斯卡基金,AA1,TWD,27.36
201712,48749899,群益葛萊美基金,AA1,TWD,23.39
201712,48809501,中國信託台灣優勢基金,AA1,TWD,16.65
201712,48858663,台新主流基金,AA1,TWD,24.33
201712,48893417,中國信託台灣活力基金,AA1,TWD,14.03
201712,48934304,統一台灣動力基金,AA1,TWD,16.27
201712,48948481,日盛首選基金,AA1,TWD,15.86
201712,48948834,施羅德樂活中小基金-A類型,AA1,TWD,19.22
201712,48997911,安聯台灣智慧基金,AA1,TWD,27.88
201712,73982057,宏利臺灣股息收益基金,AA1,TWD,28.17
201712,73987671,匯豐台灣精典基金,AA1,TWD,23.95
201712,73988876,日盛小而美基金,AA1,TWD,19.48
201712,73989002,第一金小型精選基金,AA1,TWD,35.17
201712,73989256,景順台灣科技基金,AA1,TWD,35.8
201712,73989501,摩根中小基金,AA1,TWD,24.72
201712,73990253,統一奔騰基金,AA1,TWD,54.85
201712,73990649,保德信科技島基金,AA1,TWD,24.66
201712,73991751,兆豐國際電子基金,AA1,TWD,26.06
201712,73992013,永豐領航科技基金,AA1,TWD,35.61
201712,73998071,新光店頭基金,AA1,TWD,25.01
201712,73998086,復華高成長基金,AA1,TWD,60.94
201712,76941376,匯豐成功基金,AA1,TWD,38.35
201712,77537493,統一統信基金,AA1,TWD,31.73
201712,80892778,華頓中小型基金,AA1,TWD,24.3
201712,80894446,台新中國通基金,AA1,TWD,49.0
201712,81581724,統一經建基金,AA1,TWD,42.83
201712,81584335,元大高科技基金,AA1,TWD,16.94
201712,81584975,日盛上選基金,AA1,TWD,30.37
201712,81584996,兆豐國際中小基金,AA1,TWD,15.49
201712,81585242,新光創新科技基金,AA1,TWD,15.04
201712,81585475,富邦高成長基金,AA1,TWD,23.08
201712,81587889,復華復華基金,AA1,TWD,19.33
201712,81588536,台新台灣中小基金,AA1,TWD,38.21
201712,81591434,群益長安基金,AA1,TWD,28.86
201712,81594690,永豐永豐基金,AA1,TWD,32.98
201712,81595924,瀚亞中小型股基金,AA1,TWD,21.53
201712,83863951,元大經貿基金,AA1,TWD,36.0
201712,83864683,富邦科技基金,AA1,TWD,23.19
201712,83866508,保德信中小型股基金,AA1,TWD,44.73
201712,92001765,元大多多基金,AA1,TWD,19.17
201712,92002244,統一黑馬基金,AA1,TWD,55.02
201712,92002384,富邦精準基金,AA1,TWD,44.54
201712,92003102,瀚亞高科技基金,AA1,TWD,58.73
201712,92004566,元大績效基金,AA1,TWD,50.16
201712,92010477,富邦長紅基金,AA1,TWD,61.58
201712,92012025,摩根新興科技基金,AA1,TWD,57.03
201712,92012572,瀚亞外銷基金,AA1,TWD,40.89
201712,92012762,統一龍馬基金,AA1,TWD,68.0
201712,92013967,保德信金滿意基金,AA1,TWD,40.37
201712,92017794,匯豐龍騰電子基金,AA1,TWD,37.39
201712,92019786,景順潛力基金,AA1,TWD,36.42
201712,92026219,元大卓越基金,AA1,TWD,52.49
201712,92028997,群益中小型股基金,AA1,TWD,44.66
201712,94991068,日盛新台商基金,AA1,TWD,35.6
201712,97972846,德信大發基金,AA1,TWD,30.45
201712,97977878,統一中小基金,AA1,TWD,25.42
201712,97984293,群益馬拉松基金,AA1,TWD,115.81
201712,97988636,保德信店頭市場基金,AA1,TWD,34.69
201712,97990696,瀚亞菁華基金,AA1,TWD,21.96
201712,97997635,聯博大利基金,AA1,TWD,37.62
201712,99973878,野村台灣高股息基金,AA1,TWD,22.03
201803,00965469,兆豐國際第一基金,AA1,TWD,13.26
201803,00968493,野村鴻運基金,AA1,TWD,20.76
201803,00973762,華南永昌永昌基金,AA1,TWD,19.97
201803,00974018,富邦基金,AA1,TWD,13.0
201803,00974066,元大2001基金,AA1,TWD,66.49
201803,00974241,新光台灣富貴基金,AA1,TWD,24.05
201803,00988316,野村台灣運籌基金,AA1,TWD,36.99
201803,01031298,匯豐龍鳳基金,AA1,TWD,51.79
201803,01031564,野村積極成長基金,AA1,TWD,12.19
201803,01031699,統一全天候基金,AA1,TWD,106.02
201803,01031874,國泰小龍基金,AA1,TWD,16.54
201803,01032058,元大多福基金,AA1,TWD,57.46
201803,01032162,摩根台灣增長基金,AA1,TWD,51.37
201803,01032183,保德信高成長基金,AA1,TWD,86.99
201803,01050148,兆豐國際國民基金,AA1,TWD,23.64
201803,10341251,未來資產台灣新趨勢基金,AA1,TWD,19.78
201803,10341837,兆豐國際豐台灣基金,AA1,TWD,32.16
201803,13528977,保德信台商全方位基金,AA1,TWD,33.71
201803,13539952,凱基開創基金,AA1,TWD,27.06
201803,13984165,富達台灣成長基金,AA1,TWD,29.99
201803,13986924,新光大三通基金,AA1,TWD,20.44
201803,13998344,永豐中小基金,AA1,TWD,50.84
201803,14542287,元大精準中小基金,AA1,TWD,23.02
201803,14694495,華頓台灣基金,AA1,TWD,26.29
201803,14705562,國泰科技生化基金,AA1,TWD,38.02
201803,15733973,富蘭克林華美第一富基金,AA1,TWD,40.48
201803,15739619,第一金大中華基金,AA1,TWD,26.86
201803,17139204,元大新主流基金,AA1,TWD,26.08
201803,17140568,景順主流基金,AA1,TWD,19.69
201803,17144889,宏利台灣動力基金,AA1,TWD,30.96
201803,17146752,野村成長基金,AA1,TWD,28.87
201803,17147078,日盛精選五虎基金,AA1,TWD,37.8
201803,17148301,富邦台灣心基金,AA1,TWD,21.86
201803,17152509,永豐高科技基金,AA1,TWD,23.32
201803,17597236,聯邦精選科技基金,AA1,TWD,13.19
201803,17597600,未來資產阿波羅基金,AA1,TWD,12.29
201803,17600534,野村高科技基金,AA1,TWD,11.0
201803,17602625,保德信新世紀基金,AA1,TWD,10.02
201803,17602821,台新2000高科技基金,AA1,TWD,36.11
201803,17603899,瀚亞電通網基金,AA1,TWD,15.8
201803,17604124,安聯台灣大壩基金,AA1,TWD,25.67
201803,17605622,統一大滿貫基金,AA1,TWD,33.34
201803,17607591,日盛高科技基金,AA1,TWD,17.37
201803,17608487,復華數位經濟基金,AA1,TWD,53.86
201803,17612497,國泰國泰基金,AA1,TWD,23.84
201803,18031960,國泰高科技基金,AA1,TWD,13.25
201803,18033138,德信數位時代基金,AA1,TWD,28.54
201803,18036281,元大巴菲特基金,AA1,TWD,30.45
201803,18037937,野村ｅ科技基金,AA1,TWD,21.3
201803,18043059,國泰中小成長基金,AA1,TWD,45.6
201803,18480065,安聯台灣科技基金,AA1,TWD,45.69
201803,18488279,復華中小精選基金,AA1,TWD,66.85
201803,18488469,野村中小基金,AA1,TWD,47.91
201803,18496290,聯邦中國龍基金,AA1,TWD,26.3
201803,18499732,德銀遠東DWS台灣旗艦基金,AA1,TWD,17.06
201803,19291128,國泰大中華基金,AA1,TWD,21.62
201803,19330712,貝萊德寶利基金,AA1,TWD,25.38
201803,19330754,野村優質基金,AA1,TWD,34.18
201803,19339782,群益創新科技基金,AA1,TWD,32.52
201803,19341318,第一金電子基金,AA1,TWD,33.16
201803,20080023,元大店頭基金,AA1,TWD,9.27
201803,20081352,群益店頭市場基金,AA1,TWD,99.44
201803,20084317,日盛日盛基金,AA1,TWD,13.23
201803,20089755,富邦精銳中小基金,AA1,TWD,11.6
201803,20092528,第一金店頭市場基金,AA1,TWD,9.71
201803,20094820,柏瑞巨人基金,AA1,TWD,13.05
201803,20097447,保德信第一基金,AA1,TWD,25.62
201803,21759676,復華全方位基金,AA1,TWD,27.53
201803,25612029,凱基台灣精五門基金,AA1,TWD,21.19
201803,25636367,摩根台灣金磚基金,AA1,TWD,20.98
201803,26202396,第一金創新趨勢基金,AA1,TWD,23.13
201803,26273336,日盛MIT主流基金,AA1,TWD,15.54
201803,26288534,德信台灣主流中小基金,AA1,TWD,19.02
201803,26310297,富蘭克林華美台股傘型基金之高科技基金,AA1,TWD,20.9
201803,26310310,富蘭克林華美台股傘型基金之傳產基金,AA1,TWD,19.93
201803,26320632,合庫台灣基金,AA1,TWD,11.48
201803,31837449,國泰價值卓越基金,AA1,TWD,15.39
201803,42298518,華南永昌物聯網精選基金,AA1,TWD,13.18
201803,42532205,路博邁AR台灣股票基金T累積級別(新臺幣),AA1,TWD,9.87
201803,48675778,群益奧斯卡基金,AA1,TWD,27.68
201803,48749899,群益葛萊美基金,AA1,TWD,23.54
201803,48809501,中國信託台灣優勢基金,AA1,TWD,17.63
201803,48858663,台新主流基金,AA1,TWD,24.67
201803,48893417,中國信託台灣活力基金,AA1,TWD,14.95
201803,48934304,統一台灣動力基金,AA1,TWD,16.6
201803,48948481,日盛首選基金,AA1,TWD,17.37
201803,48948834,施羅德樂活中小基金-A類型,AA1,TWD,19.24
201803,48997911,安聯台灣智慧基金,AA1,TWD,29.31
201803,73982057,宏利臺灣股息收益基金,AA1,TWD,28.44
201803,73987671,匯豐台灣精典基金,AA1,TWD,24.15
201803,73988876,日盛小而美基金,AA1,TWD,19.38
201803,73989002,第一金小型精選基金,AA1,TWD,38.15
201803,73989256,景順台灣科技基金,AA1,TWD,35.39
201803,73989501,摩根中小基金,AA1,TWD,25.23
201803,73990253,統一奔騰基金,AA1,TWD,56.38
201803,73990649,保德信科技島基金,AA1,TWD,24.68
201803,73991751,兆豐國際電子基金,AA1,TWD,26.34
201803,73992013,永豐領航科技基金,AA1,TWD,39.38
201803,73998071,新光店頭基金,AA1,TWD,25.82
201803,73998086,復華高成長基金,AA1,TWD,62.64
201803,76941376,匯豐成功基金,AA1,TWD,38.62
201803,77537493,統一統信基金,AA1,TWD,32.23
201803,80892778,華頓中小型基金,AA1,TWD,24.83
201803,80894446,台新中國通基金,AA1,TWD,48.36
201803,81581724,統一經建基金,AA1,TWD,44.89
201803,81584335,元大高科技基金,AA1,TWD,18.17
201803,81584975,日盛上選基金,AA1,TWD,32.89
201803,81584996,兆豐國際中小基金,AA1,TWD,14.86
201803,81585242,新光創新科技基金,AA1,TWD,15.7
201803,81585475,富邦高成長基金,AA1,TWD,24.38
201803,81587889,復華復華基金,AA1,TWD,19.82
201803,81588536,台新台灣中小基金,AA1,TWD,38.3
201803,81591434,群益長安基金,AA1,TWD,29.34
201803,81594690,永豐永豐基金,AA1,TWD,34.53
201803,81595924,瀚亞中小型股基金,AA1,TWD,22.93
201803,83863951,元大經貿基金,AA1,TWD,38.12
201803,83864683,富邦科技基金,AA1,TWD,24.5
201803,83866508,保德信中小型股基金,AA1,TWD,43.59
201803,92001765,元大多多基金,AA1,TWD,19.71
201803,92002244,統一黑馬基金,AA1,TWD,57.28
201803,92002384,富邦精準基金,AA1,TWD,46.59
201803,92003102,瀚亞高科技基金,AA1,TWD,60.91
201803,92004566,元大績效基金,AA1,TWD,54.34
201803,92010477,富邦長紅基金,AA1,TWD,64.28
201803,92012025,摩根新興科技基金,AA1,TWD,60.05
201803,92012572,瀚亞外銷基金,AA1,TWD,43.18
201803,92012762,統一龍馬基金,AA1,TWD,69.06
201803,92013967,保德信金滿意基金,AA1,TWD,40.47
201803,92017794,匯豐龍騰電子基金,AA1,TWD,38.54
201803,92019786,景順潛力基金,AA1,TWD,36.3
201803,92026219,元大卓越基金,AA1,TWD,51.8
201803,92028997,群益中小型股基金,AA1,TWD,46.55
201803,94991068,日盛新台商基金,AA1,TWD,38.11
201803,97972846,德信大發基金,AA1,TWD,29.99
201803,97977878,統一中小基金,AA1,TWD,25.67
201803,97984293,群益馬拉松基金,AA1,TWD,121.47
201803,97988636,保德信店頭市場基金,AA1,TWD,34.0
201803,97990696,瀚亞菁華基金,AA1,TWD,22.96
201803,97997635,聯博大利基金,AA1,TWD,37.61
201803,99973878,野村台灣高股息基金,AA1,TWD,22.79
201806,00965469,兆豐國際第一基金,AA1,TWD,13.7
201806,00968493,野村鴻運基金,AA1,TWD,21.18
201806,00973762,華南永昌永昌基金,AA1,TWD,19.62
201806,00974018,富邦基金,AA1,TWD,14.05
201806,00974066,元大2001基金,AA1,TWD,68.85
201806,00974241,新光台灣富貴基金,AA1,TWD,23.42
201806,00988316,野村台灣運籌基金,AA1,TWD,38.84
201806,01031298,匯豐龍鳳基金-A類型,AA1,TWD,52.91
201806,01031564,野村積極成長基金,AA1,TWD,12.17
201806,01031699,統一全天候基金,AA1,TWD,125.62
201806,01031874,國泰小龍基金,AA1,TWD,16.02
201806,01032058,元大多福基金,AA1,TWD,60.02
201806,01032162,摩根台灣增長基金,AA1,TWD,51.84
201806,01032183,保德信高成長基金,AA1,TWD,97.04
201806,01050148,兆豐國際國民基金,AA1,TWD,22.98
201806,10341251,未來資產台灣新趨勢基金,AA1,TWD,24.58
201806,10341837,兆豐國際豐台灣基金,AA1,TWD,32.66
201806,13528977,保德信台商全方位基金,AA1,TWD,38.58
201806,13539952,凱基開創基金,AA1,TWD,27.2
201806,13984165,富達台灣成長基金,AA1,TWD,30.36
201806,13986924,新光大三通基金,AA1,TWD,22.12
201806,13998344,永豐中小基金,AA1,TWD,58.51
201806,14694495,華頓台灣基金,AA1,TWD,34.51
201806,14705562,國泰科技生化基金,AA1,TWD,39.46
201806,15733973,富蘭克林華美第一富基金,AA1,TWD,43.36
201806,15739619,第一金大中華基金,AA1,TWD,29.82
201806,17139204,元大新主流基金,AA1,TWD,31.35
201806,17140568,景順主流基金,AA1,TWD,19.26
201806,17144889,宏利台灣動力基金,AA1,TWD,33.92
201806,17146752,野村成長基金,AA1,TWD,28.83
201806,17147078,日盛精選五虎基金,AA1,TWD,39.74
201806,17148301,富邦台灣心基金,AA1,TWD,24.24
201806,17152509,永豐高科技基金,AA1,TWD,28.65
201806,17597236,聯邦精選科技基金,AA1,TWD,14.02
201806,17597600,未來資產阿波羅基金,AA1,TWD,15.25
201806,17600534,野村高科技基金,AA1,TWD,13.42
201806,17602625,保德信新世紀基金,AA1,TWD,10.33
201806,17602821,台新2000高科技基金,AA1,TWD,36.44
201806,17603899,瀚亞電通網基金,AA1,TWD,16.33
201806,17604124,安聯台灣大壩基金,AA1,TWD,28.84
201806,17605622,統一大滿貫基金,AA1,TWD,36.0
201806,17607591,日盛高科技基金,AA1,TWD,19.65
201806,17608487,復華數位經濟基金,AA1,TWD,67.76
201806,17612497,國泰國泰基金台幣級別,AA1,TWD,25.07
201806,18031960,國泰高科技基金,AA1,TWD,14.41
201806,18033138,德信數位時代基金,AA1,TWD,28.19
201806,18036281,元大巴菲特基金,AA1,TWD,30.6
201806,18037937,野村ｅ科技基金,AA1,TWD,26.17
201806,18043059,國泰中小成長基金,AA1,TWD,47.02
201806,18480065,安聯台灣科技基金,AA1,TWD,48.77
201806,18488279,復華中小精選基金,AA1,TWD,83.74
201806,18488469,野村中小基金-累積類型,AA1,TWD,51.39
201806,18496290,聯邦中國龍基金,AA1,TWD,27.7
201806,18499732,德銀遠東DWS台灣旗艦基金,AA1,TWD,16.56
201806,19291128,國泰大中華基金,AA1,TWD,21.56
201806,19330712,貝萊德寶利基金,AA1,TWD,26.52
201806,19330754,野村優質基金-累積類型新臺幣計價,AA1,TWD,36.12
201806,19339782,群益創新科技基金,AA1,TWD,36.38
201806,19341318,第一金電子基金,AA1,TWD,37.3
201806,20080023,元大店頭基金,AA1,TWD,9.57
201806,20081352,群益店頭市場基金,AA1,TWD,114.17
201806,20084317,日盛日盛基金,AA1,TWD,15.28
201806,20089755,富邦精銳中小基金,AA1,TWD,12.92
201806,20092528,第一金店頭市場基金,AA1,TWD,10.83
201806,20094820,柏瑞巨人基金,AA1,TWD,12.93
201806,20097447,保德信第一基金,AA1,TWD,28.09
201806,21759676,復華全方位基金,AA1,TWD,33.66
201806,25612029,凱基台灣精五門基金,AA1,TWD,21.2
201806,25636367,摩根台灣金磚基金,AA1,TWD,21.14
201806,26202396,第一金創新趨勢基金,AA1,TWD,27.64
201806,26273336,日盛MIT主流基金,AA1,TWD,16.05
201806,26288534,德信台灣主流中小基金,AA1,TWD,20.55
201806,26310297,富蘭克林華美台股傘型基金之高科技基金,AA1,TWD,20.98
201806,26310310,富蘭克林華美台股傘型基金之傳產基金,AA1,TWD,20.62
201806,26320632,合庫台灣基金,AA1,TWD,11.36
201806,31837449,國泰價值卓越基金,AA1,TWD,17.35
201806,42298518,華南永昌物聯網精選基金,AA1,TWD,12.31
201806,42532205,路博邁AR台灣股票基金T累積級別(新臺幣),AA1,TWD,10.02
201806,48675778,群益奧斯卡基金,AA1,TWD,30.37
201806,48749899,群益葛萊美基金,AA1,TWD,25.78
201806,48809501,中國信託台灣優勢基金,AA1,TWD,19.04
201806,48858663,台新主流基金,AA1,TWD,24.89
201806,48893417,中國信託台灣活力基金,AA1,TWD,16.8
201806,48934304,統一台灣動力基金,AA1,TWD,20.77
201806,48948481,日盛首選基金,AA1,TWD,18.63
201806,48948834,施羅德樂活中小基金-A類型,AA1,TWD,20.4
201806,48997911,安聯台灣智慧基金,AA1,TWD,32.09
201806,73982057,宏利臺灣股息收益基金,AA1,TWD,28.86
201806,73987671,匯豐台灣精典基金,AA1,TWD,24.58
201806,73988876,日盛小而美基金,AA1,TWD,19.5
201806,73989002,第一金小型精選基金,AA1,TWD,42.99
201806,73989256,景順台灣科技基金,AA1,TWD,33.95
201806,73989501,摩根中小基金,AA1,TWD,25.28
201806,73990253,統一奔騰基金,AA1,TWD,67.63
201806,73990649,保德信科技島基金,AA1,TWD,27.43
201806,73991751,兆豐國際電子基金,AA1,TWD,26.92
201806,73992013,永豐領航科技基金,AA1,TWD,45.13
201806,73998071,新光店頭基金,AA1,TWD,27.5
201806,73998086,復華高成長基金,AA1,TWD,73.76
201806,76941376,匯豐成功基金,AA1,TWD,40.04
201806,77537493,統一統信基金,AA1,TWD,36.0
201806,80892778,華頓中小型基金,AA1,TWD,28.31
201806,80894446,台新中國通基金,AA1,TWD,48.81
201806,81581724,統一經建基金,AA1,TWD,53.39
201806,81584335,元大高科技基金,AA1,TWD,21.69
201806,81584975,日盛上選基金,AA1,TWD,36.33
201806,81584996,兆豐國際中小基金,AA1,TWD,16.85
201806,81585242,新光創新科技基金,AA1,TWD,16.22
201806,81585475,富邦高成長基金,AA1,TWD,26.55
201806,81587889,復華復華基金,AA1,TWD,23.17
201806,81588536,台新台灣中小基金,AA1,TWD,38.25
201806,81591434,群益長安基金,AA1,TWD,31.29
201806,81594690,永豐永豐基金,AA1,TWD,37.42
201806,81595924,瀚亞中小型股基金,AA1,TWD,24.23
201806,83863951,元大經貿基金,AA1,TWD,43.02
201806,83864683,富邦科技基金,AA1,TWD,27.24
201806,83866508,保德信中小型股基金,AA1,TWD,50.87
201806,92001765,元大多多基金,AA1,TWD,22.3
201806,92002244,統一黑馬基金,AA1,TWD,68.3
201806,92002384,富邦精準基金,AA1,TWD,50.44
201806,92003102,瀚亞高科技基金,AA1,TWD,62.71
201806,92004566,元大績效基金,AA1,TWD,64.71
201806,92010477,富邦長紅基金,AA1,TWD,69.74
201806,92012025,摩根新興科技基金,AA1,TWD,59.82
201806,92012572,瀚亞外銷基金,AA1,TWD,45.66
201806,92012762,統一龍馬基金,AA1,TWD,79.12
201806,92013967,保德信金滿意基金,AA1,TWD,43.95
201806,92017794,匯豐龍騰電子基金,AA1,TWD,38.43
201806,92019786,景順潛力基金,AA1,TWD,35.54
201806,92026219,元大卓越基金,AA1,TWD,52.36
201806,92028997,群益中小型股基金,AA1,TWD,52.27
201806,94991068,日盛新台商基金,AA1,TWD,44.62
201806,97972846,德信大發基金,AA1,TWD,30.87
201806,97977878,統一中小基金,AA1,TWD,29.77
201806,97984293,群益馬拉松基金A類型,AA1,TWD,136.02
201806,97988636,保德信店頭市場基金,AA1,TWD,36.38
201806,97990696,瀚亞菁華基金,AA1,TWD,24.36
201806,97997635,聯博大利基金,AA1,TWD,37.54
201806,99973878,野村台灣高股息基金,AA1,TWD,22.72
201809,00965469,兆豐國際第一基金,AA1,TWD,12.59
201809,00968493,野村鴻運基金,AA1,TWD,18.72
201809,00973762,華南永昌永昌基金,AA1,TWD,18.64
201809,00974018,富邦基金A類型,AA1,TWD,12.9
201809,00974066,元大2001基金,AA1,TWD,59.8
201809,00974241,新光台灣富貴基金,AA1,TWD,23.09
201809,00988316,野村台灣運籌基金,AA1,TWD,34.59
201809,01031298,匯豐龍鳳基金-A類型,AA1,TWD,53.0
201809,01031564,野村積極成長基金,AA1,TWD,12.16
201809,01031699,統一全天候基金-A類型,AA1,TWD,106.11
201809,01031874,國泰小龍基金,AA1,TWD,14.92
201809,01032058,元大多福基金,AA1,TWD,52.69
201809,01032162,摩根台灣增長基金,AA1,TWD,50.91
201809,01032183,保德信高成長基金,AA1,TWD,92.6
201809,01050148,兆豐國際國民基金,AA1,TWD,21.51
201809,10341837,兆豐國際豐台灣基金,AA1,TWD,33.07
201809,13528977,保德信台商全方位基金,AA1,TWD,34.11
201809,13539952,凱基開創基金,AA1,TWD,25.9
201809,13984165,富達台灣成長基金,AA1,TWD,31.26
201809,13986924,新光大三通基金,AA1,TWD,18.29
201809,13998344,永豐中小基金,AA1,TWD,50.11
201809,14694495,華頓台灣基金,AA1,TWD,26.23
201809,14705562,國泰科技生化基金,AA1,TWD,31.78
201809,15733973,富蘭克林華美第一富基金,AA1,TWD,37.98
201809,15739619,第一金大中華基金,AA1,TWD,26.33
201809,17139204,元大新主流基金,AA1,TWD,24.07
201809,17140568,景順主流基金,AA1,TWD,16.52
201809,17144889,宏利台灣動力基金,AA1,TWD,30.78
201809,17146752,野村成長基金,AA1,TWD,28.85
201809,17147078,日盛精選五虎基金,AA1,TWD,36.37
201809,17148301,富邦台灣心基金,AA1,TWD,21.5
201809,17152509,永豐高科技基金,AA1,TWD,23.01
201809,17597236,聯邦精選科技基金,AA1,TWD,11.98
201809,17597600,未來資產阿波羅基金,AA1,TWD,11.11
201809,17600534,野村高科技基金,AA1,TWD,10.04
201809,17602625,保德信新世紀基金,AA1,TWD,10.96
201809,17602821,台新2000高科技基金,AA1,TWD,28.39
201809,17603899,瀚亞電通網基金,AA1,TWD,14.61
201809,17604124,安聯台灣大壩基金,AA1,TWD,27.15
201809,17605622,統一大滿貫基金-A類型,AA1,TWD,32.66
201809,17607591,日盛高科技基金,AA1,TWD,17.22
201809,17608487,復華數位經濟基金,AA1,TWD,51.45
201809,17612497,國泰國泰基金台幣級別,AA1,TWD,21.6
201809,18031960,國泰高科技基金,AA1,TWD,11.83
201809,18033138,德信數位時代基金,AA1,TWD,27.34
201809,18036281,元大巴菲特基金,AA1,TWD,27.1
201809,18037937,野村ｅ科技基金,AA1,TWD,19.32
201809,18043059,國泰中小成長基金,AA1,TWD,40.87
201809,18480065,安聯台灣科技基金,AA1,TWD,44.36
201809,18488279,復華中小精選基金,AA1,TWD,67.73
201809,18488469,野村中小基金-累積類型,AA1,TWD,44.64
201809,18496290,聯邦中國龍基金,AA1,TWD,23.76
201809,18499732,德銀遠東DWS台灣旗艦基金,AA1,TWD,14.81
201809,19291128,國泰大中華基金,AA1,TWD,19.03
201809,19330712,貝萊德寶利基金,AA1,TWD,26.21
201809,19330754,野村優質基金-累積類型新臺幣計價,AA1,TWD,31.92
201809,19339782,群益創新科技基金,AA1,TWD,31.69
201809,19341318,第一金電子基金,AA1,TWD,31.73
201809,20080023,元大店頭基金,AA1,TWD,7.97
201809,20081352,群益店頭市場基金,AA1,TWD,95.41
201809,20084317,日盛日盛基金,AA1,TWD,13.14
201809,20089755,富邦精銳中小基金,AA1,TWD,10.67
201809,20092528,第一金店頭市場基金,AA1,TWD,8.54
201809,20094820,柏瑞巨人基金,AA1,TWD,12.81
201809,20097447,保德信第一基金,AA1,TWD,25.25
201809,21759676,復華全方位基金,AA1,TWD,28.88
201809,25612029,凱基台灣精五門基金,AA1,TWD,19.9
201809,25636367,摩根台灣金磚基金-累積型,AA1,TWD,19.26
201809,26202396,第一金創新趨勢基金,AA1,TWD,22.18
201809,26273336,日盛MIT主流基金,AA1,TWD,14.83
201809,26288534,德信台灣主流中小基金,AA1,TWD,17.65
201809,26310297,富蘭克林華美台股傘型基金之高科技基金,AA1,TWD,19.91
201809,26310310,富蘭克林華美台股傘型基金之傳產基金,AA1,TWD,19.8
201809,26320632,合庫台灣基金,AA1,TWD,11.02
201809,31837449,國泰價值卓越基金,AA1,TWD,14.05
201809,42298518,華南永昌物聯網精選基金,AA1,TWD,11.01
201809,42532205,路博邁AR台灣股票基金T累積級別(新臺幣),AA1,TWD,10.02
201809,48675778,群益奧斯卡基金,AA1,TWD,26.69
201809,48749899,群益葛萊美基金,AA1,TWD,22.51
201809,48809501,中國信託台灣優勢基金,AA1,TWD,16.24
201809,48858663,台新主流基金,AA1,TWD,21.85
201809,48893417,中國信託台灣活力基金,AA1,TWD,13.75
201809,48934304,統一台灣動力基金,AA1,TWD,15.99
201809,48948481,日盛首選基金,AA1,TWD,16.3
201809,48948834,施羅德樂活中小基金-A類型,AA1,TWD,18.1
201809,48997911,安聯台灣智慧基金,AA1,TWD,29.43
201809,73982057,宏利臺灣股息收益基金,AA1,TWD,26.78
201809,73987671,匯豐台灣精典基金,AA1,TWD,24.64
201809,73988876,日盛小而美基金,AA1,TWD,17.59
201809,73989002,第一金小型精選基金,AA1,TWD,33.7
201809,73989256,景順台灣科技基金,AA1,TWD,28.83
201809,73989501,摩根中小基金,AA1,TWD,21.38
201809,73990253,統一奔騰基金,AA1,TWD,56.96
201809,73990649,保德信科技島基金,AA1,TWD,25.14
201809,73991751,兆豐國際電子基金,AA1,TWD,24.36
201809,73992013,永豐領航科技基金,AA1,TWD,37.15
201809,73998071,新光店頭基金,AA1,TWD,24.21
201809,73998086,復華高成長基金,AA1,TWD,64.24
201809,76941376,匯豐成功基金,AA1,TWD,44.13
201809,77537493,統一統信基金,AA1,TWD,28.99
201809,80892778,華頓中小型基金,AA1,TWD,25.08
201809,80894446,台新中國通基金,AA1,TWD,39.56
201809,81581724,統一經建基金,AA1,TWD,44.79
201809,81584335,元大高科技基金,AA1,TWD,18.34
201809,81584975,日盛上選基金,AA1,TWD,31.81
201809,81584996,兆豐國際中小基金,AA1,TWD,14.7
201809,81585242,新光創新科技基金,AA1,TWD,14.87
201809,81585475,富邦高成長基金,AA1,TWD,23.41
201809,81587889,復華復華基金,AA1,TWD,20.09
201809,81588536,台新台灣中小基金,AA1,TWD,31.25
201809,81591434,群益長安基金,AA1,TWD,27.44
201809,81594690,永豐永豐基金,AA1,TWD,34.97
201809,81595924,瀚亞中小型股基金,AA1,TWD,20.92
201809,83863951,元大經貿基金,AA1,TWD,36.76
201809,83864683,富邦科技基金,AA1,TWD,22.58
201809,83866508,保德信中小型股基金,AA1,TWD,41.6
201809,92001765,元大多多基金,AA1,TWD,17.37
201809,92002244,統一黑馬基金,AA1,TWD,56.89
201809,92002384,富邦精準基金,AA1,TWD,43.85
201809,92003102,瀚亞高科技基金,AA1,TWD,57.06
201809,92004566,元大績效基金,AA1,TWD,50.04
201809,92010477,富邦長紅基金,AA1,TWD,60.57
201809,92012025,摩根新興科技基金,AA1,TWD,51.46
201809,92012572,瀚亞外銷基金,AA1,TWD,41.42
201809,92012762,統一龍馬基金,AA1,TWD,62.15
201809,92013967,保德信金滿意基金,AA1,TWD,42.38
201809,92017794,匯豐龍騰電子基金,AA1,TWD,35.32
201809,92019786,景順潛力基金,AA1,TWD,30.28
201809,92026219,元大卓越基金,AA1,TWD,45.92
201809,92028997,群益中小型股基金,AA1,TWD,40.8
201809,94991068,日盛新台商基金,AA1,TWD,38.16
201809,97972846,德信大發基金,AA1,TWD,27.96
201809,97977878,統一中小基金,AA1,TWD,24.09
201809,97984293,群益馬拉松基金,AA1,TWD,119.35
201809,97988636,保德信店頭市場基金,AA1,TWD,29.91
201809,97990696,瀚亞菁華基金,AA1,TWD,23.07
201809,97997635,聯博大利基金,AA1,TWD,36.15
201809,99973878,野村台灣高股息基金,AA1,TWD,24.3
201812,00965469,兆豐國際第一基金,AA1,TWD,11.61
201812,00968493,野村鴻運基金,AA1,TWD,16.96
201812,00973762,華南永昌永昌基金,AA1,TWD,17.12
201812,00974018,富邦基金A類型,AA1,TWD,11.62
201812,00974066,元大2001基金,AA1,TWD,53.65
201812,00974241,新光台灣富貴基金,AA1,TWD,20.61
201812,00988316,野村台灣運籌基金,AA1,TWD,31.42
201812,01031298,匯豐龍鳳基金-A類型,AA1,TWD,47.05
201812,01031564,野村積極成長基金,AA1,TWD,11.16
201812,01031699,統一全天候基金-A類型,AA1,TWD,99.0
201812,01031874,國泰小龍基金-台幣級別,AA1,TWD,13.59
201812,01032058,元大多福基金,AA1,TWD,47.42
201812,01032162,摩根台灣增長基金,AA1,TWD,44.55
201812,01032183,保德信高成長基金,AA1,TWD,84.5
201812,01050148,兆豐國際國民基金,AA1,TWD,20.16
201812,10341837,兆豐國際豐台灣基金,AA1,TWD,30.86
201812,13528977,保德信台商全方位基金,AA1,TWD,30.99
201812,13539952,凱基開創基金,AA1,TWD,24.36
201812,13984165,富達台灣成長基金,AA1,TWD,27.69
201812,13986924,新光大三通基金,AA1,TWD,16.33
201812,13998344,永豐中小基金,AA1,TWD,47.15
201812,14694495,華頓台灣基金,AA1,TWD,21.85
201812,14705562,國泰科技生化基金,AA1,TWD,29.05
201812,15733973,富蘭克林華美第一富基金,AA1,TWD,33.74
201812,15739619,第一金大中華基金,AA1,TWD,23.26
201812,17139204,元大新主流基金,AA1,TWD,21.14
201812,17140568,景順主流基金,AA1,TWD,15.1
201812,17144889,宏利台灣動力基金,AA1,TWD,27.27
201812,17146752,野村成長基金,AA1,TWD,26.46
201812,17147078,日盛精選五虎基金,AA1,TWD,32.8
201812,17148301,富邦台灣心基金,AA1,TWD,18.82
201812,17152509,永豐高科技基金,AA1,TWD,21.22
201812,17597236,聯邦精選科技基金,AA1,TWD,11.17
201812,17597600,未來資產阿波羅基金,AA1,TWD,9.45
201812,17600534,野村高科技基金,AA1,TWD,8.45
201812,17602625,保德信新世紀基金,AA1,TWD,9.44
201812,17602821,台新2000高科技基金,AA1,TWD,27.14
201812,17603899,瀚亞電通網基金,AA1,TWD,13.29
201812,17604124,安聯台灣大壩基金,AA1,TWD,25.18
201812,17605622,統一大滿貫基金-A類型,AA1,TWD,29.44
201812,17607591,日盛高科技基金,AA1,TWD,15.81
201812,17608487,復華數位經濟基金,AA1,TWD,43.26
201812,17612497,國泰國泰基金台幣級別,AA1,TWD,19.85
201812,18033138,德信數位時代基金,AA1,TWD,26.0
201812,18036281,元大巴菲特基金,AA1,TWD,23.76
201812,18037937,野村ｅ科技基金,AA1,TWD,16.17
201812,18043059,國泰中小成長基金-台幣級別,AA1,TWD,37.73
201812,18480065,安聯台灣科技基金,AA1,TWD,41.05
201812,18488279,復華中小精選基金,AA1,TWD,59.86
201812,18488469,野村中小基金-累積類型,AA1,TWD,40.94
201812,18496290,聯邦中國龍基金,AA1,TWD,22.07
201812,18499732,德銀遠東DWS台灣旗艦基金,AA1,TWD,13.54
201812,19291128,國泰大中華基金,AA1,TWD,17.19
201812,19330712,貝萊德寶利基金,AA1,TWD,23.14
201812,19330754,野村優質基金-累積類型新臺幣計價,AA1,TWD,29.38
201812,19339782,群益創新科技基金,AA1,TWD,28.62
201812,19341318,第一金電子基金,AA1,TWD,27.97
201812,20080023,元大店頭基金,AA1,TWD,7.18
201812,20081352,群益店頭市場基金,AA1,TWD,78.64
201812,20084317,日盛日盛基金,AA1,TWD,11.7
201812,20089755,富邦精銳中小基金,AA1,TWD,9.7
201812,20092528,第一金店頭市場基金,AA1,TWD,7.51
201812,20094820,柏瑞巨人基金,AA1,TWD,11.51
201812,20097447,保德信第一基金,AA1,TWD,22.78
201812,21759676,復華全方位基金,AA1,TWD,25.72
201812,25612029,凱基台灣精五門基金,AA1,TWD,18.1
201812,25636367,摩根台灣金磚基金-累積型,AA1,TWD,17.08
201812,26202396,第一金創新趨勢基金,AA1,TWD,19.63
201812,26273336,日盛MIT主流基金,AA1,TWD,13.84
201812,26288534,德信台灣主流中小基金,AA1,TWD,16.78
201812,26310297,富蘭克林華美台股傘型基金之高科技基金,AA1,TWD,18.5
201812,26310310,富蘭克林華美台股傘型基金之傳產基金,AA1,TWD,18.55
201812,26320632,合庫台灣基金,AA1,TWD,9.65
201812,31837449,國泰價值卓越基金,AA1,TWD,12.83
201812,42298518,華南永昌物聯網精選基金,AA1,TWD,10.39
201812,42532205,路博邁AR台灣股票基金T累積級別(新臺幣),AA1,TWD,9.27
201812,48675778,群益奧斯卡基金,AA1,TWD,24.1
201812,48749899,群益葛萊美基金,AA1,TWD,21.06
201812,48809501,中國信託台灣優勢基金,AA1,TWD,14.96
201812,48858663,台新主流基金,AA1,TWD,21.01
201812,48893417,中國信託台灣活力基金,AA1,TWD,13.0
201812,48934304,統一台灣動力基金,AA1,TWD,15.1
201812,48948481,日盛首選基金,AA1,TWD,14.89
201812,48948834,施羅德樂活中小基金-A類型,AA1,TWD,16.65
201812,48997911,安聯台灣智慧基金,AA1,TWD,27.42
201812,73982057,宏利臺灣股息收益基金,AA1,TWD,23.32
201812,73987671,匯豐台灣精典基金,AA1,TWD,21.88
201812,73988876,日盛小而美基金,AA1,TWD,15.95
201812,73989002,第一金小型精選基金,AA1,TWD,28.74
201812,73989256,景順台灣科技基金,AA1,TWD,25.92
201812,73989501,摩根中小基金,AA1,TWD,19.54
201812,73990253,統一奔騰基金,AA1,TWD,50.94
201812,73990649,保德信科技島基金,AA1,TWD,23.64
201812,73991751,兆豐國際電子基金,AA1,TWD,22.78
201812,73992013,永豐領航科技基金,AA1,TWD,34.91
201812,73998071,新光店頭基金,AA1,TWD,20.89
201812,73998086,復華高成長基金,AA1,TWD,59.47
201812,76941376,匯豐成功基金,AA1,TWD,38.82
201812,77537493,統一統信基金,AA1,TWD,25.77
201812,80892778,華頓中小型基金,AA1,TWD,19.35
201812,80894446,台新中國通基金,AA1,TWD,38.05
201812,81581724,統一經建基金,AA1,TWD,41.45
201812,81584335,元大高科技基金,AA1,TWD,16.76
201812,81584975,日盛上選基金,AA1,TWD,28.33
201812,81584996,兆豐國際中小基金,AA1,TWD,13.59
201812,81585242,新光創新科技基金,AA1,TWD,12.41
201812,81585475,富邦高成長基金,AA1,TWD,20.42
201812,81587889,復華復華基金,AA1,TWD,18.53
201812,81588536,台新台灣中小基金,AA1,TWD,29.74
201812,81591434,群益長安基金,AA1,TWD,23.24
201812,81594690,永豐永豐基金,AA1,TWD,31.53
201812,81595924,瀚亞中小型股基金,AA1,TWD,19.49
201812,83863951,元大經貿基金,AA1,TWD,33.11
201812,83864683,富邦科技基金,AA1,TWD,20.88
201812,83866508,保德信中小型股基金,AA1,TWD,40.2
201812,92001765,元大多多基金,AA1,TWD,15.36
201812,92002244,統一黑馬基金,AA1,TWD,51.51
201812,92002384,富邦精準基金,AA1,TWD,39.92
201812,92003102,瀚亞高科技基金,AA1,TWD,52.68
201812,92004566,元大績效基金,AA1,TWD,44.12
201812,92010477,富邦長紅基金,AA1,TWD,53.12
201812,92012025,摩根新興科技基金,AA1,TWD,45.69
201812,92012572,瀚亞外銷基金,AA1,TWD,37.27
201812,92012762,統一龍馬基金,AA1,TWD,56.83
201812,92013967,保德信金滿意基金,AA1,TWD,38.52
201812,92017794,匯豐龍騰電子基金,AA1,TWD,31.97
201812,92019786,景順潛力基金,AA1,TWD,27.8
201812,92026219,元大卓越基金,AA1,TWD,40.12
201812,92028997,群益中小型股基金,AA1,TWD,37.53
201812,94991068,日盛新台商基金,AA1,TWD,34.38
201812,97972846,德信大發基金,AA1,TWD,25.44
201812,97977878,統一中小基金,AA1,TWD,21.91
201812,97984293,群益馬拉松基金,AA1,TWD,102.92
201812,97988636,保德信店頭市場基金,AA1,TWD,28.76
201812,97990696,瀚亞菁華基金,AA1,TWD,19.87
201812,97997635,聯博大利基金,AA1,TWD,31.35
201812,99973878,野村台灣高股息基金,AA1,TWD,22.96
201903,00965469,兆豐國際第一基金,AA1,TWD,13.22
201903,00968493,野村鴻運基金,AA1,TWD,19.52
201903,00973762,華南永昌永昌基金,AA1,TWD,20.19
201903,00974018,富邦基金A類型,AA1,TWD,13.23
201903,00974066,元大2001基金,AA1,TWD,61.17
201903,00974241,新光台灣富貴基金,AA1,TWD,23.27
201903,00988316,野村台灣運籌基金,AA1,TWD,35.95
201903,01031298,匯豐龍鳳基金-A類型,AA1,TWD,52.09
201903,01031564,野村積極成長基金,AA1,TWD,12.57
201903,01031699,統一全天候基金-A類型,AA1,TWD,113.06
201903,01031874,國泰小龍基金-台幣級別,AA1,TWD,15.02
201903,01032058,元大多福基金,AA1,TWD,52.38
201903,01032162,摩根台灣增長基金,AA1,TWD,49.35
201903,01032183,保德信高成長基金,AA1,TWD,94.5
201903,01050148,兆豐國際國民基金,AA1,TWD,22.65
201903,10341837,兆豐國際豐台灣基金,AA1,TWD,34.6
201903,13528977,保德信台商全方位基金,AA1,TWD,35.64
201903,13539952,凱基開創基金,AA1,TWD,27.71
201903,13984165,富達台灣成長基金,AA1,TWD,30.44
201903,13986924,新光大三通基金,AA1,TWD,18.11
201903,13998344,永豐中小基金,AA1,TWD,52.73
201903,14694495,華頓台灣基金,AA1,TWD,24.36
201903,14705562,國泰科技生化基金,AA1,TWD,32.96
201903,15733973,富蘭克林華美第一富基金,AA1,TWD,38.64
201903,15739619,第一金大中華基金,AA1,TWD,25.52
201903,17139204,元大新主流基金,AA1,TWD,23.98
201903,17140568,景順主流基金,AA1,TWD,17.7
201903,17144889,宏利台灣動力基金,AA1,TWD,29.7
201903,17146752,野村成長基金,AA1,TWD,29.71
201903,17147078,日盛精選五虎基金,AA1,TWD,36.53
201903,17148301,富邦台灣心基金,AA1,TWD,21.87
201903,17152509,永豐高科技基金,AA1,TWD,23.4
201903,17597236,聯邦精選科技基金,AA1,TWD,12.81
201903,17597600,鋒裕匯理阿波羅基金,AA1,TWD,10.72
201903,17600534,野村高科技基金,AA1,TWD,9.96
201903,17602625,保德信新世紀基金,AA1,TWD,10.16
201903,17602821,台新2000高科技基金,AA1,TWD,31.27
201903,17603899,瀚亞電通網基金,AA1,TWD,15.16
201903,17604124,安聯台灣大壩基金,AA1,TWD,30.0
201903,17605622,統一大滿貫基金-A類型,AA1,TWD,33.77
201903,17607591,日盛高科技基金,AA1,TWD,18.28
201903,17608487,復華數位經濟基金,AA1,TWD,46.77
201903,17612497,國泰國泰基金台幣級別,AA1,TWD,22.38
201903,18033138,德信數位時代基金,AA1,TWD,30.5
201903,18036281,元大巴菲特基金,AA1,TWD,26.09
201903,18037937,野村ｅ科技基金,AA1,TWD,19.02
201903,18043059,國泰中小成長基金-台幣級別,AA1,TWD,42.13
201903,18480065,安聯台灣科技基金,AA1,TWD,48.23
201903,18488279,復華中小精選基金,AA1,TWD,65.8
201903,18488469,野村中小基金-累積類型,AA1,TWD,45.58
201903,18496290,聯邦中國龍基金,AA1,TWD,25.67
201903,18499732,德銀遠東DWS台灣旗艦基金,AA1,TWD,15.43
201903,19291128,國泰大中華基金,AA1,TWD,19.25
201903,19330712,貝萊德寶利基金,AA1,TWD,26.31
201903,19330754,野村優質基金-累積類型新臺幣計價,AA1,TWD,35.43
201903,19339782,群益創新科技基金,AA1,TWD,33.45
201903,19341318,第一金電子基金,AA1,TWD,32.24
201903,20080023,元大店頭基金,AA1,TWD,8.21
201903,20081352,群益店頭市場基金,AA1,TWD,92.88
201903,20084317,日盛日盛基金,AA1,TWD,13.5
201903,20089755,富邦精銳中小基金,AA1,TWD,11.16
201903,20092528,第一金店頭市場基金,AA1,TWD,8.26
201903,20094820,柏瑞巨人基金,AA1,TWD,12.49
201903,20097447,保德信第一基金,AA1,TWD,25.53
201903,21759676,復華全方位基金,AA1,TWD,28.96
201903,25612029,凱基台灣精五門基金,AA1,TWD,20.62
201903,25636367,摩根台灣金磚基金-累積型,AA1,TWD,19.61
201903,26202396,第一金創新趨勢基金,AA1,TWD,21.8
201903,26273336,日盛MIT主流基金,AA1,TWD,15.54
201903,26288534,德信台灣主流中小基金,AA1,TWD,18.38
201903,26310297,富蘭克林華美台股傘型基金之高科技基金,AA1,TWD,21.61
201903,26310310,富蘭克林華美台股傘型基金之傳產基金,AA1,TWD,20.96
201903,26320632,合庫台灣基金,AA1,TWD,11.15
201903,31837449,國泰價值卓越基金,AA1,TWD,14.23
201903,42298518,華南永昌物聯網精選基金,AA1,TWD,12.22
201903,42532205,路博邁AR台灣股票基金T累積級別(新臺幣),AA1,TWD,9.72
201903,48675778,群益奧斯卡基金,AA1,TWD,28.95
201903,48749899,群益葛萊美基金,AA1,TWD,24.51
201903,48858663,台新主流基金,AA1,TWD,23.02
201903,48893417,中國信託台灣活力基金,AA1,TWD,14.51
201903,48934304,統一台灣動力基金,AA1,TWD,18.03
201903,48948481,日盛首選基金,AA1,TWD,17.24
201903,48948834,施羅德台灣樂活中小基金-A類型,AA1,TWD,18.86
201903,48997911,安聯台灣智慧基金,AA1,TWD,32.9
201903,73982057,宏利臺灣股息收益基金,AA1,TWD,24.91
201903,73987671,匯豐台灣精典基金,AA1,TWD,24.14
201903,73988876,日盛小而美基金,AA1,TWD,18.23
201903,73989002,第一金小型精選基金,AA1,TWD,32.25
201903,73989256,景順台灣科技基金,AA1,TWD,30.61
201903,73989501,摩根中小基金,AA1,TWD,22.9
201903,73990253,統一奔騰基金,AA1,TWD,59.12
201903,73990649,保德信科技島基金,AA1,TWD,26.31
201903,73991751,兆豐國際電子基金,AA1,TWD,26.02
201903,73992013,永豐領航科技基金,AA1,TWD,38.22
201903,73998071,新光店頭基金,AA1,TWD,23.1
201903,73998086,復華高成長基金,AA1,TWD,68.06
201903,76941376,匯豐成功基金,AA1,TWD,43.81
201903,77537493,統一統信基金,AA1,TWD,30.09
201903,80892778,華頓中小型基金,AA1,TWD,21.47
201903,80894446,台新中國通基金,AA1,TWD,44.29
201903,81581724,統一經建基金,AA1,TWD,47.61
201903,81584335,元大高科技基金,AA1,TWD,19.09
201903,81584975,日盛上選基金,AA1,TWD,33.83
201903,81585242,新光創新科技基金,AA1,TWD,13.66
201903,81585475,富邦高成長基金,AA1,TWD,23.59
201903,81587889,復華復華基金,AA1,TWD,21.23
201903,81588536,台新台灣中小基金,AA1,TWD,33.94
201903,81591434,群益長安基金,AA1,TWD,28.26
201903,81594690,永豐永豐基金,AA1,TWD,33.6
201903,81595924,瀚亞中小型股基金,AA1,TWD,21.25
201903,83863951,元大經貿基金,AA1,TWD,36.69
201903,83864683,富邦科技基金,AA1,TWD,23.56
201903,83866508,保德信中小型股基金,AA1,TWD,47.01
201903,92001765,元大多多基金,AA1,TWD,17.08
201903,92002244,統一黑馬基金,AA1,TWD,59.16
201903,92002384,富邦精準基金,AA1,TWD,45.41
201903,92003102,瀚亞高科技基金,AA1,TWD,58.42
201903,92010477,富邦長紅基金,AA1,TWD,61.37
201903,92012025,摩根新興科技基金,AA1,TWD,53.33
201903,92012572,瀚亞外銷基金,AA1,TWD,40.53
201903,92012762,統一龍馬基金,AA1,TWD,67.01
201903,92013967,保德信金滿意基金,AA1,TWD,42.54
201903,92017794,匯豐龍騰電子基金,AA1,TWD,36.43
201903,92019786,景順潛力基金,AA1,TWD,32.29
201903,92026219,元大卓越基金,AA1,TWD,43.97
201903,92028997,群益中小型股基金,AA1,TWD,45.12
201903,94991068,日盛新台商基金,AA1,TWD,40.06
201903,97972846,德信大發基金,AA1,TWD,29.06
201903,97977878,統一中小基金,AA1,TWD,24.83
201903,97984293,群益馬拉松基金,AA1,TWD,117.66
201903,97988636,保德信店頭市場基金,AA1,TWD,33.61
201903,97990696,瀚亞菁華基金,AA1,TWD,22.36
201903,97997635,聯博大利基金,AA1,TWD,35.32
201903,99973878,野村台灣高股息基金,AA1,TWD,24.5
201906,00965469,兆豐國際第一基金,AA1,TWD,13.08
201906,00968493,野村鴻運基金,AA1,TWD,18.93
201906,00973762,華南永昌永昌基金,AA1,TWD,19.31
201906,00974018,富邦基金A類型,AA1,TWD,13.06
201906,00974066,元大2001基金,AA1,TWD,59.88
201906,00974241,新光台灣富貴基金,AA1,TWD,23.28
201906,00988316,野村台灣運籌基金,AA1,TWD,35.04
201906,01031298,匯豐龍鳳基金-A類型,AA1,TWD,52.43
201906,01031564,野村積極成長基金,AA1,TWD,12.43
201906,01031699,統一全天候基金-A類型,AA1,TWD,103.49
201906,01031874,國泰小龍基金-新台幣,AA1,TWD,14.55
201906,01032058,元大多福基金,AA1,TWD,51.15
201906,01032162,摩根台灣增長基金,AA1,TWD,49.43
201906,01032183,保德信高成長基金,AA1,TWD,92.71
201906,01050148,兆豐國際國民基金,AA1,TWD,21.92
201906,10341837,兆豐國際豐台灣基金,AA1,TWD,34.19
201906,13539952,凱基開創基金,AA1,TWD,27.51
201906,13984165,富達台灣成長基金,AA1,TWD,30.97
201906,13986924,新光大三通基金,AA1,TWD,17.87
201906,13998344,永豐中小基金,AA1,TWD,52.36
201906,14694495,華頓台灣基金,AA1,TWD,22.06
201906,14705562,國泰科技生化基金,AA1,TWD,31.94
201906,15733973,富蘭克林華美第一富基金,AA1,TWD,37.73
201906,15739619,第一金大中華基金,AA1,TWD,25.85
201906,17139204,元大新主流基金,AA1,TWD,23.24
201906,17140568,景順主流基金,AA1,TWD,17.17
201906,17144889,宏利台灣動力基金A類型,AA1,TWD,29.69
201906,17146752,野村成長基金,AA1,TWD,29.36
201906,17147078,日盛精選五虎基金,AA1,TWD,35.7
201906,17148301,富邦台灣心基金,AA1,TWD,21.08
201906,17152509,永豐高科技基金,AA1,TWD,22.85
201906,17597236,聯邦精選科技基金,AA1,TWD,12.52
201906,17597600,鋒裕匯理阿波羅基金,AA1,TWD,10.49
201906,17600534,野村高科技基金,AA1,TWD,9.65
201906,17602625,保德信新世紀基金,AA1,TWD,10.43
201906,17602821,台新2000高科技基金,AA1,TWD,30.18
201906,17603899,瀚亞電通網基金,AA1,TWD,14.64
201906,17604124,安聯台灣大壩基金,AA1,TWD,29.44
201906,17605622,統一大滿貫基金-A類型,AA1,TWD,32.84
201906,17607591,日盛高科技基金,AA1,TWD,17.57
201906,17608487,復華數位經濟基金,AA1,TWD,45.29
201906,17612497,國泰國泰基金-新台幣A,AA1,TWD,22.26
201906,18033138,德信數位時代基金,AA1,TWD,31.48
201906,18037937,野村ｅ科技基金,AA1,TWD,18.36
201906,18043059,國泰中小成長基金-新台幣,AA1,TWD,41.12
201906,18480065,安聯台灣科技基金,AA1,TWD,49.79
201906,18488279,復華中小精選基金,AA1,TWD,65.23
201906,18488469,野村中小基金-累積類型,AA1,TWD,44.27
201906,18496290,聯邦中國龍基金,AA1,TWD,25.01
201906,18499732,德銀遠東DWS台灣旗艦基金,AA1,TWD,15.52
201906,19291128,國泰大中華基金,AA1,TWD,19.13
201906,19330712,貝萊德寶利基金,AA1,TWD,26.77
201906,19330754,野村優質基金-累積類型新臺幣計價,AA1,TWD,34.75
201906,19339782,群益創新科技基金,AA1,TWD,31.61
201906,19341318,第一金電子基金,AA1,TWD,32.43
201906,20080023,元大店頭基金,AA1,TWD,8.05
201906,20081352,群益店頭市場基金,AA1,TWD,91.51
201906,20084317,日盛日盛基金,AA1,TWD,11.11
201906,20089755,富邦精銳中小基金,AA1,TWD,11.03
201906,20092528,第一金店頭市場基金,AA1,TWD,7.8
201906,20094820,柏瑞巨人基金,AA1,TWD,12.76
201906,21759676,復華全方位基金,AA1,TWD,28.61
201906,25612029,凱基台灣精五門基金,AA1,TWD,20.66
201906,25636367,摩根台灣金磚基金-累積型,AA1,TWD,19.33
201906,26202396,第一金創新趨勢基金,AA1,TWD,21.24
201906,26273336,日盛MIT主流基金,AA1,TWD,15.21
201906,26288534,德信台灣主流中小基金,AA1,TWD,18.97
201906,26310297,富蘭克林華美台股傘型基金之高科技基金,AA1,TWD,21.6
201906,26310310,富蘭克林華美台股傘型基金之傳產基金,AA1,TWD,21.68
201906,26320632,合庫台灣基金,AA1,TWD,10.88
201906,42298518,華南永昌物聯網精選基金,AA1,TWD,11.62
201906,42532205,路博邁AR台灣股票基金T累積級別(新臺幣),AA1,TWD,9.89
201906,48675778,群益奧斯卡基金,AA1,TWD,28.29
201906,48749899,群益葛萊美基金,AA1,TWD,22.7
201906,48858663,台新主流基金,AA1,TWD,23.39
201906,48893417,中國信託台灣活力基金,AA1,TWD,12.89
201906,48934304,統一台灣動力基金,AA1,TWD,17.23
201906,48948481,日盛首選基金,AA1,TWD,16.82
201906,48948834,施羅德台灣樂活中小基金-A類型,AA1,TWD,18.88
201906,48997911,安聯台灣智慧基金,AA1,TWD,32.88
201906,73982057,宏利臺灣股息收益基金A類型,AA1,TWD,25.36
201906,73987671,匯豐台灣精典基金,AA1,TWD,24.28
201906,73988876,日盛小而美基金,AA1,TWD,17.55
201906,73989002,第一金小型精選基金,AA1,TWD,31.77
201906,73989256,景順台灣科技基金,AA1,TWD,29.69
201906,73989501,摩根中小基金,AA1,TWD,21.86
201906,73990253,統一奔騰基金,AA1,TWD,55.97
201906,73990649,保德信科技島基金,AA1,TWD,25.59
201906,73991751,兆豐國際電子基金,AA1,TWD,25.7
201906,73992013,永豐領航科技基金,AA1,TWD,37.08
201906,73998071,新光店頭基金,AA1,TWD,22.15
201906,73998086,復華高成長基金,AA1,TWD,67.75
201906,76941376,匯豐成功基金,AA1,TWD,44.92
201906,77537493,統一統信基金,AA1,TWD,28.87
201906,80892778,華頓中小型基金,AA1,TWD,19.89
201906,80894446,台新中國通基金,AA1,TWD,43.41
201906,81581724,統一經建基金,AA1,TWD,43.81
201906,81584335,元大高科技基金,AA1,TWD,18.7
201906,81584975,日盛上選基金,AA1,TWD,33.48
201906,81585242,新光創新科技基金,AA1,TWD,12.91
201906,81585475,富邦高成長基金,AA1,TWD,22.74
201906,81587889,復華復華基金,AA1,TWD,21.17
201906,81588536,台新台灣中小基金,AA1,TWD,33.48
201906,81591434,群益長安基金,AA1,TWD,28.67
201906,81594690,永豐永豐基金,AA1,TWD,32.4
201906,81595924,瀚亞中小型股基金,AA1,TWD,20.0
201906,83863951,元大經貿基金,AA1,TWD,35.82
201906,83864683,富邦科技基金,AA1,TWD,23.35
201906,83866508,保德信中小型股基金,AA1,TWD,44.8
201906,92001765,元大多多基金,AA1,TWD,16.79
201906,92002244,統一黑馬基金,AA1,TWD,56.89
201906,92002384,富邦精準基金,AA1,TWD,43.17
201906,92003102,瀚亞高科技基金,AA1,TWD,56.09
201906,92010477,富邦長紅基金,AA1,TWD,58.85
201906,92012025,摩根新興科技基金,AA1,TWD,51.86
201906,92012572,瀚亞外銷基金,AA1,TWD,38.82
201906,92012762,統一龍馬基金,AA1,TWD,63.34
201906,92013967,保德信金滿意基金,AA1,TWD,41.67
201906,92017794,匯豐龍騰電子基金,AA1,TWD,36.23
201906,92019786,景順潛力基金,AA1,TWD,31.4
201906,92026219,元大卓越基金,AA1,TWD,43.12
201906,92028997,群益中小型股基金,AA1,TWD,44.39
201906,94991068,日盛新台商基金,AA1,TWD,38.58
201906,97972846,德信大發基金,AA1,TWD,29.32
201906,97977878,統一中小基金,AA1,TWD,22.74
201906,97984293,群益馬拉松基金,AA1,TWD,115.9
201906,97988636,保德信店頭市場基金,AA1,TWD,33.07
201906,97990696,瀚亞菁華基金,AA1,TWD,21.05
201906,97997635,聯博大利基金,AA1,TWD,34.88
201906,99973878,野村台灣高股息基金,AA1,TWD,24.6
201909,00965469,兆豐國際第一基金,AA1,TWD,13.92
201909,00968493,野村鴻運基金,AA1,TWD,21.41
201909,00973762,華南永昌永昌基金,AA1,TWD,20.13
201909,00974018,富邦基金A類型,AA1,TWD,14.45
201909,00974066,元大2001基金,AA1,TWD,67.17
201909,00974241,新光台灣富貴基金,AA1,TWD,25.5
201909,00988316,野村台灣運籌基金,AA1,TWD,39.56
201909,01031298,匯豐龍鳳基金-A類型,AA1,TWD,54.47
201909,01031564,野村積極成長基金,AA1,TWD,14.36
201909,01031699,統一全天候基金-A類型,AA1,TWD,117.6
201909,01031874,國泰小龍基金-新台幣,AA1,TWD,15.96
201909,01032058,元大多福基金,AA1,TWD,54.8
201909,01032162,摩根台灣增長基金,AA1,TWD,51.16
201909,01032183,保德信高成長基金,AA1,TWD,100.73
201909,01050148,兆豐國際國民基金,AA1,TWD,23.42
201909,10341837,兆豐國際豐台灣基金,AA1,TWD,36.79
201909,13539952,凱基開創基金,AA1,TWD,30.19
201909,13984165,富達台灣成長基金,AA1,TWD,31.96
201909,13986924,新光大三通基金,AA1,TWD,18.98
201909,13998344,永豐中小基金,AA1,TWD,55.52
201909,14694495,華頓台灣基金,AA1,TWD,24.15
201909,14705562,國泰科技生化基金,AA1,TWD,37.05
201909,15733973,富蘭克林華美第一富基金,AA1,TWD,40.75
201909,15739619,第一金大中華基金,AA1,TWD,26.98
201909,17139204,元大新主流基金,AA1,TWD,26.34
201909,17140568,景順主流基金,AA1,TWD,19.43
201909,17144889,宏利台灣動力基金A類型,AA1,TWD,31.64
201909,17146752,野村成長基金,AA1,TWD,33.88
201909,17147078,日盛精選五虎基金,AA1,TWD,37.78
201909,17148301,富邦台灣心基金,AA1,TWD,22.95
201909,17597236,聯邦精選科技基金,AA1,TWD,13.87
201909,17597600,鋒裕匯理阿波羅基金,AA1,TWD,11.49
201909,17600534,野村高科技基金,AA1,TWD,11.54
201909,17602625,保德信新世紀基金,AA1,TWD,10.47
201909,17602821,台新2000高科技基金,AA1,TWD,34.41
201909,17604124,安聯台灣大壩基金-A類型-新臺幣,AA1,TWD,33.54
201909,17605622,統一大滿貫基金-A類型,AA1,TWD,37.17
201909,17607591,日盛高科技基金,AA1,TWD,19.48
201909,17608487,復華數位經濟基金,AA1,TWD,49.65
201909,17612497,國泰國泰基金-新台幣A,AA1,TWD,24.37
201909,18033138,德信數位時代基金,AA1,TWD,34.7
201909,18037937,野村ｅ科技基金,AA1,TWD,21.87
201909,18043059,國泰中小成長基金-新台幣,AA1,TWD,45.91
201909,18480065,安聯台灣科技基金,AA1,TWD,55.33
201909,18488279,復華中小精選基金,AA1,TWD,69.01
201909,18488469,野村中小基金-累積類型,AA1,TWD,50.46
201909,18496290,聯邦中國龍基金,AA1,TWD,27.73
201909,18499732,德銀遠東DWS台灣旗艦基金,AA1,TWD,17.86
201909,19291128,國泰大中華基金,AA1,TWD,21.27
201909,19330712,貝萊德寶利基金,AA1,TWD,28.07
201909,19330754,野村優質基金-累積類型新臺幣計價,AA1,TWD,40.28
201909,19339782,群益創新科技基金,AA1,TWD,34.85
201909,19341318,第一金電子基金,AA1,TWD,35.96
201909,20080023,元大店頭基金,AA1,TWD,8.87
201909,20081352,群益店頭市場基金,AA1,TWD,99.07
201909,20084317,日盛日盛基金,AA1,TWD,12.5
201909,20089755,富邦精銳中小基金,AA1,TWD,12.25
201909,20092528,第一金店頭市場基金,AA1,TWD,8.23
201909,20094820,柏瑞巨人基金,AA1,TWD,13.28
201909,21759676,復華全方位基金,AA1,TWD,31.02
201909,25612029,凱基台灣精五門基金,AA1,TWD,22.74
201909,25636367,摩根台灣金磚基金-累積型,AA1,TWD,19.96
201909,26202396,第一金創新趨勢基金,AA1,TWD,22.7
201909,26273336,日盛MIT主流基金,AA1,TWD,16.15
201909,26288534,德信台灣主流中小基金,AA1,TWD,20.59
201909,26310297,富蘭克林華美台股傘型基金之高科技基金,AA1,TWD,23.7
201909,26310310,富蘭克林華美台股傘型基金之傳產基金,AA1,TWD,22.55
201909,26320632,合庫台灣基金,AA1,TWD,12.2
201909,42298518,華南永昌物聯網精選基金,AA1,TWD,12.4
201909,42532205,路博邁AR台灣股票基金T累積級別(新臺幣),AA1,TWD,10.05
201909,48675778,群益奧斯卡基金,AA1,TWD,31.0
201909,48749899,群益葛萊美基金,AA1,TWD,24.73
201909,48858663,台新主流基金,AA1,TWD,26.35
201909,48893417,中國信託台灣活力基金,AA1,TWD,13.36
201909,48934304,統一台灣動力基金,AA1,TWD,19.82
201909,48948481,日盛首選基金,AA1,TWD,18.39
201909,48948834,施羅德台灣樂活中小基金-A類型,AA1,TWD,19.94
201909,48997911,安聯台灣智慧基金,AA1,TWD,38.45
201909,73982057,宏利臺灣股息收益基金A類型,AA1,TWD,27.13
201909,73987671,匯豐台灣精典基金,AA1,TWD,25.21
201909,73988876,日盛小而美基金,AA1,TWD,19.32
201909,73989002,第一金小型精選基金,AA1,TWD,33.89
201909,73989256,景順台灣科技基金,AA1,TWD,34.17
201909,73989501,摩根中小基金,AA1,TWD,22.98
201909,73990253,統一奔騰基金,AA1,TWD,62.18
201909,73990649,保德信科技島基金,AA1,TWD,29.14
201909,73991751,兆豐國際電子基金,AA1,TWD,27.01
201909,73992013,永豐領航科技基金,AA1,TWD,40.4
201909,73998071,新光店頭基金,AA1,TWD,23.43
201909,73998086,復華高成長基金,AA1,TWD,71.26
201909,76941376,匯豐成功基金,AA1,TWD,42.64
201909,77537493,統一統信基金,AA1,TWD,31.81
201909,80892778,華頓中小型基金,AA1,TWD,22.19
201909,80894446,台新中國通基金,AA1,TWD,49.86
201909,81581724,統一經建基金,AA1,TWD,49.61
201909,81584335,元大高科技基金,AA1,TWD,20.94
201909,81584975,日盛上選基金,AA1,TWD,37.32
201909,81585242,新光創新科技基金,AA1,TWD,13.8
201909,81585475,富邦高成長基金,AA1,TWD,24.59
201909,81587889,復華復華基金,AA1,TWD,22.33
201909,81588536,台新台灣中小基金,AA1,TWD,38.92
201909,81591434,群益長安基金,AA1,TWD,30.62
201909,81594690,永豐永豐基金,AA1,TWD,34.3
201909,81595924,瀚亞中小型股基金,AA1,TWD,21.96
201909,83863951,元大經貿基金,AA1,TWD,38.31
201909,83864683,富邦科技基金,AA1,TWD,25.92
201909,83866508,保德信中小型股基金,AA1,TWD,52.85
201909,92001765,元大多多基金,AA1,TWD,18.0
201909,92002244,統一黑馬基金,AA1,TWD,62.18
201909,92002384,富邦精準基金,AA1,TWD,46.22
201909,92003102,瀚亞高科技基金,AA1,TWD,61.91
201909,92010477,富邦長紅基金,AA1,TWD,63.75
201909,92012025,摩根新興科技基金,AA1,TWD,55.15
201909,92012572,瀚亞外銷基金,AA1,TWD,41.37
201909,92012762,統一龍馬基金,AA1,TWD,71.95
201909,92013967,保德信金滿意基金,AA1,TWD,44.15
201909,92017794,匯豐龍騰電子基金,AA1,TWD,39.35
201909,92019786,景順潛力基金,AA1,TWD,33.8
201909,92026219,元大卓越基金,AA1,TWD,42.8
201909,92028997,群益中小型股基金,AA1,TWD,47.43
201909,94991068,日盛新台商基金,AA1,TWD,43.09
201909,97972846,德信大發基金,AA1,TWD,31.75
201909,97977878,統一中小基金,AA1,TWD,25.61
201909,97984293,群益馬拉松基金,AA1,TWD,124.02
201909,97988636,保德信店頭市場基金,AA1,TWD,38.06
201909,97990696,瀚亞菁華基金,AA1,TWD,22.31
201909,97997635,聯博大利基金,AA1,TWD,37.8
201909,99973878,野村台灣高股息基金,AA1,TWD,25.98
201912,00965469,兆豐國際第一基金,AA1,TWD,15.75
201912,00968493,野村鴻運基金,AA1,TWD,23.8
201912,00973762,華南永昌永昌基金,AA1,TWD,21.68
201912,00974018,富邦基金A類型,AA1,TWD,16.07
201912,00974066,元大2001基金,AA1,TWD,74.3
201912,00974241,新光台灣富貴基金,AA1,TWD,27.22
201912,00988316,野村台灣運籌基金,AA1,TWD,44.22
201912,01031298,匯豐龍鳳基金-A類型,AA1,TWD,60.02
201912,01031564,野村積極成長基金,AA1,TWD,16.17
201912,01031699,統一全天候基金-A類型,AA1,TWD,130.88
201912,01031874,國泰小龍基金-新台幣,AA1,TWD,17.25
201912,01032058,元大多福基金,AA1,TWD,59.58
201912,01032162,摩根台灣增長基金,AA1,TWD,55.82
201912,01032183,保德信高成長基金,AA1,TWD,113.79
201912,01050148,兆豐國際國民基金,AA1,TWD,25.93
201912,10341837,兆豐國際豐台灣基金,AA1,TWD,40.38
201912,13539952,凱基開創基金,AA1,TWD,32.73
201912,13984165,富達台灣成長基金,AA1,TWD,34.77
201912,13986924,新光大三通基金,AA1,TWD,21.15
201912,13998344,永豐中小基金-A類型,AA1,TWD,59.3
201912,14694495,華頓台灣基金,AA1,TWD,27.77
201912,14705562,國泰科技生化基金,AA1,TWD,42.82
201912,15733973,富蘭克林華美第一富基金,AA1,TWD,44.08
201912,15739619,第一金大中華基金,AA1,TWD,29.26
201912,17139204,元大新主流基金,AA1,TWD,29.03
201912,17140568,景順主流基金,AA1,TWD,21.42
201912,17144889,宏利台灣動力基金A類型,AA1,TWD,35.33
201912,17146752,野村成長基金,AA1,TWD,38.11
201912,17147078,日盛精選五虎基金,AA1,TWD,41.77
201912,17148301,富邦台灣心基金,AA1,TWD,26.94
201912,17597236,聯邦精選科技基金,AA1,TWD,15.01
201912,17597600,鋒裕匯理阿波羅基金,AA1,TWD,12.27
201912,17600534,野村高科技基金,AA1,TWD,13.28
201912,17602625,保德信新世紀基金,AA1,TWD,10.95
201912,17602821,台新2000高科技基金,AA1,TWD,37.61
201912,17604124,安聯台灣大壩基金-A類型-新臺幣,AA1,TWD,38.61
201912,17605622,統一大滿貫基金-A類型,AA1,TWD,41.77
201912,17607591,日盛高科技基金,AA1,TWD,22.39
201912,17608487,復華數位經濟基金,AA1,TWD,54.07
201912,17612497,國泰國泰基金-新台幣A,AA1,TWD,27.41
201912,18033138,德信數位時代基金,AA1,TWD,36.16
201912,18037937,野村ｅ科技基金,AA1,TWD,25.07
201912,18043059,國泰中小成長基金-新台幣,AA1,TWD,51.89
201912,18480065,安聯台灣科技基金,AA1,TWD,64.15
201912,18488279,復華中小精選基金,AA1,TWD,73.54
201912,18488469,野村中小基金-累積類型,AA1,TWD,57.9
201912,18496290,聯邦中國龍基金,AA1,TWD,29.93
201912,18499732,德銀遠東DWS台灣旗艦基金,AA1,TWD,20.47
201912,19291128,國泰大中華基金,AA1,TWD,23.51
201912,19330712,貝萊德寶利基金,AA1,TWD,30.74
201912,19330754,野村優質基金-累積類型新臺幣計價,AA1,TWD,46.59
201912,19339782,群益創新科技基金,AA1,TWD,38.52
201912,19341318,第一金電子基金,AA1,TWD,39.28
201912,20080023,元大店頭基金,AA1,TWD,9.87
201912,20081352,群益店頭市場基金,AA1,TWD,107.67
201912,20084317,日盛日盛基金,AA1,TWD,14.25
201912,20089755,富邦精銳中小基金,AA1,TWD,13.28
201912,20092528,第一金店頭市場基金,AA1,TWD,8.92
201912,20094820,柏瑞巨人基金-A類型,AA1,TWD,13.97
201912,21759676,復華全方位基金,AA1,TWD,34.74
201912,25612029,凱基台灣精五門基金,AA1,TWD,24.93
201912,25636367,摩根台灣金磚基金-累積型,AA1,TWD,21.7
201912,26202396,第一金創新趨勢基金,AA1,TWD,24.7
201912,26273336,日盛MIT主流基金,AA1,TWD,18.11
201912,26288534,德信台灣主流中小基金,AA1,TWD,22.25
201912,26310297,富蘭克林華美台股傘型基金之高科技基金,AA1,TWD,25.69
201912,26320632,合庫台灣基金,AA1,TWD,13.34
201912,42298518,華南永昌物聯網精選基金,AA1,TWD,13.61
201912,42532205,路博邁AR台灣股票基金T累積級別(新臺幣),AA1,TWD,10.6
201912,48675778,群益奧斯卡基金,AA1,TWD,33.92
201912,48749899,群益葛萊美基金,AA1,TWD,27.6
201912,48858663,台新主流基金,AA1,TWD,26.2
201912,48893417,中國信託台灣活力基金,AA1,TWD,14.23
201912,48934304,統一台灣動力基金,AA1,TWD,23.68
201912,48948481,日盛首選基金,AA1,TWD,20.76
201912,48948834,施羅德台灣樂活中小基金-A類型,AA1,TWD,21.49
201912,48997911,安聯台灣智慧基金,AA1,TWD,46.2
201912,73982057,宏利臺灣股息收益基金A類型,AA1,TWD,29.12
201912,73987671,匯豐台灣精典基金,AA1,TWD,27.71
201912,73988876,日盛小而美基金,AA1,TWD,22.34
201912,73989002,第一金小型精選基金,AA1,TWD,35.91
201912,73989256,景順台灣科技基金,AA1,TWD,38.01
201912,73989501,摩根中小基金,AA1,TWD,24.66
201912,73990253,統一奔騰基金,AA1,TWD,70.39
201912,73990649,保德信科技島基金,AA1,TWD,32.72
201912,73991751,兆豐國際電子基金,AA1,TWD,30.25
201912,73992013,永豐領航科技基金,AA1,TWD,43.52
201912,73998071,新光店頭基金,AA1,TWD,25.58
201912,73998086,復華高成長基金,AA1,TWD,78.22
201912,76941376,匯豐成功基金,AA1,TWD,43.15
201912,77537493,統一統信基金,AA1,TWD,35.72
201912,80892778,華頓中小型基金,AA1,TWD,26.02
201912,80894446,台新中國通基金,AA1,TWD,53.68
201912,81581724,統一經建基金,AA1,TWD,54.75
201912,81584335,元大高科技基金,AA1,TWD,23.65
201912,81584975,日盛上選基金(A類型),AA1,TWD,41.91
201912,81585242,新光創新科技基金,AA1,TWD,15.16
201912,81585475,富邦高成長基金,AA1,TWD,28.77
201912,81587889,復華復華基金,AA1,TWD,24.6
201912,81588536,台新台灣中小基金,AA1,TWD,41.48
201912,81591434,群益長安基金,AA1,TWD,33.76
201912,81594690,永豐永豐基金-A類型,AA1,TWD,38.2
201912,81595924,瀚亞中小型股基金,AA1,TWD,24.2
201912,83863951,元大經貿基金,AA1,TWD,41.69
201912,83864683,富邦科技基金,AA1,TWD,28.52
201912,83866508,保德信中小型股基金,AA1,TWD,57.43
201912,92001765,元大多多基金,AA1,TWD,20.72
201912,92002244,統一黑馬基金,AA1,TWD,70.23
201912,92002384,富邦精準基金,AA1,TWD,52.15
201912,92003102,瀚亞高科技基金,AA1,TWD,69.59
201912,92010477,富邦長紅基金,AA1,TWD,74.95
201912,92012025,摩根新興科技基金,AA1,TWD,61.56
201912,92012572,瀚亞外銷基金,AA1,TWD,45.83
201912,92012762,統一龍馬基金,AA1,TWD,84.24
201912,92013967,保德信金滿意基金,AA1,TWD,48.23
201912,92017794,匯豐龍騰電子基金,AA1,TWD,44.16
201912,92019786,景順潛力基金,AA1,TWD,36.21
201912,92026219,元大卓越基金,AA1,TWD,46.02
201912,92028997,群益中小型股基金,AA1,TWD,51.46
201912,94991068,日盛新台商基金,AA1,TWD,49.19
201912,97972846,德信大發基金,AA1,TWD,33.72
201912,97977878,統一中小基金,AA1,TWD,29.24
201912,97984293,群益馬拉松基金,AA1,TWD,136.52
201912,97988636,保德信店頭市場基金,AA1,TWD,42.29
201912,97990696,瀚亞菁華基金,AA1,TWD,24.46
201912,97997635,聯博大利基金,AA1,TWD,42.52
201912,99973878,野村台灣高股息基金,AA1,TWD,28.94
202003,00965469,兆豐國際第一基金,AA1,TWD,12.7
202003,00968493,野村鴻運基金,AA1,TWD,18.41
202003,00973762,華南永昌永昌基金,AA1,TWD,18.64
202003,00974018,富邦基金A類型,AA1,TWD,13.22
202003,00974066,元大2001基金,AA1,TWD,60.13
202003,00974241,新光台灣富貴基金,AA1,TWD,21.82
202003,00988316,野村台灣運籌基金,AA1,TWD,34.4
202003,01031298,匯豐龍鳳基金-A類型,AA1,TWD,48.31
202003,01031564,野村積極成長基金,AA1,TWD,12.79
202003,01031699,統一全天候基金-A類型,AA1,TWD,107.09
202003,01031874,國泰小龍基金-新台幣,AA1,TWD,14.16
202003,01032058,元大多福基金,AA1,TWD,47.14
202003,01032162,摩根台灣增長基金,AA1,TWD,44.86
202003,01032183,保德信高成長基金,AA1,TWD,96.94
202003,01050148,兆豐國際國民基金,AA1,TWD,20.79
202003,10341837,兆豐國際豐台灣基金,AA1,TWD,32.16
202003,13539952,凱基開創基金,AA1,TWD,26.39
202003,13984165,富達台灣成長基金,AA1,TWD,28.5
202003,13986924,新光大三通基金,AA1,TWD,17.39
202003,13998344,永豐中小基金-A類型,AA1,TWD,49.06
202003,14694495,街口台灣基金,AA1,TWD,22.36
202003,14705562,國泰科技生化基金,AA1,TWD,33.47
202003,15733973,富蘭克林華美第一富基金,AA1,TWD,36.64
202003,15739619,第一金大中華基金,AA1,TWD,24.57
202003,17139204,元大新主流基金,AA1,TWD,23.46
202003,17140568,景順主流基金,AA1,TWD,17.25
202003,17144889,宏利台灣動力基金A類型,AA1,TWD,29.29
202003,17146752,野村成長基金,AA1,TWD,30.04
202003,17147078,日盛精選五虎基金,AA1,TWD,35.37
202003,17148301,富邦台灣心基金,AA1,TWD,21.51
202003,17597236,聯邦精選科技基金,AA1,TWD,12.28
202003,17597600,鋒裕匯理阿波羅基金,AA1,TWD,9.53
202003,17600534,野村高科技基金,AA1,TWD,10.78
202003,17602625,保德信新世紀基金,AA1,TWD,8.91
202003,17602821,台新2000高科技基金,AA1,TWD,28.52
202003,17604124,安聯台灣大壩基金-A類型-新臺幣,AA1,TWD,31.59
202003,17605622,統一大滿貫基金-A類型,AA1,TWD,34.91
202003,17607591,日盛高科技基金,AA1,TWD,18.27
202003,17608487,復華數位經濟基金,AA1,TWD,43.0
202003,17612497,國泰國泰基金-新台幣A,AA1,TWD,21.43
202003,18033138,德信數位時代基金,AA1,TWD,29.24
202003,18037937,野村ｅ科技基金,AA1,TWD,20.41
202003,18043059,國泰中小成長基金-新台幣,AA1,TWD,41.5
202003,18480065,安聯台灣科技基金,AA1,TWD,50.54
202003,18488279,復華中小精選基金,AA1,TWD,57.65
202003,18488469,野村中小基金-累積類型,AA1,TWD,46.98
202003,18496290,聯邦中國龍基金,AA1,TWD,24.33
202003,18499732,德銀遠東DWS台灣旗艦基金,AA1,TWD,16.09
202003,19291128,國泰大中華基金,AA1,TWD,18.51
202003,19330712,貝萊德寶利基金,AA1,TWD,25.4
202003,19330754,野村優質基金-累積類型新臺幣計價,AA1,TWD,36.26
202003,19339782,群益創新科技基金,AA1,TWD,31.21
202003,19341318,第一金電子基金,AA1,TWD,33.61
202003,20080023,元大店頭基金,AA1,TWD,8.03
202003,20081352,群益店頭市場基金,AA1,TWD,87.57
202003,20084317,日盛日盛基金,AA1,TWD,11.63
202003,20089755,富邦精銳中小基金,AA1,TWD,10.86
202003,20092528,第一金店頭市場基金,AA1,TWD,7.46
202003,20094820,柏瑞巨人基金-A類型,AA1,TWD,11.74
202003,21759676,復華全方位基金,AA1,TWD,27.54
202003,25612029,凱基台灣精五門基金,AA1,TWD,21.39
202003,25636367,摩根台灣金磚基金-累積型,AA1,TWD,18.1
202003,26202396,第一金創新趨勢基金-A類型,AA1,TWD,20.36
202003,26273336,日盛MIT主流基金,AA1,TWD,15.76
202003,26288534,德信台灣主流中小基金,AA1,TWD,18.15
202003,26310297,富蘭克林華美台股傘型基金之高科技基金,AA1,TWD,21.22
202003,26320632,合庫台灣基金,AA1,TWD,10.41
202003,42298518,華南永昌物聯網精選基金,AA1,TWD,11.95
202003,42532205,路博邁AR台灣股票基金T累積級別(新臺幣),AA1,TWD,9.41
202003,48675778,群益奧斯卡基金,AA1,TWD,27.34
202003,48749899,群益葛萊美基金,AA1,TWD,20.59
202003,48858663,台新主流基金,AA1,TWD,21.8
202003,48893417,中國信託台灣活力基金,AA1,TWD,11.71
202003,48934304,統一台灣動力基金,AA1,TWD,19.02
202003,48948481,日盛首選基金,AA1,TWD,18.16
202003,48948834,施羅德台灣樂活中小基金-A類型,AA1,TWD,18.18
202003,48997911,安聯台灣智慧基金,AA1,TWD,38.85
202003,73982057,宏利臺灣股息收益基金A類型,AA1,TWD,24.92
202003,73987671,匯豐台灣精典基金,AA1,TWD,22.33
202003,73988876,日盛小而美基金,AA1,TWD,18.79
202003,73989002,第一金小型精選基金,AA1,TWD,30.55
202003,73989256,景順台灣科技基金,AA1,TWD,30.51
202003,73989501,摩根中小基金,AA1,TWD,21.15
202003,73990253,統一奔騰基金,AA1,TWD,57.59
202003,73990649,保德信科技島基金,AA1,TWD,27.74
202003,73991751,兆豐國際電子基金,AA1,TWD,24.15
202003,73992013,永豐領航科技基金,AA1,TWD,36.0
202003,73998071,新光店頭基金,AA1,TWD,20.49
202003,73998086,復華高成長基金,AA1,TWD,61.93
202003,76941376,匯豐成功基金,AA1,TWD,33.78
202003,76959044,元大台灣高股息優質龍頭基金-新台幣(A)不配息,AA1,TWD,10.0
202003,77537493,統一統信基金,AA1,TWD,28.06
202003,80892778,街口中小型基金,AA1,TWD,20.49
202003,80894446,台新中國通基金,AA1,TWD,42.95
202003,81581724,統一經建基金,AA1,TWD,44.44
202003,81584335,元大高科技基金,AA1,TWD,18.79
202003,81584975,日盛上選基金(A類型),AA1,TWD,33.91
202003,81585242,新光創新科技基金,AA1,TWD,11.89
202003,81585475,富邦高成長基金,AA1,TWD,23.45
202003,81587889,復華復華基金,AA1,TWD,19.21
202003,81588536,台新台灣中小基金,AA1,TWD,31.94
202003,81591434,群益長安基金,AA1,TWD,27.77
202003,81594690,永豐永豐基金-A類型,AA1,TWD,31.1
202003,81595924,瀚亞中小型股基金,AA1,TWD,19.45
202003,83863951,元大經貿基金,AA1,TWD,33.06
202003,83864683,富邦科技基金,AA1,TWD,22.6
202003,83866508,保德信中小型股基金,AA1,TWD,48.39
202003,92001765,元大多多基金,AA1,TWD,16.86
202003,92002244,統一黑馬基金,AA1,TWD,57.93
202003,92002384,富邦精準基金,AA1,TWD,42.54
202003,92003102,瀚亞高科技基金,AA1,TWD,55.99
202003,92010477,富邦長紅基金,AA1,TWD,60.41
202003,92012025,摩根新興科技基金,AA1,TWD,51.39
202003,92012572,瀚亞外銷基金,AA1,TWD,36.65
202003,92012762,統一龍馬基金,AA1,TWD,70.9
202003,92013967,保德信金滿意基金,AA1,TWD,40.58
202003,92017794,匯豐龍騰電子基金,AA1,TWD,36.37
202003,92019786,景順潛力基金,AA1,TWD,28.67
202003,92026219,元大卓越基金,AA1,TWD,37.83
202003,92028997,群益中小型股基金,AA1,TWD,41.8
202003,94991068,日盛新台商基金,AA1,TWD,40.53
202003,97972846,德信大發基金,AA1,TWD,27.93
202003,97977878,統一中小基金,AA1,TWD,23.9
202003,97984293,群益馬拉松基金,AA1,TWD,107.82
202003,97988636,保德信店頭市場基金,AA1,TWD,37.75
202003,97990696,瀚亞菁華基金,AA1,TWD,19.22
202003,97997635,聯博大利基金,AA1,TWD,34.41
202003,99973878,野村台灣高股息基金,AA1,TWD,23.83
202006,00965469,兆豐國際第一基金,AA1,TWD,16.22
202006,00968493,野村鴻運基金,AA1,TWD,25.08
202006,00973762,華南永昌永昌基金,AA1,TWD,24.35
202006,00974018,富邦基金A類型,AA1,TWD,17.47
202006,00974066,元大2001基金,AA1,TWD,73.91
202006,00974241,新光台灣富貴基金,AA1,TWD,27.7
202006,00988316,野村台灣運籌基金,AA1,TWD,45.1
202006,01031298,匯豐龍鳳基金-A類型,AA1,TWD,59.56
202006,01031564,野村積極成長基金,AA1,TWD,17.8
202006,01031699,統一全天候基金-A類型,AA1,TWD,134.44
202006,01031874,國泰小龍基金-新台幣,AA1,TWD,17.73
202006,01032058,元大多福基金,AA1,TWD,58.96
202006,01032162,摩根台灣增長基金,AA1,TWD,54.77
202006,01032183,保德信高成長基金,AA1,TWD,126.08
202006,01050148,兆豐國際國民基金,AA1,TWD,26.67
202006,10341837,兆豐國際豐台灣基金,AA1,TWD,38.79
202006,13539952,凱基開創基金,AA1,TWD,31.83
202006,13984165,富達台灣成長基金,AA1,TWD,35.1
202006,13986924,新光大三通基金,AA1,TWD,23.2
202006,13998344,永豐中小基金-A類型,AA1,TWD,61.69
202006,14694495,街口台灣基金,AA1,TWD,28.55
202006,14705562,國泰科技生化基金,AA1,TWD,43.16
202006,15733973,富蘭克林華美第一富基金,AA1,TWD,45.25
202006,17139204,元大新主流基金,AA1,TWD,29.09
202006,17140568,景順主流基金,AA1,TWD,21.34
202006,17144889,宏利台灣動力基金A類型,AA1,TWD,37.06
202006,17146752,野村成長基金,AA1,TWD,41.78
202006,17147078,日盛精選五虎基金,AA1,TWD,42.23
202006,17148301,富邦台灣心基金,AA1,TWD,29.13
202006,17597236,聯邦精選科技基金,AA1,TWD,15.42
202006,17597600,鋒裕匯理阿波羅基金,AA1,TWD,12.49
202006,17600534,野村高科技基金,AA1,TWD,13.53
202006,17602625,保德信新世紀基金,AA1,TWD,10.59
202006,17602821,台新2000高科技基金,AA1,TWD,36.47
202006,17604124,安聯台灣大壩基金-A類型-新臺幣,AA1,TWD,42.14
202006,17605622,統一大滿貫基金-A類型,AA1,TWD,41.66
202006,17607591,日盛高科技基金,AA1,TWD,23.51
202006,17608487,復華數位經濟基金,AA1,TWD,55.29
202006,17612497,國泰國泰基金-新台幣A,AA1,TWD,27.83
202006,18033138,德信數位時代基金,AA1,TWD,36.66
202006,18037937,野村ｅ科技基金,AA1,TWD,25.63
202006,18043059,國泰中小成長基金-新台幣,AA1,TWD,52.89
202006,18480065,安聯台灣科技基金,AA1,TWD,67.69
202006,18488279,復華中小精選基金,AA1,TWD,75.29
202006,18488469,野村中小基金-累積類型,AA1,TWD,61.36
202006,18496290,聯邦中國龍基金,AA1,TWD,30.7
202006,18499732,德銀遠東DWS台灣旗艦基金,AA1,TWD,21.76
202006,19291128,國泰大中華基金,AA1,TWD,24.58
202006,19330712,貝萊德寶利基金,AA1,TWD,33.08
202006,19330754,野村優質基金-累積類型新臺幣計價,AA1,TWD,52.34
202006,19339782,群益創新科技基金,AA1,TWD,41.13
202006,19341318,第一金電子基金,AA1,TWD,40.25
202006,20080023,元大店頭基金,AA1,TWD,10.62
202006,20081352,群益店頭市場基金,AA1,TWD,112.73
202006,20084317,日盛日盛基金,AA1,TWD,12.19
202006,20089755,富邦精銳中小基金,AA1,TWD,14.33
202006,20092528,第一金店頭市場基金,AA1,TWD,9.13
202006,20094820,柏瑞巨人基金-A類型,AA1,TWD,13.54
202006,21759676,復華全方位基金,AA1,TWD,35.34
202006,25612029,凱基台灣精五門基金,AA1,TWD,25.68
202006,25636367,摩根台灣金磚基金-累積型,AA1,TWD,23.41
202006,26202396,第一金創新趨勢基金-A類型,AA1,TWD,24.28
202006,26273336,日盛MIT主流基金,AA1,TWD,18.4
202006,26288534,德信台灣主流中小基金,AA1,TWD,23.96
202006,26310297,富蘭克林華美台股傘型基金之高科技基金,AA1,TWD,26.39
202006,26320632,合庫台灣基金,AA1,TWD,12.94
202006,42298518,華南永昌物聯網精選基金,AA1,TWD,15.62
202006,42532205,路博邁AR台灣股票基金T累積級別(新臺幣),AA1,TWD,10.55
202006,48675778,群益奧斯卡基金,AA1,TWD,36.12
202006,48749899,群益葛萊美基金,AA1,TWD,26.83
202006,48858663,台新主流基金,AA1,TWD,27.38
202006,48893417,中國信託台灣活力基金,AA1,TWD,15.03
202006,48934304,統一台灣動力基金,AA1,TWD,24.84
202006,48948481,日盛首選基金,AA1,TWD,23.08
202006,48948834,施羅德台灣樂活中小基金-A類型,AA1,TWD,23.22
202006,48997911,安聯台灣智慧基金,AA1,TWD,50.37
202006,73982057,宏利臺灣股息收益基金A類型,AA1,TWD,30.3
202006,73987671,匯豐台灣精典基金,AA1,TWD,27.46
202006,73988876,日盛小而美基金,AA1,TWD,22.73
202006,73989002,第一金小型精選基金,AA1,TWD,38.21
202006,73989256,景順台灣科技基金,AA1,TWD,38.23
202006,73989501,摩根中小基金,AA1,TWD,27.6
202006,73990253,統一奔騰基金,AA1,TWD,72.54
202006,73990649,保德信科技島基金,AA1,TWD,35.69
202006,73991751,兆豐國際電子基金,AA1,TWD,30.55
202006,73992013,永豐領航科技基金,AA1,TWD,43.11
202006,73998071,新光店頭基金,AA1,TWD,27.4
202006,73998086,復華高成長基金,AA1,TWD,74.84
202006,76941376,匯豐成功基金,AA1,TWD,39.48
202006,76959044,元大台灣高股息優質龍頭基金-新台幣(A)不配息,AA1,TWD,10.7
202006,77074486,永豐臺灣ESG永續優選基金-A累積類型,AA1,TWD,10.16
202006,77537493,統一統信基金,AA1,TWD,37.4
202006,80892778,街口中小型基金,AA1,TWD,27.67
202006,80894446,台新中國通基金,AA1,TWD,55.38
202006,81581724,統一經建基金,AA1,TWD,56.8
202006,81584335,元大高科技基金,AA1,TWD,23.74
202006,81584975,日盛上選基金(A類型),AA1,TWD,43.21
202006,81585242,新光創新科技基金,AA1,TWD,15.41
202006,81585475,富邦高成長基金,AA1,TWD,32.45
202006,81587889,復華復華基金,AA1,TWD,23.74
202006,81588536,台新台灣中小基金,AA1,TWD,41.25
202006,81591434,群益長安基金,AA1,TWD,34.58
202006,81594690,永豐永豐基金-A類型,AA1,TWD,38.47
202006,81595924,瀚亞中小型股基金,AA1,TWD,25.71
202006,83863951,元大經貿基金,AA1,TWD,41.38
202006,83864683,富邦科技基金,AA1,TWD,31.48
202006,83866508,保德信中小型股基金,AA1,TWD,63.54
202006,92001765,元大多多基金,AA1,TWD,21.1
202006,92002244,統一黑馬基金,AA1,TWD,72.57
202006,92002384,富邦精準基金,AA1,TWD,57.73
202006,92003102,瀚亞高科技基金,AA1,TWD,73.7
202006,92010477,富邦長紅基金,AA1,TWD,83.77
202006,92012025,摩根新興科技基金,AA1,TWD,66.55
202006,92012572,瀚亞外銷基金,AA1,TWD,45.79
202006,92012762,統一龍馬基金,AA1,TWD,86.65
202006,92013967,保德信金滿意基金,AA1,TWD,51.37
202006,92017794,匯豐龍騰電子基金,AA1,TWD,45.56
202006,92019786,景順潛力基金,AA1,TWD,34.83
202006,92026219,元大卓越基金,AA1,TWD,43.45
202006,92028997,群益中小型股基金,AA1,TWD,53.52
202006,94991068,日盛新台商基金,AA1,TWD,52.48
202006,97972846,德信大發基金,AA1,TWD,34.58
202006,97977878,統一中小基金,AA1,TWD,29.62
202006,97984293,群益馬拉松基金,AA1,TWD,131.37
202006,97988636,保德信店頭市場基金,AA1,TWD,50.45
202006,97990696,瀚亞菁華基金,AA1,TWD,24.76
202006,97997635,聯博大利基金,AA1,TWD,41.54
202006,99973878,野村台灣高股息基金,AA1,TWD,28.75
202009,00965469,兆豐國際第一基金,AA1,TWD,16.79
202009,00968493,野村鴻運基金,AA1,TWD,27.4
202009,00973762,華南永昌永昌基金,AA1,TWD,27.2
202009,00974018,富邦基金A類型,AA1,TWD,18.85
202009,00974066,元大2001基金,AA1,TWD,80.77
202009,00974241,新光台灣富貴基金,AA1,TWD,29.98
202009,00988316,野村台灣運籌基金,AA1,TWD,49.75
202009,01031298,匯豐龍鳳基金-A類型,AA1,TWD,62.08
202009,01031564,野村積極成長基金,AA1,TWD,19.91
202009,01031699,統一全天候基金-A類型,AA1,TWD,146.3
202009,01031874,國泰小龍基金-新台幣,AA1,TWD,18.42
202009,01032058,元大多福基金,AA1,TWD,60.93
202009,01032162,摩根台灣增長基金,AA1,TWD,56.89
202009,01032183,保德信高成長基金,AA1,TWD,134.97
202009,01050148,兆豐國際國民基金,AA1,TWD,27.16
202009,10341837,兆豐國際豐台灣基金,AA1,TWD,40.06
202009,13539952,凱基開創基金,AA1,TWD,32.84
202009,13984165,富達台灣成長基金,AA1,TWD,35.92
202009,13986924,新光大三通基金,AA1,TWD,25.51
202009,13998344,永豐中小基金-A類型,AA1,TWD,61.08
202009,14694495,街口台灣基金,AA1,TWD,29.3
202009,14705562,國泰科技生化基金,AA1,TWD,48.52
202009,15733973,富蘭克林華美第一富基金,AA1,TWD,48.29
202009,17139204,元大新主流基金,AA1,TWD,31.79
202009,17140568,景順主流基金,AA1,TWD,22.55
202009,17144889,宏利台灣動力基金A類型,AA1,TWD,38.95
202009,17146752,野村成長基金,AA1,TWD,46.63
202009,17147078,日盛精選五虎基金,AA1,TWD,45.08
202009,17148301,富邦台灣心基金,AA1,TWD,30.24
202009,17597236,聯邦精選科技基金,AA1,TWD,16.25
202009,17597600,鋒裕匯理阿波羅基金,AA1,TWD,12.74
202009,17600534,野村高科技基金,AA1,TWD,14.53
202009,17602625,保德信新世紀基金,AA1,TWD,10.67
202009,17602821,台新2000高科技基金,AA1,TWD,39.06
202009,17604124,安聯台灣大壩基金-A類型-新臺幣,AA1,TWD,43.96
202009,17605622,統一大滿貫基金-A類型,AA1,TWD,41.38
202009,17607591,日盛高科技基金,AA1,TWD,25.66
202009,17608487,復華數位經濟基金,AA1,TWD,58.72
202009,17612497,國泰國泰基金-新台幣A,AA1,TWD,30.55
202009,18033138,德信數位時代基金,AA1,TWD,44.17
202009,18037937,野村ｅ科技基金,AA1,TWD,27.33
202009,18043059,國泰中小成長基金-新台幣,AA1,TWD,57.66
202009,18480065,安聯台灣科技基金,AA1,TWD,73.68
202009,18488279,復華中小精選基金,AA1,TWD,82.85
202009,18488469,野村中小基金-累積類型,AA1,TWD,67.12
202009,18496290,聯邦中國龍基金,AA1,TWD,31.79
202009,18499732,德銀遠東DWS台灣旗艦基金,AA1,TWD,24.0
202009,19291128,國泰大中華基金,AA1,TWD,25.78
202009,19330712,貝萊德寶利基金,AA1,TWD,34.82
202009,19330754,野村優質基金-累積類型新臺幣計價,AA1,TWD,59.99
202009,19339782,群益創新科技基金,AA1,TWD,44.68
202009,19341318,第一金電子基金,AA1,TWD,42.82
202009,20080023,元大店頭基金,AA1,TWD,10.27
202009,20081352,群益店頭市場基金,AA1,TWD,117.18
202009,20084317,日盛日盛基金,AA1,TWD,12.66
202009,20089755,富邦精銳中小基金,AA1,TWD,15.42
202009,20092528,第一金店頭市場基金,AA1,TWD,9.14
202009,20094820,柏瑞巨人基金-A類型,AA1,TWD,14.3
202009,21759676,復華全方位基金,AA1,TWD,37.51
202009,25612029,凱基台灣精五門基金,AA1,TWD,26.18
202009,25636367,摩根台灣金磚基金-累積型,AA1,TWD,24.96
202009,26202396,第一金創新趨勢基金-A類型,AA1,TWD,25.04
202009,26273336,日盛MIT主流基金,AA1,TWD,18.65
202009,26288534,德信台灣主流中小基金,AA1,TWD,26.21
202009,26310297,富蘭克林華美台股傘型基金之高科技基金,AA1,TWD,27.55
202009,26320632,合庫台灣基金,AA1,TWD,13.26
202009,42298518,華南永昌物聯網精選基金,AA1,TWD,17.06
202009,42532205,路博邁AR台灣股票基金T累積級別(新臺幣),AA1,TWD,11.13
202009,48675778,群益奧斯卡基金,AA1,TWD,38.69
202009,48749899,群益葛萊美基金,AA1,TWD,29.45
202009,48858663,台新主流基金,AA1,TWD,27.59
202009,48893417,中國信託台灣活力基金,AA1,TWD,15.1
202009,48934304,統一台灣動力基金,AA1,TWD,25.34
202009,48948481,日盛首選基金,AA1,TWD,23.8
202009,48948834,施羅德台灣樂活中小基金-A類型,AA1,TWD,25.86
202009,48997911,安聯台灣智慧基金,AA1,TWD,53.19
202009,73982057,宏利臺灣股息收益基金A類型,AA1,TWD,31.84
202009,73987671,匯豐台灣精典基金,AA1,TWD,28.55
202009,73988876,日盛小而美基金,AA1,TWD,23.71
202009,73989002,第一金小型精選基金,AA1,TWD,38.84
202009,73989256,景順台灣科技基金,AA1,TWD,40.2
202009,73989501,摩根中小基金,AA1,TWD,28.54
202009,73990253,統一奔騰基金,AA1,TWD,70.85
202009,73990649,保德信科技島基金,AA1,TWD,38.44
202009,73991751,兆豐國際電子基金,AA1,TWD,31.37
202009,73992013,永豐領航科技基金,AA1,TWD,44.52
202009,73998071,新光店頭基金,AA1,TWD,29.47
202009,73998086,復華高成長基金,AA1,TWD,78.29
202009,76941376,匯豐成功基金,AA1,TWD,41.26
202009,76959044,元大台灣高股息優質龍頭基金-I類型累積級別,AA1,TWD,11.14
202009,77074486,永豐臺灣ESG永續優選基金-A累積類型,AA1,TWD,10.63
202009,77537493,統一統信基金,AA1,TWD,38.38
202009,77713842,合庫台灣高科技基金,AA1,TWD,9.78
202009,80892778,街口中小型基金,AA1,TWD,28.16
202009,80894446,台新中國通基金,AA1,TWD,60.04
202009,81581724,統一經建基金,AA1,TWD,57.46
202009,81584335,元大高科技基金,AA1,TWD,24.39
202009,81584975,日盛上選基金(A類型),AA1,TWD,44.89
202009,81585242,新光創新科技基金,AA1,TWD,16.59
202009,81585475,富邦高成長基金,AA1,TWD,32.63
202009,81587889,復華復華基金,AA1,TWD,25.36
202009,81588536,台新台灣中小基金,AA1,TWD,42.22
202009,81591434,群益長安基金,AA1,TWD,37.47
202009,81594690,永豐永豐基金-A類型,AA1,TWD,38.78
202009,81595924,瀚亞中小型股基金,AA1,TWD,27.16
202009,83863951,元大經貿基金,AA1,TWD,44.6
202009,83864683,富邦科技基金,AA1,TWD,31.51
202009,83866508,保德信中小型股基金,AA1,TWD,65.33
202009,88090408,兆豐國際台灣先進通訊基金,AA1,TWD,10.01
202009,88090934,國泰台灣高股息傘型基金之台灣高股息基金-新台幣A(不配息),AA1,TWD,9.75
202009,88095396,富邦台灣永續發展高股息基金-A類型,AA1,TWD,9.71
202009,92001765,元大多多基金,AA1,TWD,21.99
202009,92002244,統一黑馬基金,AA1,TWD,71.5
202009,92002384,富邦精準基金,AA1,TWD,61.01
202009,92003102,瀚亞高科技基金,AA1,TWD,80.56
202009,92010477,富邦長紅基金,AA1,TWD,84.32
202009,92012025,摩根新興科技基金,AA1,TWD,71.26
202009,92012572,瀚亞外銷基金,AA1,TWD,48.51
202009,92012762,統一龍馬基金,AA1,TWD,86.23
202009,92013967,保德信金滿意基金,AA1,TWD,52.85
202009,92017794,匯豐龍騰電子基金,AA1,TWD,48.28
202009,92019786,景順潛力基金,AA1,TWD,35.51
202009,92026219,元大卓越基金,AA1,TWD,44.92
202009,92028997,群益中小型股基金,AA1,TWD,58.79
202009,94991068,日盛新台商基金,AA1,TWD,54.76
202009,97972846,德信大發基金,AA1,TWD,37.1
202009,97977878,統一中小基金,AA1,TWD,30.17
202009,97984293,群益馬拉松基金,AA1,TWD,131.93
202009,97988636,保德信店頭市場基金,AA1,TWD,51.15
202009,97990696,瀚亞菁華基金,AA1,TWD,26.71
202009,97997635,聯博大利基金,AA1,TWD,44.0
202009,99973878,野村台灣高股息基金,AA1,TWD,29.4
202012,00965469,兆豐國際第一基金,AA1,TWD,19.1
202012,00968493,野村鴻運基金,AA1,TWD,31.53
202012,00973762,華南永昌永昌基金,AA1,TWD,31.49
202012,00974018,富邦基金A類型,AA1,TWD,21.5
202012,00974066,元大2001基金,AA1,TWD,94.32
202012,00974241,新光台灣富貴基金,AA1,TWD,37.67
202012,00988316,野村台灣運籌基金,AA1,TWD,58.19
202012,01031298,匯豐龍鳳基金-A類型,AA1,TWD,73.57
202012,01031564,野村積極成長基金,AA1,TWD,23.09
202012,01031699,統一全天候基金-A類型,AA1,TWD,175.35
202012,01031874,國泰小龍基金-新台幣,AA1,TWD,20.45
202012,01032058,元大多福基金,AA1,TWD,73.61
202012,01032162,摩根台灣增長基金,AA1,TWD,65.83
202012,01032183,保德信高成長基金,AA1,TWD,155.19
202012,01050148,兆豐國際國民基金,AA1,TWD,31.27
202012,10341837,兆豐國際豐台灣基金,AA1,TWD,45.8
202012,13539952,凱基開創基金,AA1,TWD,39.44
202012,13984165,富達台灣成長基金,AA1,TWD,41.52
202012,13986924,新光大三通基金,AA1,TWD,30.53
202012,13998344,永豐中小基金-A類型,AA1,TWD,63.8
202012,14694495,街口台灣基金,AA1,TWD,34.83
202012,14705562,國泰科技生化基金,AA1,TWD,56.25
202012,15733973,富蘭克林華美第一富基金,AA1,TWD,59.28
202012,17139204,元大新主流基金,AA1,TWD,37.13
202012,17140568,景順主流基金,AA1,TWD,26.63
202012,17144889,宏利台灣動力基金A類型,AA1,TWD,43.92
202012,17146752,野村成長基金,AA1,TWD,54.35
202012,17147078,日盛精選五虎基金,AA1,TWD,52.86
202012,17148301,富邦台灣心基金,AA1,TWD,35.84
202012,17597236,聯邦精選科技基金,AA1,TWD,18.65
202012,17597600,鋒裕匯理阿波羅基金,AA1,TWD,13.91
202012,17600534,野村高科技基金,AA1,TWD,17.18
202012,17602625,保德信新世紀基金,AA1,TWD,12.3
202012,17602821,台新2000高科技基金,AA1,TWD,45.66
202012,17604124,安聯台灣大壩基金-A類型-新臺幣,AA1,TWD,49.66
202012,17605622,統一大滿貫基金-A類型,AA1,TWD,46.37
202012,17607591,日盛高科技基金,AA1,TWD,28.4
202012,17608487,復華數位經濟基金,AA1,TWD,64.56
202012,17612497,國泰國泰基金-新台幣A,AA1,TWD,34.47
202012,18033138,德信數位時代基金,AA1,TWD,45.74
202012,18037937,野村ｅ科技基金,AA1,TWD,32.18
202012,18043059,國泰中小成長基金-新台幣,AA1,TWD,65.73
202012,18480065,安聯台灣科技基金,AA1,TWD,87.91
202012,18488279,復華中小精選基金,AA1,TWD,101.0
202012,18488469,野村中小基金-累積類型,AA1,TWD,77.16
202012,18496290,聯邦中國龍基金,AA1,TWD,36.61
202012,18499732,德銀遠東DWS台灣旗艦基金,AA1,TWD,27.31
202012,19291128,國泰大中華基金,AA1,TWD,29.6
202012,19330712,貝萊德寶利基金,AA1,TWD,38.92
202012,19330754,野村優質基金-累積類型新臺幣計價,AA1,TWD,70.43
202012,19339782,群益創新科技基金,AA1,TWD,51.08
202012,19341318,第一金電子基金,AA1,TWD,52.04
202012,20080023,元大店頭基金,AA1,TWD,12.42
202012,20081352,群益店頭市場基金,AA1,TWD,126.03
202012,20084317,日盛日盛基金,AA1,TWD,13.84
202012,20089755,富邦精銳中小基金,AA1,TWD,17.63
202012,20092528,第一金店頭市場基金,AA1,TWD,10.73
202012,20094820,柏瑞巨人基金-A類型,AA1,TWD,16.58
202012,21759676,復華全方位基金,AA1,TWD,41.36
202012,25612029,凱基台灣精五門基金,AA1,TWD,30.49
202012,25636367,摩根台灣金磚基金-累積型,AA1,TWD,29.57
202012,26202396,第一金創新趨勢基金-A類型,AA1,TWD,29.84
202012,26273336,日盛MIT主流基金,AA1,TWD,22.6
202012,26288534,德信台灣主流中小基金,AA1,TWD,28.24
202012,26310297,富蘭克林華美台股傘型基金之高科技基金,AA1,TWD,31.08
202012,26320632,合庫台灣基金,AA1,TWD,16.57
202012,42298518,華南永昌物聯網精選基金,AA1,TWD,19.51
202012,42532205,路博邁AR台灣股票基金T累積級別(新臺幣),AA1,TWD,12.38
202012,48675778,群益奧斯卡基金,AA1,TWD,46.11
202012,48749899,群益葛萊美基金,AA1,TWD,35.17
202012,48858663,台新主流基金,AA1,TWD,31.38
202012,48893417,中國信託台灣活力基金,AA1,TWD,16.33
202012,48934304,統一台灣動力基金,AA1,TWD,28.29
202012,48948481,日盛首選基金,AA1,TWD,26.1
202012,48948834,施羅德台灣樂活中小基金-A類型,AA1,TWD,30.01
202012,48997911,安聯台灣智慧基金,AA1,TWD,61.31
202012,73982057,宏利臺灣股息收益基金A類型,AA1,TWD,35.43
202012,73987671,匯豐台灣精典基金,AA1,TWD,33.73
202012,73988876,日盛小而美基金,AA1,TWD,27.23
202012,73989002,第一金小型精選基金,AA1,TWD,44.35
202012,73989256,景順台灣科技基金,AA1,TWD,47.6
202012,73989501,摩根中小基金,AA1,TWD,33.65
202012,73990253,統一奔騰基金,AA1,TWD,84.99
202012,73990649,保德信科技島基金,AA1,TWD,43.35
202012,73991751,兆豐國際電子基金,AA1,TWD,35.97
202012,73992013,永豐領航科技基金,AA1,TWD,49.91
202012,73998071,新光店頭基金,AA1,TWD,35.57
202012,73998086,復華高成長基金,AA1,TWD,89.88
202012,76941376,匯豐成功基金,AA1,TWD,47.13
202012,76959044,元大台灣高股息優質龍頭基金-I類型累積級別,AA1,TWD,12.59
202012,77074486,永豐臺灣ESG永續優選基金-A累積類型,AA1,TWD,12.65
202012,77537493,統一統信基金,AA1,TWD,44.18
202012,77713842,合庫台灣高科技基金,AA1,TWD,11.49
202012,80892778,街口中小型基金,AA1,TWD,35.97
202012,80894446,台新中國通基金,AA1,TWD,65.4
202012,81581724,統一經建基金,AA1,TWD,64.3
202012,81584335,元大高科技基金,AA1,TWD,28.62
202012,81584975,日盛上選基金(A類型),AA1,TWD,51.41
202012,81585242,新光創新科技基金,AA1,TWD,19.42
202012,81585475,富邦高成長基金,AA1,TWD,38.14
202012,81587889,復華復華基金,AA1,TWD,30.22
202012,81588536,台新台灣中小基金,AA1,TWD,47.91
202012,81591434,群益長安基金,AA1,TWD,45.18
202012,81594690,永豐永豐基金-A類型,AA1,TWD,43.09
202012,81595924,瀚亞中小型股基金,AA1,TWD,32.12
202012,83863951,元大經貿基金,AA1,TWD,51.49
202012,83864683,富邦科技基金,AA1,TWD,36.78
202012,83866508,保德信中小型股基金,AA1,TWD,72.94
202012,88090408,兆豐國際台灣先進通訊基金,AA1,TWD,10.68
202012,88090934,國泰台灣高股息傘型基金之台灣高股息基金-新台幣A(不配息),AA1,TWD,12.02
202012,88095396,富邦台灣永續發展高股息基金-A類型,AA1,TWD,11.43
202012,92001765,元大多多基金,AA1,TWD,27.34
202012,92002244,統一黑馬基金,AA1,TWD,88.07
202012,92002384,富邦精準基金,AA1,TWD,74.34
202012,92003102,瀚亞高科技基金,AA1,TWD,93.01
202012,92010477,富邦長紅基金,AA1,TWD,98.15
202012,92012025,摩根新興科技基金,AA1,TWD,86.69
202012,92012572,瀚亞外銷基金,AA1,TWD,56.41
202012,92012762,統一龍馬基金,AA1,TWD,97.73
202012,92013967,保德信金滿意基金,AA1,TWD,59.4
202012,92017794,匯豐龍騰電子基金,AA1,TWD,56.81
202012,92019786,景順潛力基金,AA1,TWD,41.28
202012,92026219,元大卓越基金,AA1,TWD,54.6
202012,92028997,群益中小型股基金,AA1,TWD,67.45
202012,94991068,日盛新台商基金,AA1,TWD,61.73
202012,97972846,德信大發基金,AA1,TWD,40.4
202012,97977878,統一中小基金,AA1,TWD,36.15
202012,97984293,群益馬拉松基金,AA1,TWD,152.58
202012,97988636,保德信店頭市場基金,AA1,TWD,58.49
202012,97990696,瀚亞菁華基金,AA1,TWD,32.13
202012,97997635,聯博大利基金,AA1,TWD,52.78
202012,99973878,野村台灣高股息基金,AA1,TWD,32.95
202103,00965469,兆豐國際第一基金,AA1,TWD,22.35
202103,00968493,野村鴻運基金,AA1,TWD,40.11
202103,00973762,華南永昌永昌基金,AA1,TWD,34.93
202103,00974018,富邦基金A類型,AA1,TWD,25.31
202103,00974066,元大2001基金,AA1,TWD,114.91
202103,00974241,新光台灣富貴基金,AA1,TWD,45.36
202103,00988316,野村台灣運籌基金,AA1,TWD,71.96
202103,01031298,匯豐龍鳳基金-A類型,AA1,TWD,81.63
202103,01031564,野村積極成長基金,AA1,TWD,29.61
202103,01031699,統一全天候基金-A類型,AA1,TWD,201.13
202103,01031874,國泰小龍基金-新台幣,AA1,TWD,23.81
202103,01032058,元大多福基金,AA1,TWD,83.23
202103,01032162,摩根台灣增長基金,AA1,TWD,73.54
202103,01032183,保德信高成長基金,AA1,TWD,183.32
202103,01050148,兆豐國際國民基金,AA1,TWD,35.24
202103,10341837,兆豐國際豐台灣基金,AA1,TWD,52.39
202103,13539952,凱基開創基金,AA1,TWD,46.51
202103,13984165,富達台灣成長基金,AA1,TWD,46.06
202103,13986924,新光大三通基金,AA1,TWD,37.33
202103,13998344,永豐中小基金-A類型,AA1,TWD,70.19
202103,14694495,街口台灣基金,AA1,TWD,41.28
202103,14705562,國泰科技生化基金,AA1,TWD,67.78
202103,15733973,富蘭克林華美第一富基金,AA1,TWD,67.82
202103,17139204,元大新主流基金,AA1,TWD,41.82
202103,17140568,景順主流基金,AA1,TWD,30.71
202103,17144889,宏利台灣動力基金A類型,AA1,TWD,50.36
202103,17146752,野村成長基金,AA1,TWD,69.77
202103,17147078,日盛精選五虎基金,AA1,TWD,61.39
202103,17148301,富邦台灣心基金,AA1,TWD,42.33
202103,17597236,聯邦精選科技基金,AA1,TWD,20.91
202103,17597600,鋒裕匯理阿波羅基金,AA1,TWD,15.29
202103,17600534,野村高科技基金,AA1,TWD,20.93
202103,17602625,保德信新世紀基金,AA1,TWD,13.55
202103,17602821,台新2000高科技基金,AA1,TWD,53.23
202103,17604124,安聯台灣大壩基金-A類型-新臺幣,AA1,TWD,54.72
202103,17605622,統一大滿貫基金-A類型,AA1,TWD,53.47
202103,17607591,日盛高科技基金,AA1,TWD,31.9
202103,17608487,復華數位經濟基金,AA1,TWD,75.03
202103,17612497,國泰國泰基金-新台幣A,AA1,TWD,41.26
202103,18033138,台中銀數位時代基金,AA1,TWD,48.95
202103,18037937,野村ｅ科技基金,AA1,TWD,39.08
202103,18043059,國泰中小成長基金-新台幣,AA1,TWD,77.76
202103,18480065,安聯台灣科技基金,AA1,TWD,101.73
202103,18488279,復華中小精選基金,AA1,TWD,120.99
202103,18488469,野村中小基金-累積類型,AA1,TWD,98.22
202103,18496290,聯邦中國龍基金,AA1,TWD,42.17
202103,18499732,德銀遠東DWS台灣旗艦基金,AA1,TWD,31.66
202103,19291128,國泰大中華基金,AA1,TWD,35.87
202103,19330712,貝萊德寶利基金,AA1,TWD,44.41
202103,19330754,野村優質基金-累積類型新臺幣計價,AA1,TWD,88.52
202103,19339782,群益創新科技基金,AA1,TWD,55.39
202103,19341318,第一金電子基金,AA1,TWD,60.29
202103,20080023,元大店頭基金,AA1,TWD,14.87
202103,20081352,群益店頭市場基金,AA1,TWD,143.7
202103,20084317,日盛日盛基金,AA1,TWD,15.41
202103,20089755,富邦精銳中小基金,AA1,TWD,20.78
202103,20092528,第一金店頭市場基金,AA1,TWD,11.91
202103,20094820,柏瑞巨人基金-A類型,AA1,TWD,18.37
202103,21759676,復華全方位基金,AA1,TWD,47.12
202103,25612029,凱基台灣精五門基金,AA1,TWD,33.49
202103,25636367,摩根台灣金磚基金-累積型,AA1,TWD,32.98
202103,26202396,第一金創新趨勢基金-A類型,AA1,TWD,34.66
202103,26273336,日盛MIT主流基金,AA1,TWD,26.07
202103,26288534,台中銀台灣主流中小基金,AA1,TWD,32.7
202103,26310297,富蘭克林華美台股傘型基金之高科技基金,AA1,TWD,35.36
202103,26320632,合庫台灣基金,AA1,TWD,18.33
202103,42532205,路博邁AR台灣股票基金T累積級別(新臺幣),AA1,TWD,14.13
202103,48675778,群益奧斯卡基金,AA1,TWD,51.7
202103,48749899,群益葛萊美基金,AA1,TWD,40.41
202103,48858663,台新主流基金,AA1,TWD,36.63
202103,48893417,中國信託台灣活力基金,AA1,TWD,17.98
202103,48934304,統一台灣動力基金,AA1,TWD,33.97
202103,48948481,日盛首選基金,AA1,TWD,29.13
202103,48948834,施羅德台灣樂活中小基金-A類型,AA1,TWD,34.91
202103,48997911,安聯台灣智慧基金,AA1,TWD,69.25
202103,73982057,宏利臺灣股息收益基金A類型,AA1,TWD,39.97
202103,73987671,匯豐台灣精典基金,AA1,TWD,37.25
202103,73988876,日盛小而美基金,AA1,TWD,32.06
202103,73989002,第一金小型精選基金,AA1,TWD,50.31
202103,73989256,景順台灣科技基金,AA1,TWD,55.08
202103,73989501,摩根中小基金,AA1,TWD,37.05
202103,73990253,統一奔騰基金,AA1,TWD,112.45
202103,73990649,保德信科技島基金,AA1,TWD,50.14
202103,73991751,兆豐國際電子基金,AA1,TWD,43.42
202103,73992013,永豐領航科技基金,AA1,TWD,57.41
202103,73998071,新光店頭基金,AA1,TWD,42.93
202103,73998086,復華高成長基金,AA1,TWD,105.59
202103,76941376,匯豐成功基金,AA1,TWD,50.1
202103,76959044,元大台灣高股息優質龍頭基金-I類型累積級別,AA1,TWD,14.79
202103,77074486,永豐臺灣ESG永續優選基金-A累積類型,AA1,TWD,14.04
202103,77537493,統一統信基金,AA1,TWD,51.65
202103,77713842,合庫台灣高科技基金,AA1,TWD,13.09
202103,80892778,街口中小型基金,AA1,TWD,42.43
202103,80894446,台新中國通基金,AA1,TWD,77.94
202103,81581724,統一經建基金,AA1,TWD,77.23
202103,81584335,元大高科技基金,AA1,TWD,34.66
202103,81584975,日盛上選基金(A類型),AA1,TWD,57.55
202103,81585242,新光創新科技基金,AA1,TWD,23.75
202103,81585475,富邦高成長基金,AA1,TWD,44.23
202103,81587889,復華復華基金,AA1,TWD,34.1
202103,81588536,台新台灣中小基金,AA1,TWD,56.9
202103,81591434,群益長安基金,AA1,TWD,50.62
202103,81594690,永豐永豐基金-A類型,AA1,TWD,47.2
202103,81595924,瀚亞中小型股基金,AA1,TWD,37.39
202103,83863951,元大經貿基金,AA1,TWD,64.03
202103,83864683,富邦科技基金,AA1,TWD,42.98
202103,83866508,保德信中小型股基金,AA1,TWD,81.19
202103,88090408,兆豐國際台灣先進通訊基金,AA1,TWD,12.42
202103,88090934,國泰台灣高股息傘型基金之台灣高股息基金-新台幣A(不配息),AA1,TWD,13.66
202103,88095396,富邦台灣永續發展高股息基金-A類型,AA1,TWD,13.21
202103,88122295,復華台灣好收益基金,AA1,TWD,11.12
202103,92001765,元大多多基金,AA1,TWD,31.09
202103,92002244,統一黑馬基金,AA1,TWD,115.24
202103,92002384,富邦精準基金,AA1,TWD,83.94
202103,92003102,瀚亞高科技基金,AA1,TWD,110.83
202103,92010477,富邦長紅基金,AA1,TWD,113.97
202103,92012025,摩根新興科技基金,AA1,TWD,95.68
202103,92012572,瀚亞外銷基金,AA1,TWD,66.29
202103,92012762,統一龍馬基金,AA1,TWD,117.82
202103,92013967,保德信金滿意基金,AA1,TWD,68.49
202103,92017794,匯豐龍騰電子基金,AA1,TWD,63.54
202103,92019786,景順潛力基金,AA1,TWD,44.87
202103,92026219,元大卓越基金,AA1,TWD,64.68
202103,92028997,群益中小型股基金,AA1,TWD,75.09
202103,94991068,日盛新台商基金,AA1,TWD,69.57
202103,97972846,台中銀大發基金,AA1,TWD,45.26
202103,97977878,統一中小基金,AA1,TWD,45.94
202103,97984293,群益馬拉松基金,AA1,TWD,174.46
202103,97988636,保德信店頭市場基金,AA1,TWD,66.59
202103,97990696,瀚亞菁華基金,AA1,TWD,37.18
202103,97997635,聯博大利基金,AA1,TWD,60.73
202103,99973878,野村台灣高股息基金,AA1,TWD,36.33
202106,00965469,兆豐國際第一基金,AA1,TWD,25.55
202106,00968493,野村鴻運基金,AA1,TWD,43.4
202106,00973762,華南永昌永昌基金,AA1,TWD,40.54
202106,00974018,富邦基金A類型,AA1,TWD,26.32
202106,00974066,元大2001基金,AA1,TWD,118.25
202106,00974241,新光台灣富貴基金,AA1,TWD,54.0
202106,00988316,野村台灣運籌基金,AA1,TWD,73.0
202106,01031298,匯豐龍鳳基金-A類型,AA1,TWD,92.01
202106,01031564,野村積極成長基金,AA1,TWD,30.46
202106,01031699,統一全天候基金-A類型,AA1,TWD,217.82
202106,01031874,國泰小龍基金-新台幣,AA1,TWD,26.04
202106,01032058,元大多福基金,AA1,TWD,95.26
202106,01032162,摩根台灣增長基金,AA1,TWD,75.93
202106,01032183,保德信高成長基金,AA1,TWD,197.4
202106,01050148,兆豐國際國民基金,AA1,TWD,38.38
202106,10341837,兆豐國際豐台灣基金,AA1,TWD,57.82
202106,13539952,凱基開創基金,AA1,TWD,54.33
202106,13984165,富達台灣成長基金,AA1,TWD,49.0
202106,13986924,新光大三通基金,AA1,TWD,42.24
202106,13998344,永豐中小基金-A類型,AA1,TWD,77.75
202106,14694495,街口台灣基金,AA1,TWD,39.24
202106,14705562,國泰科技生化基金,AA1,TWD,70.19
202106,15733973,富蘭克林華美第一富基金,AA1,TWD,84.69
202106,17139204,元大新主流基金,AA1,TWD,44.65
202106,17140568,景順主流基金,AA1,TWD,31.67
202106,17144889,宏利台灣動力基金A類型,AA1,TWD,56.4
202106,17146752,野村成長基金,AA1,TWD,72.11
202106,17147078,日盛精選五虎基金,AA1,TWD,73.15
202106,17148301,富邦台灣心基金,AA1,TWD,47.03
202106,17597236,聯邦精選科技基金,AA1,TWD,24.03
202106,17597600,鋒裕匯理阿波羅基金,AA1,TWD,19.06
202106,17600534,野村高科技基金,AA1,TWD,21.96
202106,17602625,保德信新世紀基金,AA1,TWD,15.51
202106,17602821,台新2000高科技基金,AA1,TWD,58.03
202106,17604124,安聯台灣大壩基金-A類型-新臺幣,AA1,TWD,69.54
202106,17605622,統一大滿貫基金-A類型,AA1,TWD,58.56
202106,17607591,日盛高科技基金,AA1,TWD,32.72
202106,17608487,復華數位經濟基金,AA1,TWD,78.3
202106,17612497,國泰國泰基金-新台幣A,AA1,TWD,45.29
202106,18033138,台中銀數位時代基金,AA1,TWD,48.25
202106,18037937,野村ｅ科技基金,AA1,TWD,41.2
202106,18043059,國泰中小成長基金-新台幣,AA1,TWD,84.96
202106,18480065,安聯台灣科技基金,AA1,TWD,110.29
202106,18488279,復華中小精選基金,AA1,TWD,134.51
202106,18488469,野村中小基金-累積類型,AA1,TWD,105.85
202106,18496290,聯邦中國龍基金,AA1,TWD,48.94
202106,18499732,德銀遠東DWS台灣旗艦基金,AA1,TWD,32.69
202106,19291128,國泰大中華基金,AA1,TWD,38.63
202106,19330712,貝萊德寶利基金,AA1,TWD,46.02
202106,19330754,野村優質基金-累積類型新臺幣計價,AA1,TWD,89.8
202106,19339782,群益創新科技基金,AA1,TWD,60.99
202106,19341318,第一金電子基金,AA1,TWD,60.37
202106,20080023,元大店頭基金,AA1,TWD,16.39
202106,20081352,群益店頭市場基金,AA1,TWD,154.18
202106,20084317,日盛日盛基金,AA1,TWD,12.91
202106,20089755,富邦精銳中小基金,AA1,TWD,23.39
202106,20092528,第一金店頭市場基金,AA1,TWD,12.61
202106,20094820,柏瑞巨人基金-A類型,AA1,TWD,20.08
202106,21759676,復華全方位基金,AA1,TWD,53.36
202106,25612029,凱基台灣精五門基金,AA1,TWD,38.37
202106,25636367,摩根台灣金磚基金-累積型,AA1,TWD,35.88
202106,26202396,第一金創新趨勢基金-A類型,AA1,TWD,37.74
202106,26273336,日盛MIT主流基金,AA1,TWD,32.13
202106,26288534,台中銀台灣主流中小基金,AA1,TWD,33.43
202106,26310297,富蘭克林華美台股傘型基金之高科技基金,AA1,TWD,38.26
202106,26320632,合庫台灣基金,AA1,TWD,21.73
202106,42532205,路博邁AR台灣股票基金T累積級別(新臺幣),AA1,TWD,14.35
202106,48675778,群益奧斯卡基金,AA1,TWD,53.33
202106,48749899,群益葛萊美基金,AA1,TWD,44.24
202106,48858663,台新主流基金,AA1,TWD,39.0
202106,48893417,中國信託台灣活力基金,AA1,TWD,19.86
202106,48934304,統一台灣動力基金,AA1,TWD,38.79
202106,48948481,日盛首選基金,AA1,TWD,28.81
202106,48948834,施羅德台灣樂活中小基金-A類型,AA1,TWD,37.43
202106,48997911,安聯台灣智慧基金,AA1,TWD,82.83
202106,73982057,宏利臺灣股息收益基金A類型,AA1,TWD,42.0
202106,73987671,匯豐台灣精典基金,AA1,TWD,42.09
202106,73988876,日盛小而美基金,AA1,TWD,34.55
202106,73989002,第一金小型精選基金,AA1,TWD,57.07
202106,73989256,景順台灣科技基金,AA1,TWD,56.05
202106,73989501,摩根中小基金,AA1,TWD,41.71
202106,73990253,統一奔騰基金,AA1,TWD,137.29
202106,73990649,保德信科技島基金,AA1,TWD,50.86
202106,73991751,兆豐國際電子基金,AA1,TWD,47.56
202106,73992013,永豐領航科技基金,AA1,TWD,60.76
202106,73998071,新光店頭基金,AA1,TWD,49.29
202106,73998086,復華高成長基金,AA1,TWD,113.81
202106,76941376,匯豐成功基金,AA1,TWD,60.47
202106,76959044,元大台灣高股息優質龍頭基金-I類型累積級別,AA1,TWD,15.13
202106,77074486,永豐臺灣ESG永續優選基金-A累積類型,AA1,TWD,15.63
202106,77537493,統一統信基金,AA1,TWD,61.28
202106,77713842,合庫台灣高科技基金,AA1,TWD,15.92
202106,80892778,街口中小型基金,AA1,TWD,42.04
202106,80894446,台新中國通基金,AA1,TWD,88.12
202106,81581724,統一經建基金,AA1,TWD,88.88
202106,81584335,元大高科技基金,AA1,TWD,37.51
202106,81584975,日盛上選基金(A類型),AA1,TWD,70.51
202106,81585242,新光創新科技基金,AA1,TWD,29.55
202106,81585475,富邦高成長基金,AA1,TWD,46.99
202106,81587889,復華復華基金,AA1,TWD,36.26
202106,81588536,台新台灣中小基金,AA1,TWD,68.18
202106,81591434,群益長安基金,AA1,TWD,63.42
202106,81594690,永豐永豐基金-A類型,AA1,TWD,49.09
202106,81595924,瀚亞中小型股基金,AA1,TWD,41.74
202106,83863951,元大經貿基金,AA1,TWD,69.34
202106,83864683,富邦科技基金,AA1,TWD,45.21
202106,83866508,保德信中小型股基金,AA1,TWD,85.73
202106,88090408,兆豐國際台灣先進通訊基金,AA1,TWD,14.18
202106,88090934,國泰台灣高股息傘型基金之台灣高股息基金-新台幣A(不配息),AA1,TWD,16.77
202106,88095396,富邦台灣永續發展高股息基金-A類型,AA1,TWD,14.16
202106,88122295,復華台灣好收益基金,AA1,TWD,11.95
202106,88175551,日盛台灣永續成長股息基金,AA1,TWD,11.12
202106,92001765,元大多多基金,AA1,TWD,33.83
202106,92002244,統一黑馬基金,AA1,TWD,139.68
202106,92002384,富邦精準基金,AA1,TWD,89.21
202106,92003102,瀚亞高科技基金,AA1,TWD,128.63
202106,92010477,富邦長紅基金,AA1,TWD,121.0
202106,92012025,摩根新興科技基金,AA1,TWD,101.99
202106,92012572,瀚亞外銷基金,AA1,TWD,76.36
202106,92012762,統一龍馬基金,AA1,TWD,132.53
202106,92013967,保德信金滿意基金,AA1,TWD,70.98
202106,92017794,匯豐龍騰電子基金,AA1,TWD,64.23
202106,92019786,景順潛力基金,AA1,TWD,46.26
202106,92026219,元大卓越基金,AA1,TWD,71.63
202106,92028997,群益中小型股基金,AA1,TWD,85.01
202106,94991068,日盛新台商基金,AA1,TWD,71.73
202106,97972846,台中銀大發基金,AA1,TWD,46.77
202106,97977878,統一中小基金,AA1,TWD,50.15
202106,97984293,群益馬拉松基金,AA1,TWD,205.62
202106,97988636,保德信店頭市場基金,AA1,TWD,68.93
202106,97990696,瀚亞菁華基金,AA1,TWD,45.31
202106,97997635,聯博大利基金,AA1,TWD,65.36
202106,99973878,野村台灣高股息基金,AA1,TWD,40.33
202109,00965469,兆豐國際第一基金,AA1,TWD,25.73
202109,00968493,野村鴻運基金,AA1,TWD,44.13
202109,00973762,華南永昌永昌基金,AA1,TWD,38.48
202109,00974018,富邦基金A類型,AA1,TWD,25.42
202109,00974066,元大2001基金,AA1,TWD,118.52
202109,00974241,新光台灣富貴基金,AA1,TWD,53.27
202109,00988316,野村台灣運籌基金,AA1,TWD,74.74
202109,01031298,匯豐龍鳳基金-A類型,AA1,TWD,87.85
202109,01031564,野村積極成長基金,AA1,TWD,30.18
202109,01031699,統一全天候基金-A類型,AA1,TWD,205.94
202109,01031874,國泰小龍基金-新台幣,AA1,TWD,26.65
202109,01032058,元大多福基金,AA1,TWD,88.02
202109,01032162,摩根台灣增長基金,AA1,TWD,75.41
202109,01032183,保德信高成長基金,AA1,TWD,182.72
202109,01050148,兆豐國際國民基金,AA1,TWD,37.56
202109,10341837,兆豐國際豐台灣基金,AA1,TWD,57.74
202109,13539952,凱基開創基金,AA1,TWD,52.74
202109,13984165,富達台灣成長基金,AA1,TWD,48.28
202109,13986924,新光大三通基金,AA1,TWD,42.92
202109,13998344,永豐中小基金-A類型,AA1,TWD,77.82
202109,14694495,街口台灣基金,AA1,TWD,36.23
202109,14705562,國泰科技生化基金,AA1,TWD,66.42
202109,15733973,富蘭克林華美第一富基金,AA1,TWD,73.81
202109,17139204,元大新主流基金,AA1,TWD,42.52
202109,17140568,景順主流基金,AA1,TWD,29.8
202109,17144889,宏利台灣動力基金A類型,AA1,TWD,55.73
202109,17146752,野村成長基金,AA1,TWD,71.57
202109,17147078,日盛精選五虎基金,AA1,TWD,69.86
202109,17148301,富邦台灣心基金,AA1,TWD,44.74
202109,17597236,聯邦精選科技基金,AA1,TWD,24.5
202109,17597600,鋒裕匯理阿波羅基金,AA1,TWD,17.78
202109,17600534,野村高科技基金,AA1,TWD,20.47
202109,17602625,保德信新世紀基金,AA1,TWD,14.7
202109,17602821,台新2000高科技基金,AA1,TWD,57.06
202109,17604124,安聯台灣大壩基金-A類型-新臺幣,AA1,TWD,69.79
202109,17605622,統一大滿貫基金-A類型,AA1,TWD,55.07
202109,17607591,日盛高科技基金,AA1,TWD,32.51
202109,17608487,復華數位經濟基金,AA1,TWD,74.49
202109,17612497,國泰國泰基金-新台幣A,AA1,TWD,44.52
202109,18033138,台中銀數位時代基金,AA1,TWD,47.32
202109,18037937,野村ｅ科技基金,AA1,TWD,38.77
202109,18043059,國泰中小成長基金-新台幣,AA1,TWD,84.2
202109,18480065,安聯台灣科技基金,AA1,TWD,122.68
202109,18488279,復華中小精選基金,AA1,TWD,134.59
202109,18488469,野村中小基金-累積類型,AA1,TWD,107.39
202109,18496290,聯邦中國龍基金,AA1,TWD,50.64
202109,18499732,德銀遠東DWS台灣旗艦基金,AA1,TWD,31.11
202109,19291128,國泰大中華基金,AA1,TWD,39.55
202109,19330712,貝萊德寶利基金,AA1,TWD,45.06
202109,19330754,野村優質基金-累積類型新臺幣計價,AA1,TWD,93.9
202109,19339782,群益創新科技基金,AA1,TWD,60.1
202109,19341318,第一金電子基金,AA1,TWD,59.39
202109,20080023,元大店頭基金,AA1,TWD,16.21
202109,20081352,群益店頭市場基金,AA1,TWD,151.41
202109,20084317,日盛日盛基金,AA1,TWD,12.43
202109,20089755,富邦精銳中小基金,AA1,TWD,23.18
202109,20092528,第一金店頭市場基金,AA1,TWD,12.55
202109,20094820,柏瑞巨人基金-A類型,AA1,TWD,18.87
202109,21759676,復華全方位基金,AA1,TWD,50.64
202109,25612029,凱基台灣精五門基金,AA1,TWD,38.11
202109,25636367,摩根台灣金磚基金-累積型,AA1,TWD,36.07
202109,26202396,第一金創新趨勢基金-A類型,AA1,TWD,36.67
202109,26273336,日盛MIT主流基金,AA1,TWD,29.35
202109,26288534,台中銀台灣主流中小基金,AA1,TWD,34.24
202109,26310297,富蘭克林華美台股傘型基金之高科技基金,AA1,TWD,37.28
202109,26320632,合庫台灣基金,AA1,TWD,19.56
202109,42532205,路博邁AR台灣股票基金T累積級別(新臺幣),AA1,TWD,14.17
202109,48675778,群益奧斯卡基金,AA1,TWD,53.94
202109,48749899,群益葛萊美基金,AA1,TWD,43.43
202109,48858663,台新主流基金,AA1,TWD,38.72
202109,48893417,中國信託台灣活力基金,AA1,TWD,18.4
202109,48934304,統一台灣動力基金,AA1,TWD,38.18
202109,48948481,日盛首選基金,AA1,TWD,27.64
202109,48948834,施羅德台灣樂活中小基金-A類型,AA1,TWD,35.8
202109,48997911,安聯台灣智慧基金,AA1,TWD,86.04
202109,73982057,宏利臺灣股息收益基金A類型,AA1,TWD,38.81
202109,73987671,匯豐台灣精典基金,AA1,TWD,40.11
202109,73988876,日盛小而美基金,AA1,TWD,33.71
202109,73989002,第一金小型精選基金,AA1,TWD,54.83
202109,73989256,景順台灣科技基金,AA1,TWD,53.08
202109,73989501,摩根中小基金,AA1,TWD,41.24
202109,73990253,統一奔騰基金,AA1,TWD,132.62
202109,73990649,保德信科技島基金,AA1,TWD,48.16
202109,73991751,兆豐國際電子基金,AA1,TWD,49.32
202109,73992013,永豐領航科技基金,AA1,TWD,56.25
202109,73998071,新光店頭基金,AA1,TWD,50.93
202109,73998086,復華高成長基金,AA1,TWD,111.17
202109,76941376,匯豐成功基金,AA1,TWD,56.64
202109,76959044,元大台灣高股息優質龍頭基金-新台幣I類型累積級別,AA1,TWD,14.13
202109,77074486,永豐臺灣ESG永續優選基金-A累積類型,AA1,TWD,14.91
202109,77537493,統一統信基金,AA1,TWD,57.96
202109,77713842,合庫台灣高科技基金,AA1,TWD,14.74
202109,80892778,街口中小型基金,AA1,TWD,39.67
202109,80894446,台新中國通基金,AA1,TWD,84.52
202109,81581724,統一經建基金,AA1,TWD,88.34
202109,81584335,元大高科技基金,AA1,TWD,35.58
202109,81584975,日盛上選基金(A類型),AA1,TWD,65.98
202109,81585242,新光創新科技基金,AA1,TWD,30.2
202109,81585475,富邦高成長基金,AA1,TWD,47.82
202109,81587889,復華復華基金,AA1,TWD,33.25
202109,81588536,台新台灣中小基金,AA1,TWD,62.59
202109,81591434,群益長安基金,AA1,TWD,55.59
202109,81594690,永豐永豐基金-A類型,AA1,TWD,48.74
202109,81595924,瀚亞中小型股基金,AA1,TWD,40.43
202109,83863951,元大經貿基金,AA1,TWD,62.83
202109,83864683,富邦科技基金,AA1,TWD,47.57
202109,83866508,保德信中小型股基金,AA1,TWD,77.84
202109,88090408,兆豐國際台灣先進通訊基金,AA1,TWD,14.29
202109,88090934,國泰台灣高股息傘型基金之台灣高股息基金-新台幣A(不配息),AA1,TWD,16.42
202109,88095396,富邦台灣永續發展高股息基金-A類型,AA1,TWD,13.74
202109,88122295,復華台灣好收益基金,AA1,TWD,10.82
202109,88175551,日盛台灣永續成長股息基金,AA1,TWD,10.44
202109,88198077,兆豐台灣金傳精選股息基金-累積型,AA1,TWD,10.0
202109,92001765,元大多多基金,AA1,TWD,32.23
202109,92002244,統一黑馬基金,AA1,TWD,133.2
202109,92002384,富邦精準基金,AA1,TWD,85.22
202109,92003102,瀚亞高科技基金,AA1,TWD,127.8
202109,92010477,富邦長紅基金,AA1,TWD,123.18
202109,92012025,摩根新興科技基金,AA1,TWD,100.72
202109,92012572,瀚亞外銷基金,AA1,TWD,74.12
202109,92012762,統一龍馬基金,AA1,TWD,124.81
202109,92013967,保德信金滿意基金,AA1,TWD,66.65
202109,92017794,匯豐龍騰電子基金,AA1,TWD,64.32
202109,92019786,景順潛力基金,AA1,TWD,43.63
202109,92026219,元大卓越基金,AA1,TWD,65.95
202109,92028997,群益中小型股基金,AA1,TWD,82.33
202109,94991068,日盛新台商基金,AA1,TWD,71.73
202109,97972846,台中銀大發基金,AA1,TWD,47.72
202109,97977878,統一中小基金,AA1,TWD,47.49
202109,97984293,群益馬拉松基金,AA1,TWD,174.6
202109,97988636,保德信店頭市場基金,AA1,TWD,65.4
202109,97990696,瀚亞菁華基金,AA1,TWD,44.52
202109,97997635,聯博大利基金,AA1,TWD,62.77
202109,99973878,野村台灣高股息基金,AA1,TWD,38.9
202112,00965469,兆豐國際第一基金,AA1,TWD,30.34
202112,00968493,野村鴻運基金,AA1,TWD,53.58
202112,00973762,華南永昌永昌基金,AA1,TWD,45.77
202112,00974018,富邦基金A類型,AA1,TWD,29.9
202112,00974066,元大2001基金,AA1,TWD,141.22
202112,00974241,新光台灣富貴基金,AA1,TWD,62.73
202112,00988316,野村台灣運籌基金,AA1,TWD,89.15
202112,01031298,匯豐龍鳳基金-A類型,AA1,TWD,98.6
202112,01031564,野村積極成長基金,AA1,TWD,36.06
202112,01031699,統一全天候基金-A類型,AA1,TWD,241.35
202112,01031874,國泰小龍基金-新台幣,AA1,TWD,32.08
202112,01032058,元大多福基金,AA1,TWD,97.49
202112,01032162,摩根台灣增長基金,AA1,TWD,81.16
202112,01032183,PGIM保德信高成長基金,AA1,TWD,201.47
202112,01050148,兆豐國際國民基金,AA1,TWD,41.19
202112,10341837,兆豐國際豐台灣基金,AA1,TWD,67.14
202112,13539952,凱基開創基金,AA1,TWD,59.71
202112,13984165,富達台灣成長基金,AA1,TWD,55.44
202112,13986924,新光大三通基金,AA1,TWD,51.93
202112,13998344,永豐中小基金-A類型,AA1,TWD,88.74
202112,14694495,街口台灣基金,AA1,TWD,42.98
202112,14705562,國泰科技生化基金,AA1,TWD,79.17
202112,15733973,富蘭克林華美第一富基金,AA1,TWD,84.99
202112,17139204,元大新主流基金,AA1,TWD,50.97
202112,17140568,景順主流基金,AA1,TWD,34.59
202112,17144889,宏利台灣動力基金A類型,AA1,TWD,66.43
202112,17146752,野村成長基金,AA1,TWD,85.39
202112,17147078,日盛精選五虎基金,AA1,TWD,77.18
202112,17148301,富邦台灣心基金,AA1,TWD,56.19
202112,17597236,聯邦精選科技基金,AA1,TWD,28.6
202112,17597600,鋒裕匯理阿波羅基金,AA1,TWD,20.45
202112,17600534,野村高科技基金,AA1,TWD,25.49
202112,17602625,PGIM保德信新世紀基金,AA1,TWD,15.01
202112,17602821,台新2000高科技基金,AA1,TWD,69.37
202112,17604124,安聯台灣大壩基金-A類型-新臺幣,AA1,TWD,81.5
202112,17605622,統一大滿貫基金-A類型,AA1,TWD,64.42
202112,17607591,日盛高科技基金,AA1,TWD,38.37
202112,17608487,復華數位經濟基金,AA1,TWD,88.34
202112,17612497,國泰國泰基金-新台幣A,AA1,TWD,53.75
202112,18033138,台中銀數位時代基金,AA1,TWD,55.06
202112,18037937,野村ｅ科技基金,AA1,TWD,48.37
202112,18043059,國泰中小成長基金-新台幣,AA1,TWD,101.88
202112,18480065,安聯台灣科技基金,AA1,TWD,147.66
202112,18488279,復華中小精選基金,AA1,TWD,158.68
202112,18488469,野村中小基金-累積類型,AA1,TWD,129.78
202112,18496290,聯邦中國龍基金,AA1,TWD,59.43
202112,18499732,德銀遠東DWS台灣旗艦基金,AA1,TWD,37.15
202112,19291128,國泰大中華基金,AA1,TWD,47.95
202112,19330712,貝萊德寶利基金,AA1,TWD,50.36
202112,19330754,野村優質基金-累積類型新臺幣計價,AA1,TWD,111.88
202112,19339782,群益創新科技基金,AA1,TWD,76.52
202112,19341318,第一金電子基金,AA1,TWD,66.74
202112,20080023,元大店頭基金,AA1,TWD,19.66
202112,20081352,群益店頭市場基金,AA1,TWD,176.05
202112,20084317,日盛日盛基金,AA1,TWD,15.01
202112,20089755,富邦精銳中小基金,AA1,TWD,28.53
202112,20092528,第一金店頭市場基金,AA1,TWD,14.08
202112,20094820,柏瑞巨人基金-A類型,AA1,TWD,19.83
202112,21759676,復華全方位基金,AA1,TWD,61.28
202112,25612029,凱基台灣精五門基金,AA1,TWD,42.64
202112,25636367,摩根台灣金磚基金-累積型,AA1,TWD,40.35
202112,26202396,第一金創新趨勢基金-A類型,AA1,TWD,40.74
202112,26273336,日盛MIT主流基金,AA1,TWD,34.42
202112,26288534,台中銀台灣主流中小基金,AA1,TWD,39.36
202112,26310297,富蘭克林華美台股傘型基金之高科技基金,AA1,TWD,44.31
202112,26320632,合庫台灣基金,AA1,TWD,22.65
202112,42532205,路博邁AR台灣股票基金T累積級別(新臺幣),AA1,TWD,14.77
202112,48675778,群益奧斯卡基金,AA1,TWD,67.86
202112,48749899,群益葛萊美基金,AA1,TWD,51.03
202112,48858663,台新主流基金,AA1,TWD,45.51
202112,48893417,中國信託台灣活力基金,AA1,TWD,20.49
202112,48934304,統一台灣動力基金,AA1,TWD,44.42
202112,48948481,日盛首選基金,AA1,TWD,32.27
202112,48948834,施羅德台灣樂活中小基金-A類型,AA1,TWD,40.13
202112,48997911,安聯台灣智慧基金,AA1,TWD,100.54
202112,73982057,宏利臺灣股息收益基金A類型,AA1,TWD,43.93
202112,73987671,匯豐台灣精典基金,AA1,TWD,44.94
202112,73988876,日盛小而美基金,AA1,TWD,38.72
202112,73989002,第一金小型精選基金,AA1,TWD,59.97
202112,73989256,景順台灣科技基金,AA1,TWD,62.45
202112,73989501,摩根中小基金,AA1,TWD,48.01
202112,73990253,統一奔騰基金,AA1,TWD,158.54
202112,73990649,PGIM保德信科技島基金,AA1,TWD,54.25
202112,73991751,兆豐國際電子基金,AA1,TWD,60.73
202112,73992013,永豐領航科技基金,AA1,TWD,63.79
202112,73998071,新光店頭基金,AA1,TWD,60.61
202112,73998086,復華高成長基金,AA1,TWD,128.45
202112,76941376,匯豐成功基金,AA1,TWD,57.04
202112,76959044,元大台灣高股息優質龍頭基金-新台幣I類型累積級別,AA1,TWD,15.83
202112,77074486,永豐臺灣ESG永續優選基金-A累積類型,AA1,TWD,16.54
202112,77537493,統一統信基金,AA1,TWD,69.42
202112,77713842,合庫台灣高科技基金,AA1,TWD,17.21
202112,80892778,街口中小型基金,AA1,TWD,46.63
202112,80894446,台新中國通基金,AA1,TWD,102.85
202112,81581724,統一經建基金,AA1,TWD,104.48
202112,81584335,元大高科技基金,AA1,TWD,41.4
202112,81584975,日盛上選基金(A類型),AA1,TWD,76.08
202112,81585242,新光創新科技基金,AA1,TWD,36.47
202112,81585475,富邦高成長基金,AA1,TWD,57.91
202112,81587889,復華復華基金,AA1,TWD,38.23
202112,81588536,台新台灣中小基金,AA1,TWD,77.33
202112,81591434,群益長安基金,AA1,TWD,62.44
202112,81594690,永豐永豐基金-A類型,AA1,TWD,54.74
202112,81595924,瀚亞中小型股基金,AA1,TWD,47.09
202112,83863951,元大經貿基金,AA1,TWD,69.13
202112,83864683,富邦科技基金,AA1,TWD,58.13
202112,83866508,PGIM保德信中小型股基金,AA1,TWD,86.76
202112,88090408,兆豐國際台灣先進通訊基金,AA1,TWD,16.6
202112,88090934,國泰台灣高股息傘型基金之台灣高股息基金-新台幣A(不配息),AA1,TWD,18.98
202112,88095396,富邦台灣永續發展高股息基金-A類型,AA1,TWD,15.98
202112,88122295,復華台灣好收益基金,AA1,TWD,12.62
202112,88175551,日盛台灣永續成長股息基金,AA1,TWD,12.34
202112,88198077,兆豐台灣金傳精選股息基金-累積型,AA1,TWD,10.24
202112,92001765,元大多多基金,AA1,TWD,37.32
202112,92002244,統一黑馬基金,AA1,TWD,160.42
202112,92002384,富邦精準基金,AA1,TWD,106.75
202112,92003102,瀚亞高科技基金,AA1,TWD,145.4
202112,92010477,富邦長紅基金,AA1,TWD,149.59
202112,92012025,摩根新興科技基金,AA1,TWD,118.41
202112,92012572,瀚亞外銷基金,AA1,TWD,86.71
202112,92012762,統一龍馬基金,AA1,TWD,150.22
202112,92013967,PGIM保德信金滿意基金,AA1,TWD,75.47
202112,92017794,匯豐龍騰電子基金,AA1,TWD,75.27
202112,92019786,景順潛力基金,AA1,TWD,50.67
202112,92026219,元大卓越基金,AA1,TWD,73.54
202112,92028997,群益中小型股基金,AA1,TWD,98.99
202112,94991068,日盛新台商基金,AA1,TWD,81.19
202112,97972846,台中銀大發基金,AA1,TWD,54.33
202112,97977878,統一中小基金,AA1,TWD,55.42
202112,97984293,群益馬拉松基金,AA1,TWD,189.8
202112,97988636,PGIM保德信店頭市場基金,AA1,TWD,74.78
202112,97990696,瀚亞菁華基金,AA1,TWD,50.13
202112,97997635,聯博大利基金,AA1,TWD,70.07
202112,99973878,野村台灣高股息基金,AA1,TWD,42.6
202203,00965469,兆豐國際第一基金,AA1,TWD,28.13
202203,00968493,野村鴻運基金,AA1,TWD,49.26
202203,00973762,華南永昌永昌基金,AA1,TWD,42.54
202203,00974018,富邦基金A類型,AA1,TWD,27.86
202203,00974066,元大2001基金,AA1,TWD,130.04
202203,00974241,新光台灣富貴基金,AA1,TWD,59.45
202203,00988316,野村台灣運籌基金,AA1,TWD,80.41
202203,01031298,匯豐龍鳳基金-A類型,AA1,TWD,93.55
202203,01031564,野村積極成長基金,AA1,TWD,32.74
202203,01031699,統一全天候基金-A類型,AA1,TWD,220.4
202203,01031874,國泰小龍基金-新台幣,AA1,TWD,28.6
202203,01032058,元大多福基金,AA1,TWD,90.2
202203,01032162,摩根台灣增長基金,AA1,TWD,77.25
202203,01032183,PGIM保德信高成長基金,AA1,TWD,193.07
202203,01050148,兆豐國際國民基金,AA1,TWD,37.2
202203,10341837,兆豐國際豐台灣基金,AA1,TWD,61.38
202203,13539952,凱基開創基金,AA1,TWD,55.27
202203,13984165,富達台灣成長基金,AA1,TWD,51.55
202203,13986924,新光大三通基金,AA1,TWD,47.26
202203,13998344,永豐中小基金-A類型,AA1,TWD,80.06
202203,14694495,街口台灣基金,AA1,TWD,40.37
202203,14705562,國泰科技生化基金,AA1,TWD,71.31
202203,15733973,富蘭克林華美第一富基金,AA1,TWD,78.36
202203,17139204,元大新主流基金,AA1,TWD,46.86
202203,17140568,景順主流基金,AA1,TWD,31.75
202203,17144889,宏利台灣動力基金A類型,AA1,TWD,60.04
202203,17146752,野村成長基金,AA1,TWD,77.4
202203,17147078,日盛精選五虎基金,AA1,TWD,73.9
202203,17148301,富邦台灣心基金,AA1,TWD,52.42
202203,17597236,聯邦精選科技基金,AA1,TWD,26.89
202203,17597600,鋒裕匯理阿波羅基金,AA1,TWD,18.58
202203,17600534,野村高科技基金,AA1,TWD,23.37
202203,17602625,PGIM保德信新世紀基金,AA1,TWD,14.69
202203,17602821,台新2000高科技基金,AA1,TWD,64.93
202203,17604124,安聯台灣大壩基金-A類型-新臺幣,AA1,TWD,74.88
202203,17605622,統一大滿貫基金-A類型,AA1,TWD,58.29
202203,17607591,日盛高科技基金,AA1,TWD,33.94
202203,17608487,復華數位經濟基金,AA1,TWD,79.53
202203,17612497,國泰國泰基金-新台幣A,AA1,TWD,48.8
202203,18033138,台中銀數位時代基金,AA1,TWD,50.84
202203,18037937,野村ｅ科技基金,AA1,TWD,44.44
202203,18043059,國泰中小成長基金-新台幣,AA1,TWD,95.23
202203,18480065,安聯台灣科技基金,AA1,TWD,136.98
202203,18488279,復華中小精選基金,AA1,TWD,140.25
202203,18488469,野村中小基金-累積類型,AA1,TWD,119.22
202203,18496290,聯邦中國龍基金,AA1,TWD,55.58
202203,18499732,德銀遠東DWS台灣旗艦基金,AA1,TWD,35.01
202203,19291128,國泰大中華基金,AA1,TWD,42.9
202203,19330712,貝萊德寶利基金,AA1,TWD,46.64
202203,19330754,野村優質基金-累積類型新臺幣計價,AA1,TWD,100.82
202203,19339782,群益創新科技基金,AA1,TWD,68.12
202203,19341318,第一金電子基金,AA1,TWD,62.49
202203,20080023,元大店頭基金,AA1,TWD,17.57
202203,20081352,群益店頭市場基金,AA1,TWD,157.87
202203,20084317,日盛日盛基金,AA1,TWD,13.7
202203,20089755,富邦精銳中小基金,AA1,TWD,26.58
202203,20092528,第一金店頭市場基金,AA1,TWD,12.51
202203,20094820,柏瑞巨人基金-A類型,AA1,TWD,19.06
202203,21759676,復華全方位基金,AA1,TWD,54.37
202203,25612029,凱基台灣精五門基金,AA1,TWD,40.37
202203,25636367,摩根台灣金磚基金-累積型,AA1,TWD,35.82
202203,26202396,第一金創新趨勢基金-A類型,AA1,TWD,38.11
202203,26273336,日盛MIT主流基金,AA1,TWD,31.16
202203,26288534,台中銀台灣主流中小基金,AA1,TWD,37.68
202203,26310297,富蘭克林華美台股傘型基金之高科技基金,AA1,TWD,40.31
202203,26320632,合庫台灣基金,AA1,TWD,21.04
202203,42532205,路博邁AR台灣股票基金T累積級別(新臺幣),AA1,TWD,14.63
202203,48675778,群益奧斯卡基金,AA1,TWD,59.8
202203,48749899,群益葛萊美基金,AA1,TWD,45.59
202203,48858663,台新主流基金,AA1,TWD,42.33
202203,48893417,中國信託台灣活力基金,AA1,TWD,18.99
202203,48934304,統一台灣動力基金,AA1,TWD,40.48
202203,48948481,日盛首選基金,AA1,TWD,29.33
202203,48948834,施羅德台灣樂活中小基金-A類型,AA1,TWD,36.91
202203,48997911,安聯台灣智慧基金,AA1,TWD,94.71
202203,73982057,宏利臺灣股息收益基金A類型,AA1,TWD,41.78
202203,73987671,匯豐台灣精典基金,AA1,TWD,42.6
202203,73988876,日盛小而美基金,AA1,TWD,35.27
202203,73989002,第一金小型精選基金,AA1,TWD,53.9
202203,73989256,景順台灣科技基金,AA1,TWD,56.79
202203,73989501,摩根中小基金,AA1,TWD,41.26
202203,73990253,統一奔騰基金,AA1,TWD,147.35
202203,73990649,PGIM保德信科技島基金,AA1,TWD,52.19
202203,73991751,兆豐國際電子基金,AA1,TWD,55.91
202203,73992013,永豐領航科技基金,AA1,TWD,56.04
202203,73998071,新光店頭基金,AA1,TWD,55.42
202203,73998086,復華高成長基金,AA1,TWD,114.73
202203,76941376,匯豐成功基金,AA1,TWD,55.21
202203,76959044,元大台灣高股息優質龍頭基金-新台幣I類型累積級別,AA1,TWD,14.81
202203,77074486,永豐臺灣ESG永續優選基金-A累積類型,AA1,TWD,16.02
202203,77537493,統一統信基金,AA1,TWD,63.22
202203,77713842,合庫台灣高科技基金,AA1,TWD,16.01
202203,80892778,街口中小型基金,AA1,TWD,43.58
202203,80894446,台新中國通基金,AA1,TWD,99.05
202203,81581724,統一經建基金,AA1,TWD,95.95
202203,81584335,元大高科技基金,AA1,TWD,37.2
202203,81584975,日盛上選基金(A類型),AA1,TWD,68.9
202203,81585242,新光創新科技基金,AA1,TWD,33.12
202203,81585475,富邦高成長基金,AA1,TWD,53.09
202203,81587889,復華復華基金,AA1,TWD,34.25
202203,81588536,台新台灣中小基金,AA1,TWD,72.56
202203,81591434,群益長安基金,AA1,TWD,57.68
202203,81594690,永豐永豐基金-A類型,AA1,TWD,48.96
202203,81595924,瀚亞中小型股基金,AA1,TWD,43.15
202203,83863951,元大經貿基金,AA1,TWD,62.72
202203,83864683,富邦科技基金,AA1,TWD,53.8
202203,83866508,PGIM保德信中小型股基金,AA1,TWD,79.92
202203,88090408,兆豐國際台灣先進通訊基金,AA1,TWD,15.14
202203,88090934,國泰台灣高股息傘型基金之台灣高股息基金-新台幣A(不配息),AA1,TWD,18.27
202203,88095396,富邦台灣永續發展高股息基金-A類型,AA1,TWD,14.94
202203,88122295,復華台灣好收益基金,AA1,TWD,11.19
202203,88175551,日盛台灣永續成長股息基金,AA1,TWD,11.37
202203,88198077,兆豐台灣金傳精選股息基金-累積型,AA1,TWD,9.91
202203,92001765,元大多多基金,AA1,TWD,33.39
202203,92002244,統一黑馬基金,AA1,TWD,149.84
202203,92002384,富邦精準基金,AA1,TWD,99.74
202203,92003102,瀚亞高科技基金,AA1,TWD,134.39
202203,92010477,富邦長紅基金,AA1,TWD,137.36
202203,92012025,摩根新興科技基金,AA1,TWD,103.25
202203,92012572,瀚亞外銷基金,AA1,TWD,79.55
202203,92012762,統一龍馬基金,AA1,TWD,135.24
202203,92013967,PGIM保德信金滿意基金,AA1,TWD,69.33
202203,92017794,匯豐龍騰電子基金,AA1,TWD,70.3
202203,92019786,景順潛力基金,AA1,TWD,46.71
202203,92026219,元大卓越基金,AA1,TWD,66.24
202203,92028997,群益中小型股基金,AA1,TWD,91.48
202203,94991068,日盛新台商基金,AA1,TWD,73.24
202203,97972846,台中銀大發基金,AA1,TWD,52.0
202203,97977878,統一中小基金,AA1,TWD,50.14
202203,97984293,群益馬拉松基金,AA1,TWD,173.66
202203,97988636,PGIM保德信店頭市場基金,AA1,TWD,68.36
202203,97990696,瀚亞菁華基金,AA1,TWD,45.76
202203,97997635,聯博大利基金,AA1,TWD,65.31
202203,99973878,野村台灣高股息基金,AA1,TWD,41.17
202206,00965469,兆豐第一基金,AA1,TWD,24.32
202206,00968493,野村鴻運基金,AA1,TWD,38.06
202206,00973762,華南永昌永昌基金,AA1,TWD,33.97
202206,00974018,富邦基金A類型,AA1,TWD,15.97
202206,00974066,元大2001基金,AA1,TWD,97.38
202206,00974241,新光台灣富貴基金,AA1,TWD,46.41
202206,00988316,野村台灣運籌基金,AA1,TWD,60.87
202206,01031298,匯豐龍鳳基金-A類型,AA1,TWD,76.23
202206,01031564,野村積極成長基金,AA1,TWD,25.27
202206,01031699,統一全天候基金-A類型,AA1,TWD,167.15
202206,01031874,國泰小龍基金-新台幣,AA1,TWD,21.8
202206,01032058,元大多福基金,AA1,TWD,69.3
202206,01032162,摩根台灣增長基金,AA1,TWD,65.91
202206,01032183,PGIM保德信高成長基金,AA1,TWD,144.64
202206,01050148,兆豐國民基金,AA1,TWD,31.06
202206,10341837,兆豐豐台灣基金,AA1,TWD,50.24
202206,13539952,凱基開創基金,AA1,TWD,47.05
202206,13984165,富達台灣成長基金,AA1,TWD,43.66
202206,13986924,新光大三通基金,AA1,TWD,36.52
202206,13998344,永豐中小基金-A類型,AA1,TWD,63.64
202206,14694495,街口台灣基金,AA1,TWD,33.78
202206,14705562,國泰科技生化基金,AA1,TWD,55.82
202206,15733973,富蘭克林華美第一富基金,AA1,TWD,65.03
202206,17139204,元大新主流基金,AA1,TWD,34.64
202206,17140568,景順主流基金,AA1,TWD,25.42
202206,17144889,宏利台灣動力基金A類型,AA1,TWD,48.27
202206,17146752,野村成長基金,AA1,TWD,59.88
202206,17147078,日盛精選五虎基金,AA1,TWD,62.97
202206,17148301,富邦台灣心基金,AA1,TWD,39.69
202206,17597236,聯邦精選科技基金,AA1,TWD,19.85
202206,17597600,鋒裕匯理阿波羅基金,AA1,TWD,13.75
202206,17600534,野村高科技基金,AA1,TWD,17.84
202206,17602625,PGIM保德信新世紀基金,AA1,TWD,12.84
202206,17602821,台新2000高科技基金,AA1,TWD,48.02
202206,17604124,安聯台灣大壩基金-A類型-新臺幣,AA1,TWD,56.18
202206,17605622,統一大滿貫基金-A類型,AA1,TWD,48.38
202206,17607591,日盛高科技基金,AA1,TWD,26.61
202206,17608487,復華數位經濟基金,AA1,TWD,58.36
202206,17612497,國泰國泰基金-新台幣A,AA1,TWD,37.95
202206,18033138,台中銀數位時代基金,AA1,TWD,47.97
202206,18037937,野村ｅ科技基金,AA1,TWD,33.25
202206,18043059,國泰中小成長基金-新台幣,AA1,TWD,73.13
202206,18480065,安聯台灣科技基金,AA1,TWD,103.54
202206,18488279,復華中小精選基金,AA1,TWD,101.62
202206,18488469,野村中小基金-累積類型,AA1,TWD,91.72
202206,18496290,聯邦中國龍基金,AA1,TWD,41.44
202206,18499732,德銀遠東DWS台灣旗艦基金,AA1,TWD,28.89
202206,19291128,國泰大中華基金,AA1,TWD,32.99
202206,19330712,貝萊德寶利基金,AA1,TWD,39.59
202206,19330754,野村優質基金-累積類型新臺幣計價,AA1,TWD,77.71
202206,19339782,群益創新科技基金,AA1,TWD,52.88
202206,19341318,第一金電子基金,AA1,TWD,48.66
202206,20080023,元大店頭基金,AA1,TWD,13.42
202206,20081352,群益店頭市場基金,AA1,TWD,121.94
202206,20084317,日盛日盛基金,AA1,TWD,10.09
202206,20089755,富邦精銳中小基金,AA1,TWD,20.31
202206,20092528,第一金店頭市場基金,AA1,TWD,11.45
202206,20094820,柏瑞巨人基金-A類型,AA1,TWD,16.76
202206,21759676,復華全方位基金,AA1,TWD,41.59
202206,25612029,凱基台灣精五門基金,AA1,TWD,33.46
202206,25636367,摩根台灣金磚基金-累積型,AA1,TWD,28.18
202206,26202396,第一金創新趨勢基金-A類型,AA1,TWD,29.6
202206,26273336,日盛MIT主流基金,AA1,TWD,24.75
202206,26288534,台中銀台灣主流中小基金,AA1,TWD,30.75
202206,26310297,富蘭克林華美台股傘型基金之高科技基金,AA1,TWD,32.18
202206,26320632,合庫台灣基金,AA1,TWD,17.77
202206,42532205,路博邁台灣5G股票基金T累積級別(新臺幣),AA1,TWD,12.15
202206,48675778,群益奧斯卡基金,AA1,TWD,43.43
202206,48749899,群益葛萊美基金,AA1,TWD,36.3
202206,48858663,台新主流基金,AA1,TWD,30.86
202206,48893417,中國信託台灣活力基金,AA1,TWD,16.25
202206,48934304,統一台灣動力基金,AA1,TWD,32.53
202206,48948481,日盛首選基金,AA1,TWD,22.42
202206,48948834,施羅德台灣樂活中小基金-A類型,AA1,TWD,30.41
202206,48997911,安聯台灣智慧基金,AA1,TWD,72.15
202206,73982057,宏利臺灣股息收益基金A類型,AA1,TWD,34.88
202206,73987671,匯豐台灣精典基金,AA1,TWD,34.69
202206,73988876,日盛小而美基金,AA1,TWD,26.77
202206,73989002,第一金小型精選基金,AA1,TWD,49.08
202206,73989256,景順台灣科技基金,AA1,TWD,43.84
202206,73989501,摩根中小基金,AA1,TWD,31.65
202206,73990253,統一奔騰基金,AA1,TWD,122.83
202206,73990649,PGIM保德信科技島基金,AA1,TWD,39.66
202206,73991751,兆豐電子基金,AA1,TWD,44.17
202206,73992013,永豐領航科技基金,AA1,TWD,43.63
202206,73998071,新光店頭基金,AA1,TWD,43.66
202206,73998086,復華高成長基金,AA1,TWD,86.88
202206,76941376,匯豐成功基金,AA1,TWD,48.91
202206,76959044,元大台灣高股息優質龍頭基金-新台幣I類型累積級別,AA1,TWD,11.42
202206,77074486,永豐臺灣ESG永續優選基金-A累積類型,AA1,TWD,13.51
202206,77537493,統一統信基金,AA1,TWD,47.16
202206,77713842,合庫台灣高科技基金,AA1,TWD,14.04
202206,80892778,街口中小型基金,AA1,TWD,32.91
202206,80894446,台新中國通基金,AA1,TWD,76.28
202206,81581724,統一經建基金,AA1,TWD,73.62
202206,81584335,元大高科技基金,AA1,TWD,27.46
202206,81584975,日盛上選基金(A類型),AA1,TWD,50.53
202206,81585242,新光創新科技基金,AA1,TWD,25.34
202206,81585475,富邦高成長基金,AA1,TWD,40.94
202206,81587889,復華復華基金,AA1,TWD,26.01
202206,81588536,台新台灣中小基金,AA1,TWD,55.33
202206,81591434,群益長安基金,AA1,TWD,45.25
202206,81594690,永豐永豐基金-A類型,AA1,TWD,38.61
202206,81595924,瀚亞中小型股基金,AA1,TWD,32.59
202206,83863951,元大經貿基金,AA1,TWD,43.63
202206,83864683,富邦科技基金,AA1,TWD,38.83
202206,83866508,PGIM保德信中小型股基金,AA1,TWD,61.7
202206,88090408,兆豐台灣先進通訊基金,AA1,TWD,12.03
202206,88090934,國泰台灣高股息傘型基金之台灣高股息基金-新台幣A(不配息),AA1,TWD,15.45
202206,88095396,富邦台灣永續發展高股息基金-A類型,AA1,TWD,11.2
202206,88122295,復華台灣好收益基金,AA1,TWD,8.22
202206,88175551,日盛台灣永續成長股息基金,AA1,TWD,8.95
202206,88198077,兆豐台灣金傳精選股息基金-累積型,AA1,TWD,8.81
202206,88271077,第一金台灣核心戰略建設基金-累積型-新臺幣,AA1,TWD,9.76
202206,88316721,新光臺灣高股息基金(A累)新台幣,AA1,TWD,9.97
202206,92001765,元大多多基金,AA1,TWD,26.39
202206,92002244,統一黑馬基金,AA1,TWD,120.78
202206,92002384,富邦精準基金,AA1,TWD,75.9
202206,92003102,瀚亞高科技基金,AA1,TWD,105.39
202206,92010477,富邦長紅基金,AA1,TWD,104.34
202206,92012025,摩根新興科技基金,AA1,TWD,77.99
202206,92012572,瀚亞外銷基金,AA1,TWD,57.97
202206,92012762,統一龍馬基金,AA1,TWD,112.37
202206,92013967,PGIM保德信金滿意基金,AA1,TWD,55.14
202206,92017794,匯豐龍騰電子基金,AA1,TWD,54.29
202206,92019786,景順潛力基金,AA1,TWD,37.84
202206,92026219,元大卓越基金,AA1,TWD,48.62
202206,92028997,群益中小型股基金,AA1,TWD,73.11
202206,94991068,日盛新台商基金,AA1,TWD,57.24
202206,97972846,台中銀大發基金,AA1,TWD,42.7
202206,97977878,統一中小基金,AA1,TWD,38.43
202206,97984293,群益馬拉松基金,AA1,TWD,135.88
202206,97988636,PGIM保德信店頭市場基金,AA1,TWD,51.15
202206,97990696,瀚亞菁華基金,AA1,TWD,31.73
202206,97997635,聯博大利基金,AA1,TWD,52.66
202206,99973878,野村台灣高股息基金,AA1,TWD,35.7
202209,00965469,兆豐第一基金,AA1,TWD,23.85
202209,00968493,野村鴻運基金,AA1,TWD,36.55
202209,00973762,華南永昌永昌基金,AA1,TWD,33.83
202209,00974018,富邦基金A類型,AA1,TWD,15.57
202209,00974066,元大2001基金,AA1,TWD,96.04
202209,00974241,新光台灣富貴基金,AA1,TWD,44.57
202209,00988316,野村台灣運籌基金,AA1,TWD,60.9
202209,01031298,匯豐龍鳳基金-A類型,AA1,TWD,73.51
202209,01031564,野村積極成長基金,AA1,TWD,24.47
202209,01031699,統一全天候基金-A類型,AA1,TWD,160.18
202209,01031874,國泰小龍基金-新台幣,AA1,TWD,21.48
202209,01032058,元大多福基金,AA1,TWD,68.16
202209,01032162,摩根台灣增長基金,AA1,TWD,61.09
202209,01032183,PGIM保德信高成長基金,AA1,TWD,133.98
202209,01050148,兆豐國民基金,AA1,TWD,30.2
202209,10341837,兆豐豐台灣基金,AA1,TWD,50.08
202209,13539952,凱基開創基金,AA1,TWD,45.55
202209,13984165,富達台灣成長基金,AA1,TWD,41.77
202209,13986924,新光大三通基金,AA1,TWD,36.01
202209,13998344,永豐中小基金-A類型,AA1,TWD,61.6
202209,14694495,街口台灣基金,AA1,TWD,31.96
202209,14705562,國泰科技生化基金,AA1,TWD,53.96
202209,15733973,富蘭克林華美第一富基金,AA1,TWD,63.45
202209,17139204,元大新主流基金,AA1,TWD,33.94
202209,17140568,景順主流基金,AA1,TWD,24.26
202209,17144889,宏利台灣動力基金A類型,AA1,TWD,46.76
202209,17146752,野村成長基金,AA1,TWD,58.11
202209,17147078,日盛精選五虎基金,AA1,TWD,58.53
202209,17148301,富邦台灣心基金,AA1,TWD,38.03
202209,17597236,聯邦精選科技基金,AA1,TWD,19.25
202209,17600534,野村高科技基金,AA1,TWD,17.02
202209,17602625,PGIM保德信新世紀基金,AA1,TWD,12.06
202209,17602821,台新2000高科技基金,AA1,TWD,43.72
202209,17604124,安聯台灣大壩基金-A類型-新臺幣,AA1,TWD,51.32
202209,17605622,統一大滿貫基金-A類型,AA1,TWD,47.62
202209,17607591,日盛高科技基金,AA1,TWD,24.94
202209,17608487,復華數位經濟基金,AA1,TWD,54.1
202209,17612497,國泰國泰基金-新台幣A,AA1,TWD,37.71
202209,18033138,台中銀數位時代基金,AA1,TWD,47.98
202209,18037937,野村ｅ科技基金,AA1,TWD,31.74
202209,18043059,國泰中小成長基金-新台幣,AA1,TWD,71.55
202209,18480065,安聯台灣科技基金,AA1,TWD,96.6
202209,18488279,復華中小精選基金,AA1,TWD,93.69
202209,18488469,野村中小基金-累積類型,AA1,TWD,88.07
202209,18496290,聯邦中國龍基金,AA1,TWD,39.04
202209,18499732,德銀遠東DWS台灣旗艦基金,AA1,TWD,27.54
202209,19291128,國泰大中華基金,AA1,TWD,32.43
202209,19330712,貝萊德寶利基金,AA1,TWD,37.99
202209,19330754,野村優質基金-累積類型新臺幣計價,AA1,TWD,72.01
202209,19339782,群益創新科技基金,AA1,TWD,49.66
202209,19341318,第一金電子基金,AA1,TWD,46.32
202209,20080023,元大店頭基金,AA1,TWD,13.45
202209,20081352,群益店頭市場基金,AA1,TWD,127.26
202209,20084317,日盛日盛基金,AA1,TWD,9.46
202209,20089755,富邦精銳中小基金,AA1,TWD,19.7
202209,20092528,第一金店頭市場基金,AA1,TWD,11.77
202209,20094820,柏瑞巨人基金-A類型,AA1,TWD,16.37
202209,21759676,復華全方位基金,AA1,TWD,39.59
202209,25612029,凱基台灣精五門基金,AA1,TWD,32.3
202209,25636367,摩根台灣金磚基金-累積型,AA1,TWD,26.17
202209,26202396,第一金創新趨勢基金-A類型,AA1,TWD,27.94
202209,26273336,日盛MIT主流基金,AA1,TWD,23.34
202209,26288534,台中銀台灣主流中小基金,AA1,TWD,29.57
202209,26310297,富蘭克林華美台股傘型基金之高科技基金,AA1,TWD,32.71
202209,26320632,合庫台灣基金,AA1,TWD,17.13
202209,42532205,路博邁台灣5G股票基金T累積級別(新臺幣),AA1,TWD,12.37
202209,48675778,群益奧斯卡基金,AA1,TWD,40.55
202209,48749899,群益葛萊美基金,AA1,TWD,36.09
202209,48858663,台新主流基金,AA1,TWD,29.35
202209,48893417,中國信託台灣活力基金,AA1,TWD,15.57
202209,48934304,統一台灣動力基金,AA1,TWD,32.49
202209,48948481,日盛首選基金,AA1,TWD,22.18
202209,48948834,施羅德台灣樂活中小基金-A類型,AA1,TWD,29.73
202209,48997911,安聯台灣智慧基金,AA1,TWD,66.39
202209,73982057,宏利臺灣股息收益基金A類型,AA1,TWD,34.3
202209,73987671,匯豐台灣精典基金,AA1,TWD,33.41
202209,73988876,日盛小而美基金,AA1,TWD,24.94
202209,73989002,第一金小型精選基金,AA1,TWD,49.78
202209,73989256,景順台灣科技基金,AA1,TWD,41.64
202209,73989501,摩根中小基金,AA1,TWD,29.55
202209,73990253,統一奔騰基金,AA1,TWD,120.64
202209,73990649,PGIM保德信科技島基金,AA1,TWD,39.36
202209,73991751,兆豐電子基金,AA1,TWD,42.2
202209,73992013,永豐領航科技基金,AA1,TWD,41.99
202209,73998071,新光店頭基金,AA1,TWD,43.31
202209,73998086,復華高成長基金,AA1,TWD,79.85
202209,76941376,匯豐成功基金,AA1,TWD,45.51
202209,76959044,元大台灣高股息優質龍頭基金-新台幣I類型累積級別,AA1,TWD,10.81
202209,77074486,永豐臺灣ESG永續優選基金-A累積類型,AA1,TWD,12.86
202209,77537493,統一統信基金,AA1,TWD,45.15
202209,77713842,合庫台灣高科技基金,AA1,TWD,13.67
202209,80892778,街口中小型基金,AA1,TWD,31.93
202209,80894446,台新中國通基金,AA1,TWD,74.23
202209,81581724,統一經建基金,AA1,TWD,70.39
202209,81584335,元大高科技基金,AA1,TWD,26.44
202209,81584975,日盛上選基金(A類型),AA1,TWD,47.12
202209,81585242,新光創新科技基金,AA1,TWD,24.62
202209,81585475,富邦高成長基金,AA1,TWD,39.62
202209,81587889,復華復華基金,AA1,TWD,23.65
202209,81588536,台新台灣中小基金,AA1,TWD,49.48
202209,81591434,群益長安基金,AA1,TWD,44.07
202209,81594690,永豐永豐基金-A類型,AA1,TWD,36.3
202209,81595924,瀚亞中小型股基金,AA1,TWD,32.17
202209,83863951,元大經貿基金,AA1,TWD,41.97
202209,83864683,富邦科技基金,AA1,TWD,37.17
202209,83866508,PGIM保德信中小型股基金,AA1,TWD,59.66
202209,88090408,兆豐台灣先進通訊基金,AA1,TWD,11.54
202209,88090934,國泰台灣高股息傘型基金之台灣高股息基金-新台幣A(不配息),AA1,TWD,15.57
202209,88095396,富邦台灣永續發展高股息基金-A類型,AA1,TWD,10.59
202209,88122295,復華台灣好收益基金,AA1,TWD,7.35
202209,88175551,日盛台灣永續成長股息基金,AA1,TWD,8.34
202209,88198077,兆豐台灣金傳精選股息基金-累積型,AA1,TWD,8.37
202209,88271077,第一金台灣核心戰略建設基金-累積型-新臺幣,AA1,TWD,8.88
202209,88315292,台中銀台灣優息基金A(累積型-新台幣),AA1,TWD,10.0
202209,88316721,新光臺灣高股息基金(A累)新台幣,AA1,TWD,9.34
202209,92001765,元大多多基金,AA1,TWD,25.67
202209,92002244,統一黑馬基金,AA1,TWD,121.06
202209,92002384,富邦精準基金,AA1,TWD,73.28
202209,92003102,瀚亞高科技基金,AA1,TWD,103.58
202209,92010477,富邦長紅基金,AA1,TWD,98.53
202209,92012025,摩根新興科技基金,AA1,TWD,72.49
202209,92012572,瀚亞外銷基金,AA1,TWD,56.5
202209,92012762,統一龍馬基金,AA1,TWD,110.51
202209,92013967,PGIM保德信金滿意基金,AA1,TWD,50.87
202209,92017794,匯豐龍騰電子基金,AA1,TWD,52.52
202209,92019786,景順潛力基金,AA1,TWD,36.36
202209,92026219,元大卓越基金,AA1,TWD,47.41
202209,92028997,群益中小型股基金,AA1,TWD,72.32
202209,94991068,日盛新台商基金,AA1,TWD,52.88
202209,97972846,台中銀大發基金,AA1,TWD,40.22
202209,97977878,統一中小基金,AA1,TWD,36.83
202209,97984293,群益馬拉松基金,AA1,TWD,131.01
202209,97988636,PGIM保德信店頭市場基金,AA1,TWD,47.99
202209,97990696,瀚亞菁華基金,AA1,TWD,32.16
202209,97997635,聯博大利基金,AA1,TWD,49.29
202209,99973878,野村台灣高股息基金,AA1,TWD,33.31
202212,00965469,兆豐第一基金,AA1,TWD,23.93
202212,00968493,野村鴻運基金,AA1,TWD,38.26
202212,00973762,華南永昌永昌基金,AA1,TWD,35.28
202212,00974018,富邦基金A類型,AA1,TWD,15.83
202212,00974066,元大2001基金,AA1,TWD,95.61
202212,00974241,新光台灣富貴基金,AA1,TWD,45.3
202212,00988316,野村台灣運籌基金,AA1,TWD,62.08
202212,01031298,匯豐龍鳳基金-A類型,AA1,TWD,75.96
202212,01031564,野村積極成長基金,AA1,TWD,25.63
202212,01031699,統一全天候基金-A類型,AA1,TWD,161.3
202212,01031874,國泰小龍基金-新台幣,AA1,TWD,20.63
202212,01032058,元大多福基金,AA1,TWD,67.36
202212,01032162,摩根台灣增長基金,AA1,TWD,64.71
202212,01032183,PGIM保德信高成長基金,AA1,TWD,136.04
202212,01050148,兆豐國民基金,AA1,TWD,32.45
202212,10341837,兆豐豐台灣基金,AA1,TWD,52.23
202212,13539952,凱基開創基金,AA1,TWD,47.29
202212,13984165,富達台灣成長基金,AA1,TWD,41.11
202212,13986924,新光大三通基金,AA1,TWD,35.9
202212,13998344,永豐中小基金-A類型,AA1,TWD,61.5
202212,14694495,街口台灣基金,AA1,TWD,33.8
202212,14705562,國泰科技生化基金,AA1,TWD,51.34
202212,15733973,富蘭克林華美第一富基金,AA1,TWD,67.66
202212,17139204,元大新主流基金,AA1,TWD,33.37
202212,17140568,景順主流基金,AA1,TWD,25.04
202212,17144889,宏利台灣動力基金A類型,AA1,TWD,46.26
202212,17146752,野村成長基金,AA1,TWD,60.88
202212,17147078,日盛精選五虎基金,AA1,TWD,56.72
202212,17148301,富邦台灣心基金,AA1,TWD,38.59
202212,17597236,聯邦精選科技基金,AA1,TWD,19.51
202212,17600534,野村高科技基金,AA1,TWD,17.61
202212,17602625,PGIM保德信新世紀基金,AA1,TWD,12.29
202212,17602821,台新2000高科技基金,AA1,TWD,45.22
202212,17604124,安聯台灣大壩基金-A類型-新臺幣,AA1,TWD,51.27
202212,17605622,統一大滿貫基金-A類型,AA1,TWD,48.09
202212,17607591,日盛高科技基金,AA1,TWD,23.97
202212,17608487,復華數位經濟基金,AA1,TWD,52.67
202212,17612497,國泰國泰基金-新台幣A,AA1,TWD,36.23
202212,18033138,台中銀數位時代基金,AA1,TWD,50.11
202212,18037937,野村ｅ科技基金,AA1,TWD,32.73
202212,18043059,國泰中小成長基金-新台幣,AA1,TWD,71.51
202212,18480065,安聯台灣科技基金,AA1,TWD,100.25
202212,18488279,復華中小精選基金,AA1,TWD,92.6
202212,18488469,野村中小基金-累積類型,AA1,TWD,92.02
202212,18496290,聯邦中國龍基金,AA1,TWD,38.38
202212,18499732,德銀遠東DWS台灣旗艦基金,AA1,TWD,28.09
202212,19291128,國泰大中華基金,AA1,TWD,31.83
202212,19330712,貝萊德寶利基金,AA1,TWD,38.49
202212,19330754,野村優質基金-累積類型新臺幣計價,AA1,TWD,76.85
202212,19339782,群益創新科技基金,AA1,TWD,50.87
202212,19341318,第一金電子基金,AA1,TWD,45.99
202212,20080023,元大店頭基金,AA1,TWD,13.61
202212,20081352,群益店頭市場基金,AA1,TWD,134.71
202212,20084317,日盛日盛基金,AA1,TWD,8.99
202212,20089755,富邦精銳中小基金,AA1,TWD,20.47
202212,20092528,第一金店頭市場基金,AA1,TWD,12.5
202212,20094820,柏瑞巨人基金-A類型,AA1,TWD,16.73
202212,21759676,復華全方位基金,AA1,TWD,38.48
202212,25612029,凱基台灣精五門基金,AA1,TWD,32.76
202212,25636367,摩根台灣金磚基金-累積型,AA1,TWD,27.6
202212,26202396,第一金創新趨勢基金-A類型,AA1,TWD,28.0
202212,26273336,日盛MIT主流基金,AA1,TWD,22.78
202212,26288534,台中銀台灣主流中小基金,AA1,TWD,29.1
202212,26310297,富蘭克林華美台股傘型基金之高科技基金,AA1,TWD,31.76
202212,26320632,合庫台灣基金,AA1,TWD,15.89
202212,42532205,路博邁台灣5G股票基金T累積級別(新臺幣),AA1,TWD,12.79
202212,48675778,群益奧斯卡基金,AA1,TWD,38.76
202212,48749899,群益葛萊美基金,AA1,TWD,35.29
202212,48858663,台新主流基金,AA1,TWD,30.31
202212,48893417,中國信託台灣活力基金,AA1,TWD,15.51
202212,48934304,統一台灣動力基金,AA1,TWD,32.74
202212,48948481,日盛首選基金,AA1,TWD,21.78
202212,48948834,施羅德台灣樂活中小基金-A類型,AA1,TWD,30.59
202212,48997911,安聯台灣智慧基金,AA1,TWD,67.63
202212,73982057,宏利臺灣股息收益基金A類型,AA1,TWD,34.96
202212,73987671,匯豐台灣精典基金,AA1,TWD,34.47
202212,73988876,日盛小而美基金,AA1,TWD,23.77
202212,73989002,第一金小型精選基金,AA1,TWD,53.37
202212,73989256,景順台灣科技基金,AA1,TWD,43.18
202212,73989501,摩根中小基金,AA1,TWD,31.6
202212,73990253,統一奔騰基金,AA1,TWD,122.41
202212,73990649,PGIM保德信科技島基金,AA1,TWD,39.3
202212,73991751,兆豐電子基金,AA1,TWD,42.58
202212,73992013,永豐領航科技基金,AA1,TWD,41.7
202212,73998071,新光店頭基金,AA1,TWD,43.65
202212,73998086,復華高成長基金,AA1,TWD,77.33
202212,76941376,匯豐成功基金,AA1,TWD,49.17
202212,76959044,元大台灣高股息優質龍頭基金-新台幣I類型累積級別,AA1,TWD,10.77
202212,77074486,永豐臺灣ESG永續優選基金-A累積類型,AA1,TWD,13.47
202212,77537493,統一統信基金,AA1,TWD,45.84
202212,77713842,合庫台灣高科技基金,AA1,TWD,12.29
202212,80892778,街口中小型基金,AA1,TWD,32.19
202212,80894446,台新中國通基金,AA1,TWD,74.54
202212,81581724,統一經建基金,AA1,TWD,71.25
202212,81584335,元大高科技基金,AA1,TWD,26.12
202212,81584975,日盛上選基金(A類型),AA1,TWD,46.71
202212,81585242,新光創新科技基金,AA1,TWD,24.67
202212,81585475,富邦高成長基金,AA1,TWD,39.48
202212,81587889,復華復華基金,AA1,TWD,24.34
202212,81588536,台新台灣中小基金,AA1,TWD,50.14
202212,81591434,群益長安基金,AA1,TWD,43.48
202212,81594690,永豐永豐基金-A類型,AA1,TWD,36.65
202212,81595924,瀚亞中小型股基金,AA1,TWD,30.34
202212,83863951,元大經貿基金,AA1,TWD,40.64
202212,83864683,富邦科技基金,AA1,TWD,36.76
202212,83866508,PGIM保德信中小型股基金,AA1,TWD,60.51
202212,88090408,兆豐台灣先進通訊基金,AA1,TWD,11.67
202212,88090934,國泰台灣高股息傘型基金之台灣高股息基金-新台幣A(不配息),AA1,TWD,15.54
202212,88095396,富邦台灣永續發展高股息基金-A類型,AA1,TWD,10.83
202212,88122295,復華台灣好收益基金,AA1,TWD,7.44
202212,88175551,日盛台灣永續成長股息基金,AA1,TWD,8.25
202212,88198077,兆豐台灣金傳精選股息基金-累積型,AA1,TWD,8.57
202212,88271077,第一金台灣核心戰略建設基金-累積型-新臺幣,AA1,TWD,8.94
202212,88315292,台中銀台灣優息基金A(累積型-新台幣),AA1,TWD,11.13
202212,88316721,新光臺灣高股息基金(A累)新台幣,AA1,TWD,9.71
202212,92001765,元大多多基金,AA1,TWD,25.2
202212,92002244,統一黑馬基金,AA1,TWD,122.05
202212,92002384,富邦精準基金,AA1,TWD,75.7
202212,92003102,瀚亞高科技基金,AA1,TWD,101.57
202212,92010477,富邦長紅基金,AA1,TWD,97.77
202212,92012025,摩根新興科技基金,AA1,TWD,76.53
202212,92012572,瀚亞外銷基金,AA1,TWD,55.92
202212,92012762,統一龍馬基金,AA1,TWD,111.53
202212,92013967,PGIM保德信金滿意基金,AA1,TWD,51.61
202212,92017794,匯豐龍騰電子基金,AA1,TWD,53.04
202212,92019786,景順潛力基金,AA1,TWD,37.53
202212,92026219,元大卓越基金,AA1,TWD,46.09
202212,92028997,群益中小型股基金,AA1,TWD,72.4
202212,94991068,日盛新台商基金,AA1,TWD,52.15
202212,97972846,台中銀大發基金,AA1,TWD,40.09
202212,97977878,統一中小基金,AA1,TWD,37.17
202212,97984293,群益馬拉松基金,AA1,TWD,129.36
202212,97988636,PGIM保德信店頭市場基金,AA1,TWD,48.12
202212,97990696,瀚亞菁華基金,AA1,TWD,30.91
202212,97997635,聯博大利基金,AA1,TWD,52.12
202212,99973878,野村台灣高股息基金,AA1,TWD,35.57
202303,00965469,兆豐第一基金,AA1,TWD,27.08
202303,00974066,元大2001基金,AA1,TWD,113.96
202303,01031298,匯豐龍鳳基金-A類型,AA1,TWD,84.89
202303,01031699,統一全天候基金-A類型,AA1,TWD,187.72
202303,01032058,元大多福基金,AA1,TWD,80.19
202303,01032183,PGIM保德信高成長基金,AA1,TWD,153.0
202303,01050148,兆豐國民基金,AA1,TWD,38.63
202303,10341837,兆豐豐台灣基金,AA1,TWD,63.34
202303,17139204,元大新主流基金,AA1,TWD,40.56
202303,17140568,景順主流基金,AA1,TWD,30.04
202303,17602625,PGIM保德信新世紀基金,AA1,TWD,13.4
202303,17605622,統一大滿貫基金-A類型,AA1,TWD,55.66
202303,19341318,第一金電子基金,AA1,TWD,54.86
202303,20080023,元大店頭基金,AA1,TWD,15.97
202303,20092528,第一金店頭市場基金,AA1,TWD,14.13
202303,26202396,第一金創新趨勢基金-A類型,AA1,TWD,33.19
202303,48934304,統一台灣動力基金,AA1,TWD,39.2
202303,73987671,匯豐台灣精典基金,AA1,TWD,38.77
202303,73989002,第一金小型精選基金,AA1,TWD,60.32
202303,73989256,景順台灣科技基金,AA1,TWD,52.0
202303,73990649,PGIM保德信科技島基金,AA1,TWD,46.31
202303,73991751,兆豐電子基金,AA1,TWD,50.25
202303,76941376,匯豐成功基金,AA1,TWD,51.58
202303,76959044,元大台灣高股息優質龍頭基金-新台幣I類型累積級別,AA1,TWD,12.21
202303,81584335,元大高科技基金,AA1,TWD,30.71
202303,81595924,瀚亞中小型股基金,AA1,TWD,36.35
202303,83863951,元大經貿基金,AA1,TWD,47.15
202303,83866508,PGIM保德信中小型股基金,AA1,TWD,68.05
202303,88090408,兆豐台灣先進通訊基金,AA1,TWD,13.72
202303,88198077,兆豐台灣金傳精選股息基金-累積型,AA1,TWD,9.43
202303,88271077,第一金台灣核心戰略建設基金-累積型-新臺幣,AA1,TWD,10.29
202303,92001765,元大多多基金,AA1,TWD,29.83
202303,92003102,瀚亞高科技基金,AA1,TWD,122.46
202303,92012572,瀚亞外銷基金,AA1,TWD,65.81
202303,92013967,PGIM保德信金滿意基金,AA1,TWD,58.94
202303,92017794,匯豐龍騰電子基金,AA1,TWD,62.63
202303,92019786,景順潛力基金,AA1,TWD,44.29
202303,92026219,元大卓越基金,AA1,TWD,53.64
202303,97988636,PGIM保德信店頭市場基金,AA1,TWD,55.95
202303,97990696,瀚亞菁華基金,AA1,TWD,37.04
202306,00965469,兆豐第一基金,AA1,TWD,26.73
202306,00968493,野村鴻運基金,AA1,TWD,56.46
202306,00973762,華南永昌永昌基金,AA1,TWD,46.42
202306,00974018,富邦基金A類型,AA1,TWD,20.82
202306,00974066,元大2001基金,AA1,TWD,126.85
202306,00974241,新光台灣富貴基金,AA1,TWD,58.05
202306,00988316,野村台灣運籌基金,AA1,TWD,91.95
202306,01031298,匯豐龍鳳基金-A類型,AA1,TWD,92.93
202306,01031564,野村積極成長基金,AA1,TWD,37.89
202306,01031699,統一全天候基金-A類型,AA1,TWD,230.67
202306,01031874,國泰小龍基金-新台幣,AA1,TWD,28.02
202306,01032058,元大多福基金,AA1,TWD,88.77
202306,01032162,摩根台灣增長基金,AA1,TWD,75.22
202306,01032183,PGIM保德信高成長基金,AA1,TWD,170.48
202306,01050148,兆豐國民基金,AA1,TWD,39.57
202306,10341837,兆豐豐台灣基金,AA1,TWD,70.31
202306,13539952,凱基開創基金,AA1,TWD,62.46
202306,13984165,富達台灣成長基金,AA1,TWD,54.66
202306,13986924,新光大三通基金,AA1,TWD,47.88
202306,13998344,永豐中小基金-A類型,AA1,TWD,81.04
202306,14694495,街口台灣基金,AA1,TWD,42.93
202306,14705562,國泰科技生化基金,AA1,TWD,70.49
202306,15733973,富蘭克林華美第一富基金,AA1,TWD,84.2
202306,17139204,元大新主流基金,AA1,TWD,46.65
202306,17140568,景順主流基金,AA1,TWD,32.15
202306,17144889,宏利台灣動力基金A類型,AA1,TWD,63.29
202306,17146752,野村成長基金,AA1,TWD,89.79
202306,17147078,日盛精選五虎基金,AA1,TWD,74.98
202306,17148301,富邦台灣心基金,AA1,TWD,49.61
202306,17597236,聯邦精選科技基金,AA1,TWD,26.68
202306,17600534,野村高科技基金,AA1,TWD,27.91
202306,17602625,PGIM保德信新世紀基金,AA1,TWD,14.35
202306,17602821,台新2000高科技基金,AA1,TWD,63.61
202306,17604124,安聯台灣大壩基金-A類型-新臺幣,AA1,TWD,67.75
202306,17605622,統一大滿貫基金-A類型,AA1,TWD,63.94
202306,17607591,日盛高科技基金,AA1,TWD,33.49
202306,17608487,復華數位經濟基金,AA1,TWD,71.74
202306,17612497,國泰國泰基金-新台幣A,AA1,TWD,48.97
202306,18033138,台中銀數位時代基金,AA1,TWD,65.92
202306,18037937,野村ｅ科技基金,AA1,TWD,51.75
202306,18043059,國泰中小成長基金-新台幣,AA1,TWD,96.75
202306,18480065,安聯台灣科技基金,AA1,TWD,141.21
202306,18488279,復華中小精選基金,AA1,TWD,127.02
202306,18488469,野村中小基金-累積類型,AA1,TWD,135.38
202306,18496290,聯邦中國龍基金,AA1,TWD,48.9
202306,18499732,德銀遠東DWS台灣旗艦基金,AA1,TWD,37.41
202306,19291128,國泰大中華基金,AA1,TWD,43.69
202306,19330712,貝萊德寶利基金,AA1,TWD,49.83
202306,19330754,野村優質基金-累積類型新臺幣計價,AA1,TWD,112.51
202306,19339782,群益創新科技基金,AA1,TWD,65.84
202306,19341318,第一金電子基金,AA1,TWD,62.03
202306,20080023,元大店頭基金,AA1,TWD,17.12
202306,20081352,群益店頭市場基金,AA1,TWD,166.69
202306,20084317,日盛日盛基金,AA1,TWD,11.98
202306,20089755,富邦精銳中小基金,AA1,TWD,27.01
202306,20092528,第一金店頭市場基金,AA1,TWD,15.2
202306,20094820,柏瑞巨人基金-A類型,AA1,TWD,19.82
202306,21759676,復華全方位基金,AA1,TWD,51.11
202306,25612029,凱基台灣精五門基金,AA1,TWD,40.77
202306,25636367,摩根台灣金磚基金-累積型,AA1,TWD,35.01
202306,26202396,第一金創新趨勢基金-A類型,AA1,TWD,37.11
202306,26273336,日盛MIT主流基金,AA1,TWD,36.39
202306,26310297,富蘭克林華美台股傘型基金之高科技基金,AA1,TWD,41.58
202306,26320632,合庫台灣基金,AA1,TWD,20.19
202306,42532205,路博邁台灣5G股票基金T累積級別(新臺幣),AA1,TWD,18.58
202306,48675778,群益奧斯卡基金,AA1,TWD,50.54
202306,48749899,群益葛萊美基金,AA1,TWD,45.25
202306,48858663,台新主流基金,AA1,TWD,42.16
202306,48893417,中國信託台灣活力基金,AA1,TWD,19.21
202306,48934304,統一台灣動力基金,AA1,TWD,45.87
202306,48948481,日盛首選基金,AA1,TWD,30.22
202306,48948834,施羅德台灣樂活中小基金-A類型,AA1,TWD,39.17
202306,48997911,安聯台灣智慧基金,AA1,TWD,92.59
202306,73982057,宏利臺灣股息收益基金A類型,AA1,TWD,47.17
202306,73987671,匯豐台灣精典基金,AA1,TWD,42.02
202306,73988876,日盛小而美基金,AA1,TWD,33.53
202306,73989002,第一金小型精選基金,AA1,TWD,66.8
202306,73989256,景順台灣科技基金,AA1,TWD,55.77
202306,73989501,摩根中小基金,AA1,TWD,41.27
202306,73990253,統一奔騰基金,AA1,TWD,170.23
202306,73990649,PGIM保德信科技島基金,AA1,TWD,51.8
202306,73991751,兆豐電子基金,AA1,TWD,57.5
202306,73992013,永豐領航科技基金,AA1,TWD,53.82
202306,73998071,新光店頭基金,AA1,TWD,53.86
202306,73998086,復華高成長基金,AA1,TWD,110.36
202306,76941376,匯豐成功基金,AA1,TWD,53.05
202306,76959044,元大台灣高股息優質龍頭基金-新台幣I類型累積級別,AA1,TWD,13.85
202306,77074486,永豐臺灣ESG永續優選基金-A累積類型,AA1,TWD,16.01
202306,77537493,統一統信基金,AA1,TWD,66.13
202306,77713842,合庫台灣高科技基金,AA1,TWD,15.79
202306,80892778,街口中小型基金,AA1,TWD,44.55
202306,80894446,台新中國通基金,AA1,TWD,98.83
202306,81581724,統一經建基金,AA1,TWD,95.31
202306,81584335,元大高科技基金,AA1,TWD,32.76
202306,81584975,日盛上選基金(A類型),AA1,TWD,73.89
202306,81585242,新光創新科技基金,AA1,TWD,33.33
202306,81585475,富邦高成長基金,AA1,TWD,54.19
202306,81587889,復華復華基金,AA1,TWD,31.07
202306,81588536,台新台灣中小基金,AA1,TWD,68.08
202306,81591434,群益長安基金,AA1,TWD,59.89
202306,81594690,永豐永豐基金-A類型,AA1,TWD,48.5
202306,81595924,瀚亞中小型股基金,AA1,TWD,41.4
202306,83863951,元大經貿基金,AA1,TWD,51.08
202306,83864683,富邦科技基金,AA1,TWD,48.9
202306,83866508,PGIM保德信中小型股基金,AA1,TWD,73.61
202306,88090408,兆豐台灣先進通訊基金,AA1,TWD,15.84
202306,88090934,國泰台灣高股息傘型基金之台灣高股息基金-新台幣A(不配息),AA1,TWD,20.97
202306,88095396,富邦台灣高股息基金-A類型,AA1,TWD,14.05
202306,88122295,復華台灣好收益基金,AA1,TWD,9.76
202306,88175551,日盛台灣永續成長股息基金,AA1,TWD,13.07
202306,88198077,兆豐台灣金傳精選股息基金-累積型,AA1,TWD,9.5
202306,88271077,第一金台灣核心戰略建設基金-累積型-新臺幣,AA1,TWD,11.8
202306,88315292,台中銀台灣優息基金A(累積型-新台幣),AA1,TWD,13.81
202306,88316721,新光臺灣高股息基金(A累)新台幣,AA1,TWD,11.75
202306,92001765,元大多多基金,AA1,TWD,32.94
202306,92002244,統一黑馬基金,AA1,TWD,169.26
202306,92002384,富邦精準基金,AA1,TWD,98.43
202306,92003102,瀚亞高科技基金,AA1,TWD,145.07
202306,92010477,富邦長紅基金,AA1,TWD,129.59
202306,92012025,摩根新興科技基金-一般型,AA1,TWD,103.03
202306,92012572,瀚亞外銷基金,AA1,TWD,76.61
202306,92012762,統一龍馬基金,AA1,TWD,139.12
202306,92013967,PGIM保德信金滿意基金,AA1,TWD,66.57
202306,92017794,匯豐龍騰電子基金,AA1,TWD,68.75
202306,92019786,景順潛力基金,AA1,TWD,47.61
202306,92026219,元大卓越基金,AA1,TWD,58.4
202306,92028997,群益中小型股基金,AA1,TWD,87.26
202306,94991068,日盛新台商基金,AA1,TWD,87.07
202306,97972846,台中銀大發基金,AA1,TWD,51.12
202306,97977878,統一中小基金,AA1,TWD,50.74
202306,97984293,群益馬拉松基金,AA1,TWD,164.58
202306,97988636,PGIM保德信店頭市場基金,AA1,TWD,58.89
202306,97990696,瀚亞菁華基金,AA1,TWD,43.03
202306,97997635,聯博大利基金,AA1,TWD,67.74
202306,99973878,野村台灣高股息基金,AA1,TWD,44.74
202309,00965469,兆豐第一基金,AA1,TWD,25.08
202309,00968493,野村鴻運基金,AA1,TWD,62.02
202309,00973762,華南永昌永昌基金,AA1,TWD,44.48
202309,00974018,富邦基金A類型,AA1,TWD,22.64
202309,00974066,元大2001基金,AA1,TWD,125.16
202309,00974241,新光台灣富貴基金,AA1,TWD,56.4
202309,00988316,野村台灣運籌基金,AA1,TWD,100.56
202309,01031298,匯豐龍鳳基金-A類型,AA1,TWD,96.15
202309,01031564,野村積極成長基金,AA1,TWD,41.6
202309,01031699,統一全天候基金-A類型,AA1,TWD,263.32
202309,01031874,國泰小龍基金-新台幣,AA1,TWD,29.41
202309,01032058,元大多福基金,AA1,TWD,89.34
202309,01032162,摩根台灣增長基金,AA1,TWD,74.34
202309,01032183,PGIM保德信高成長基金,AA1,TWD,173.69
202309,01050148,兆豐國民基金,AA1,TWD,40.75
202309,10341837,兆豐豐台灣基金,AA1,TWD,67.5
202309,13539952,凱基開創基金,AA1,TWD,62.79
202309,13984165,富達台灣成長基金,AA1,TWD,59.83
202309,13986924,新光大三通基金,AA1,TWD,48.28
202309,13998344,永豐中小基金-A類型,AA1,TWD,84.15
202309,14694495,街口台灣基金,AA1,TWD,46.61
202309,14705562,國泰科技生化基金,AA1,TWD,72.48
202309,15733973,富蘭克林華美第一富基金,AA1,TWD,85.89
202309,17139204,元大新主流基金,AA1,TWD,47.35
202309,17140568,景順主流基金,AA1,TWD,32.74
202309,17144889,宏利台灣動力基金A類型,AA1,TWD,67.56
202309,17146752,野村成長基金,AA1,TWD,98.54
202309,17147078,日盛精選五虎基金,AA1,TWD,79.52
202309,17148301,富邦台灣心基金,AA1,TWD,52.03
202309,17597236,聯邦精選科技基金,AA1,TWD,28.54
202309,17600534,野村高科技基金,AA1,TWD,31.23
202309,17602625,PGIM保德信新世紀基金,AA1,TWD,14.15
202309,17602821,台新2000高科技基金,AA1,TWD,68.62
202309,17604124,安聯台灣大壩基金-A類型-新臺幣,AA1,TWD,75.2
202309,17605622,統一大滿貫基金-A類型,AA1,TWD,68.07
202309,17607591,日盛高科技基金,AA1,TWD,37.18
202309,17608487,復華數位經濟基金,AA1,TWD,74.34
202309,17612497,國泰國泰基金-新台幣A,AA1,TWD,51.44
202309,18033138,台中銀數位時代基金,AA1,TWD,65.44
202309,18037937,野村ｅ科技基金,AA1,TWD,57.51
202309,18043059,國泰中小成長基金-新台幣,AA1,TWD,101.46
202309,18480065,安聯台灣科技基金,AA1,TWD,156.96
202309,18488279,復華中小精選基金,AA1,TWD,131.44
202309,18488469,野村中小基金-累積類型,AA1,TWD,144.83
202309,18496290,聯邦中國龍基金,AA1,TWD,48.34
202309,18499732,德銀遠東DWS台灣旗艦基金,AA1,TWD,39.82
202309,19291128,國泰大中華基金,AA1,TWD,45.84
202309,19330712,貝萊德寶利基金,AA1,TWD,51.88
202309,19330754,野村優質基金-累積類型新臺幣計價,AA1,TWD,118.51
202309,19339782,群益創新科技基金,AA1,TWD,67.12
202309,19341318,第一金電子基金,AA1,TWD,66.59
202309,20080023,元大店頭基金,AA1,TWD,16.54
202309,20081352,群益店頭市場基金,AA1,TWD,156.58
202309,20084317,日盛日盛基金,AA1,TWD,13.2
202309,20089755,富邦精銳中小基金,AA1,TWD,29.45
202309,20092528,第一金店頭市場基金,AA1,TWD,14.99
202309,20094820,柏瑞巨人基金-A類型,AA1,TWD,20.15
202309,21759676,復華全方位基金,AA1,TWD,54.1
202309,25612029,凱基台灣精五門基金,AA1,TWD,42.06
202309,25636367,摩根台灣金磚基金-累積型,AA1,TWD,35.39
202309,26202396,第一金創新趨勢基金-A類型,AA1,TWD,39.26
202309,26273336,日盛MIT主流基金,AA1,TWD,42.74
202309,26310297,富蘭克林華美台股傘型基金之高科技基金,AA1,TWD,48.63
202309,26320632,合庫台灣基金,AA1,TWD,20.76
202309,42532205,路博邁台灣5G股票基金T累積級別(新臺幣),AA1,TWD,21.68
202309,48675778,群益奧斯卡基金,AA1,TWD,51.33
202309,48749899,群益葛萊美基金,AA1,TWD,46.32
202309,48858663,台新主流基金,AA1,TWD,43.17
202309,48893417,中國信託台灣活力基金,AA1,TWD,19.91
202309,48934304,統一台灣動力基金,AA1,TWD,52.49
202309,48948481,日盛首選基金,AA1,TWD,33.88
202309,48948834,施羅德台灣樂活中小基金-A類型,AA1,TWD,44.57
202309,48997911,安聯台灣智慧基金,AA1,TWD,98.42
202309,73982057,宏利臺灣股息收益基金A類型,AA1,TWD,52.23
202309,73987671,匯豐台灣精典基金,AA1,TWD,44.14
202309,73988876,日盛小而美基金,AA1,TWD,37.57
202309,73989002,第一金小型精選基金,AA1,TWD,67.4
202309,73989256,景順台灣科技基金,AA1,TWD,57.55
202309,73989501,摩根中小基金,AA1,TWD,42.0
202309,73990253,統一奔騰基金,AA1,TWD,193.3
202309,73990649,PGIM保德信科技島基金,AA1,TWD,53.16
202309,73991751,兆豐電子基金,AA1,TWD,60.96
202309,73992013,永豐領航科技基金,AA1,TWD,53.59
202309,73998071,新光店頭基金,AA1,TWD,54.68
202309,73998086,復華高成長基金,AA1,TWD,119.86
202309,76941376,匯豐成功基金,AA1,TWD,49.55
202309,76959044,元大台灣高股息優質龍頭基金-新台幣I類型累積級別,AA1,TWD,14.87
202309,77074486,永豐臺灣ESG永續優選基金-A累積類型,AA1,TWD,15.97
202309,77537493,統一統信基金,AA1,TWD,71.5
202309,77713842,合庫台灣高科技基金,AA1,TWD,16.53
202309,80892778,街口中小型基金,AA1,TWD,47.24
202309,80894446,台新中國通基金,AA1,TWD,101.87
202309,81581724,統一經建基金,AA1,TWD,105.75
202309,81584335,元大高科技基金,AA1,TWD,33.56
202309,81584975,日盛上選基金(A類型),AA1,TWD,86.39
202309,81585242,新光創新科技基金,AA1,TWD,32.15
202309,81585475,富邦高成長基金,AA1,TWD,57.35
202309,81587889,復華復華基金,AA1,TWD,32.56
202309,81588536,台新台灣中小基金,AA1,TWD,69.5
202309,81591434,群益長安基金,AA1,TWD,63.23
202309,81594690,永豐永豐基金-A類型,AA1,TWD,52.04
202309,81595924,瀚亞中小型股基金,AA1,TWD,43.49
202309,83863951,元大經貿基金,AA1,TWD,51.48
202309,83864683,富邦科技基金,AA1,TWD,53.96
202309,83866508,PGIM保德信中小型股基金,AA1,TWD,78.65
202309,88090408,兆豐台灣先進通訊基金,AA1,TWD,16.85
202309,88090934,國泰台灣高股息傘型基金之台灣高股息基金-新台幣A(不配息),AA1,TWD,22.39
202309,88095396,富邦台灣高股息基金-A類型,AA1,TWD,14.84
202309,88122295,復華台灣好收益基金,AA1,TWD,9.89
202309,88175551,日盛台灣永續成長股息基金,AA1,TWD,14.93
202309,88198077,兆豐台灣金傳精選股息基金-累積型,AA1,TWD,9.16
202309,88271077,第一金台灣核心戰略建設基金-累積型-新臺幣,AA1,TWD,12.79
202309,88315292,台中銀台灣優息基金A(累積型-新台幣),AA1,TWD,14.56
202309,88316721,新光臺灣高股息基金(A累)新台幣,AA1,TWD,11.81
202309,92001765,元大多多基金,AA1,TWD,31.73
202309,92002244,統一黑馬基金,AA1,TWD,187.2
202309,92002384,富邦精準基金,AA1,TWD,107.63
202309,92003102,瀚亞高科技基金,AA1,TWD,159.77
202309,92010477,富邦長紅基金,AA1,TWD,140.92
202309,92012025,摩根新興科技基金-一般型,AA1,TWD,105.7
202309,92012572,瀚亞外銷基金,AA1,TWD,80.69
202309,92012762,統一龍馬基金,AA1,TWD,143.52
202309,92013967,PGIM保德信金滿意基金,AA1,TWD,69.47
202309,92017794,匯豐龍騰電子基金,AA1,TWD,71.29
202309,92019786,景順潛力基金,AA1,TWD,49.03
202309,92026219,元大卓越基金,AA1,TWD,59.34
202309,92028997,群益中小型股基金,AA1,TWD,82.65
202309,93110333,統一台灣高息優選基金-累積型,AA1,TWD,9.91
202309,94991068,日盛新台商基金,AA1,TWD,102.02
202309,97972846,台中銀大發基金,AA1,TWD,50.98
202309,97977878,統一中小基金,AA1,TWD,61.49
202309,97984293,群益馬拉松基金,AA1,TWD,172.21
202309,97988636,PGIM保德信店頭市場基金,AA1,TWD,61.02
202309,97990696,瀚亞菁華基金,AA1,TWD,49.71
202309,97997635,聯博大利基金,AA1,TWD,67.28
202309,99973878,野村台灣高股息基金,AA1,TWD,49.1
202312,00965469,兆豐第一基金,AA1,TWD,27.25
202312,00968493,野村鴻運基金,AA1,TWD,65.18
202312,00973762,華南永昌永昌基金,AA1,TWD,45.52
202312,00974018,富邦基金A類型,AA1,TWD,23.48
202312,00974066,元大2001基金,AA1,TWD,135.63
202312,00974241,新光台灣富貴基金,AA1,TWD,60.03
202312,00988316,野村台灣運籌基金,AA1,TWD,105.78
202312,01031298,匯豐龍鳳基金-A類型,AA1,TWD,106.04
202312,01031564,野村積極成長基金,AA1,TWD,43.74
202312,01031699,統一全天候基金-A類型,AA1,TWD,272.0
202312,01031874,國泰小龍基金-新台幣,AA1,TWD,30.92
202312,01032058,元大多福基金,AA1,TWD,97.58
202312,01032162,摩根台灣增長基金,AA1,TWD,81.9
202312,01032183,PGIM保德信高成長基金,AA1,TWD,192.45
202312,01050148,兆豐國民基金,AA1,TWD,46.89
202312,10341837,兆豐豐台灣基金,AA1,TWD,71.31
202312,13539952,凱基開創基金,AA1,TWD,67.52
202312,13984165,富達台灣成長基金,AA1,TWD,64.97
202312,13986924,新光大三通基金,AA1,TWD,52.32
202312,13998344,永豐中小基金-A類型,AA1,TWD,89.8
202312,14694495,街口台灣基金,AA1,TWD,48.42
202312,14705562,國泰科技生化基金,AA1,TWD,76.49
202312,15733973,富蘭克林華美第一富基金,AA1,TWD,91.1
202312,17139204,元大新主流基金,AA1,TWD,51.18
202312,17140568,景順主流基金,AA1,TWD,36.09
202312,17144889,宏利台灣動力基金A類型,AA1,TWD,73.22
202312,17146752,野村成長基金,AA1,TWD,103.6
202312,17147078,日盛精選五虎基金,AA1,TWD,82.06
202312,17148301,富邦台灣心基金,AA1,TWD,53.76
202312,17597236,聯邦精選科技基金,AA1,TWD,30.04
202312,17600534,野村高科技基金,AA1,TWD,32.94
202312,17602625,PGIM保德信新世紀基金,AA1,TWD,15.19
202312,17602821,台新2000高科技基金,AA1,TWD,75.28
202312,17604124,安聯台灣大壩基金-A類型-新臺幣,AA1,TWD,79.95
202312,17605622,統一大滿貫基金-A類型,AA1,TWD,72.45
202312,17607591,日盛高科技基金,AA1,TWD,37.61
202312,17608487,復華數位經濟基金,AA1,TWD,78.29
202312,17612497,國泰國泰基金-新台幣A,AA1,TWD,54.07
202312,18033138,台中銀數位時代基金,AA1,TWD,68.54
202312,18037937,野村ｅ科技基金,AA1,TWD,60.28
202312,18043059,國泰中小成長基金-新台幣,AA1,TWD,106.96
202312,18480065,安聯台灣科技基金,AA1,TWD,172.91
202312,18488279,復華中小精選基金,AA1,TWD,138.5
202312,18488469,野村中小基金-累積類型,AA1,TWD,151.11
202312,18496290,聯邦中國龍基金,AA1,TWD,53.63
202312,18499732,德銀遠東DWS台灣旗艦基金,AA1,TWD,42.45
202312,19291128,國泰大中華基金,AA1,TWD,48.41
202312,19330712,貝萊德寶利基金,AA1,TWD,55.32
202312,19330754,野村優質基金-累積類型新臺幣計價,AA1,TWD,125.2
202312,19339782,群益創新科技基金,AA1,TWD,70.92
202312,19341318,第一金電子基金,AA1,TWD,73.52
202312,20080023,元大店頭基金,AA1,TWD,17.63
202312,20081352,群益店頭市場基金,AA1,TWD,159.97
202312,20084317,日盛日盛基金,AA1,TWD,13.48
202312,20089755,富邦精銳中小基金,AA1,TWD,30.39
202312,20092528,第一金店頭市場基金,AA1,TWD,15.34
202312,20094820,柏瑞巨人基金-A類型,AA1,TWD,22.0
202312,21759676,復華全方位基金,AA1,TWD,52.85
202312,25612029,凱基台灣精五門基金,AA1,TWD,44.64
202312,25636367,摩根台灣金磚基金-累積型,AA1,TWD,37.94
202312,26202396,第一金創新趨勢基金-A類型,AA1,TWD,43.09
202312,26273336,日盛MIT主流基金,AA1,TWD,44.58
202312,26310297,富蘭克林華美台股傘型基金之高科技基金,AA1,TWD,50.53
202312,26320632,合庫台灣基金,AA1,TWD,21.52
202312,42532205,路博邁台灣5G股票基金T累積級別(新臺幣),AA1,TWD,24.05
202312,48675778,群益奧斯卡基金,AA1,TWD,60.88
202312,48749899,群益葛萊美基金,AA1,TWD,47.43
202312,48858663,台新主流基金,AA1,TWD,45.87
202312,48893417,中國信託台灣活力基金,AA1,TWD,21.02
202312,48934304,統一台灣動力基金,AA1,TWD,55.11
202312,48948481,日盛首選基金,AA1,TWD,34.91
202312,48948834,施羅德台灣樂活中小基金-A類型,AA1,TWD,45.94
202312,48997911,安聯台灣智慧基金,AA1,TWD,107.86
202312,73982057,宏利臺灣股息收益基金A類型,AA1,TWD,59.88
202312,73987671,匯豐台灣精典基金,AA1,TWD,48.25
202312,73988876,日盛小而美基金,AA1,TWD,38.13
202312,73989002,第一金小型精選基金,AA1,TWD,69.4
202312,73989256,景順台灣科技基金,AA1,TWD,64.22
202312,73989501,摩根中小基金,AA1,TWD,44.23
202312,73990253,統一奔騰基金,AA1,TWD,209.71
202312,73990649,PGIM保德信科技島基金,AA1,TWD,59.25
202312,73991751,兆豐電子基金,AA1,TWD,65.15
202312,73992013,永豐領航科技基金,AA1,TWD,55.79
202312,73998071,新光店頭基金,AA1,TWD,57.66
202312,73998086,復華高成長基金,AA1,TWD,124.42
202312,76941376,匯豐成功基金,AA1,TWD,52.05
202312,76959044,元大台灣高股息優質龍頭基金-新台幣I類型累積級別,AA1,TWD,16.25
202312,77074486,永豐臺灣ESG永續優選基金-A累積類型,AA1,TWD,18.25
202312,77537493,統一統信基金,AA1,TWD,77.85
202312,77713842,合庫台灣高科技基金,AA1,TWD,17.13
202312,80892778,街口中小型基金,AA1,TWD,48.54
202312,80894446,台新中國通基金,AA1,TWD,107.18
202312,81581724,統一經建基金,AA1,TWD,110.79
202312,81584335,元大高科技基金,AA1,TWD,37.1
202312,81584975,日盛上選基金(A類型),AA1,TWD,89.18
202312,81585242,新光創新科技基金,AA1,TWD,35.61
202312,81585475,富邦高成長基金,AA1,TWD,57.78
202312,81587889,復華復華基金,AA1,TWD,32.08
202312,81588536,台新台灣中小基金,AA1,TWD,74.1
202312,81591434,群益長安基金,AA1,TWD,65.68
202312,81594690,永豐永豐基金-A類型,AA1,TWD,53.96
202312,81595924,瀚亞中小型股基金,AA1,TWD,48.29
202312,83863951,元大經貿基金,AA1,TWD,55.21
202312,83864683,富邦科技基金,AA1,TWD,58.52
202312,83866508,PGIM保德信中小型股基金,AA1,TWD,85.58
202312,88090408,兆豐台灣先進通訊基金,AA1,TWD,18.04
202312,88090934,國泰台灣高股息傘型基金之台灣高股息基金-新台幣A(不配息),AA1,TWD,24.38
202312,88095396,富邦台灣高股息基金-A類型,AA1,TWD,15.18
202312,88122295,復華台灣好收益基金,AA1,TWD,11.0
202312,88175551,日盛台灣永續成長股息基金,AA1,TWD,15.63
202312,88198077,兆豐台灣金傳精選股息基金-累積型,AA1,TWD,9.9
202312,88271077,第一金台灣核心戰略建設基金-累積型-新臺幣,AA1,TWD,13.56
202312,88315292,台中銀台灣優息基金A(累積型-新台幣),AA1,TWD,15.39
202312,88316721,新光臺灣高股息基金(A累)新台幣,AA1,TWD,12.3
202312,92001765,元大多多基金,AA1,TWD,34.29
202312,92002244,統一黑馬基金,AA1,TWD,189.0
202312,92002384,富邦精準基金,AA1,TWD,115.54
202312,92003102,瀚亞高科技基金,AA1,TWD,177.86
202312,92010477,富邦長紅基金,AA1,TWD,144.46
202312,92012025,摩根新興科技基金-一般型,AA1,TWD,113.08
202312,92012572,瀚亞外銷基金,AA1,TWD,89.05
202312,92012762,統一龍馬基金,AA1,TWD,154.57
202312,92013967,PGIM保德信金滿意基金,AA1,TWD,76.33
202312,92017794,匯豐龍騰電子基金,AA1,TWD,79.63
202312,92019786,景順潛力基金,AA1,TWD,53.33
202312,92026219,元大卓越基金,AA1,TWD,65.06
202312,92028997,群益中小型股基金,AA1,TWD,85.31
202312,93110333,統一台灣高息優選基金-累積型,AA1,TWD,10.98
202312,93150600,華南永昌未來科技基金,AA1,TWD,10.13
202312,94991068,日盛新台商基金,AA1,TWD,106.17
202312,97972846,台中銀大發基金,AA1,TWD,53.82
202312,97977878,統一中小基金,AA1,TWD,58.7
202312,97984293,群益馬拉松基金,AA1,TWD,181.58
202312,97988636,PGIM保德信店頭市場基金,AA1,TWD,67.3
202312,97990696,瀚亞菁華基金,AA1,TWD,56.58
202312,97997635,聯博大利基金,AA1,TWD,75.44
202312,99973878,野村台灣高股息基金,AA1,TWD,54.5
202403,00965469,兆豐第一基金,AA1,TWD,29.98
202403,00968493,野村鴻運基金,AA1,TWD,74.49
202403,00973762,華南永昌永昌基金,AA1,TWD,49.33
202403,00974018,富邦基金A類型,AA1,TWD,29.15
202403,00974066,元大2001基金,AA1,TWD,149.41
202403,00974241,新光台灣富貴基金,AA1,TWD,65.76
202403,00988316,野村台灣運籌基金,AA1,TWD,120.8
202403,01031298,匯豐龍鳳基金-A類型,AA1,TWD,116.67
202403,01031564,野村積極成長基金,AA1,TWD,49.09
202403,01031699,統一全天候基金-A類型,AA1,TWD,313.2
202403,01031874,國泰小龍基金-新台幣,AA1,TWD,36.04
202403,01032058,元大多福基金,AA1,TWD,103.76
202403,01032162,摩根台灣增長基金,AA1,TWD,89.25
202403,01032183,PGIM保德信高成長基金,AA1,TWD,209.51
202403,01050148,兆豐國民基金,AA1,TWD,42.2
202403,10341837,兆豐豐台灣基金,AA1,TWD,77.56
202403,13539952,凱基開創基金,AA1,TWD,72.51
202403,13984165,富達台灣成長基金,AA1,TWD,72.85
202403,13986924,新光大三通基金,AA1,TWD,59.41
202403,13998344,永豐中小基金-A類型,AA1,TWD,101.98
202403,14694495,街口台灣基金,AA1,TWD,53.34
202403,14705562,國泰科技生化基金,AA1,TWD,89.15
202403,15733973,富蘭克林華美第一富基金,AA1,TWD,103.75
202403,17139204,元大新主流基金,AA1,TWD,57.6
202403,17140568,景順主流基金,AA1,TWD,39.67
202403,17144889,宏利台灣動力基金A類型,AA1,TWD,79.33
202403,17146752,野村成長基金,AA1,TWD,116.35
202403,17147078,日盛精選五虎基金,AA1,TWD,95.94
202403,17148301,富邦台灣心基金,AA1,TWD,64.48
202403,17597236,聯邦精選科技基金,AA1,TWD,33.15
202403,17600534,野村高科技基金,AA1,TWD,37.5
202403,17602625,PGIM保德信新世紀基金,AA1,TWD,16.64
202403,17602821,台新2000高科技基金,AA1,TWD,85.68
202403,17604124,安聯台灣大壩基金-A類型-新臺幣,AA1,TWD,88.36
202403,17605622,統一大滿貫基金-A類型,AA1,TWD,83.75
202403,17607591,日盛高科技基金,AA1,TWD,40.43
202403,17608487,復華數位經濟基金,AA1,TWD,87.13
202403,17612497,國泰國泰基金-新台幣A,AA1,TWD,63.27
202403,18033138,台中銀數位時代基金,AA1,TWD,82.24
202403,18037937,野村ｅ科技基金,AA1,TWD,68.3
202403,18043059,國泰中小成長基金-新台幣,AA1,TWD,121.32
202403,18480065,安聯台灣科技基金,AA1,TWD,196.25
202403,18488279,復華中小精選基金,AA1,TWD,154.39
202403,18488469,野村中小基金-累積類型,AA1,TWD,169.55
202403,18496290,聯邦中國龍基金,AA1,TWD,59.43
202403,18499732,德銀遠東DWS台灣旗艦基金,AA1,TWD,50.23
202403,19291128,國泰大中華基金,AA1,TWD,54.9
202403,19330712,貝萊德寶利基金,AA1,TWD,61.62
202403,19330754,野村優質基金-累積類型新臺幣計價,AA1,TWD,143.02
202403,19339782,群益創新科技基金,AA1,TWD,72.22
202403,19341318,第一金電子基金,AA1,TWD,83.52
202403,20080023,元大店頭基金,AA1,TWD,19.68
202403,20081352,群益店頭市場基金,AA1,TWD,175.31
202403,20084317,日盛日盛基金,AA1,TWD,15.38
202403,20089755,富邦精銳中小基金,AA1,TWD,34.9
202403,20092528,第一金店頭市場基金,AA1,TWD,16.76
202403,20094820,柏瑞巨人基金-A類型,AA1,TWD,24.56
202403,21759676,復華全方位基金,AA1,TWD,63.74
202403,25612029,凱基台灣精五門基金,AA1,TWD,52.59
202403,25636367,摩根台灣金磚基金-累積型,AA1,TWD,43.75
202403,26202396,第一金創新趨勢基金-A類型,AA1,TWD,48.71
202403,26273336,日盛MIT主流基金,AA1,TWD,50.82
202403,26310297,富蘭克林華美台股傘型基金之高科技基金,AA1,TWD,60.07
202403,26320632,合庫台灣基金－A類（累積型）台幣,AA1,TWD,24.36
202403,42532205,路博邁台灣5G股票基金T累積級別(新臺幣),AA1,TWD,29.34
202403,48675778,群益奧斯卡基金,AA1,TWD,61.38
202403,48749899,群益葛萊美基金,AA1,TWD,53.82
202403,48858663,台新主流基金,AA1,TWD,53.06
202403,48893417,中國信託台灣活力基金,AA1,TWD,21.7
202403,48934304,統一台灣動力基金,AA1,TWD,65.31
202403,48948481,日盛首選基金,AA1,TWD,39.76
202403,48948834,施羅德台灣樂活中小基金-A類型,AA1,TWD,53.93
202403,48997911,安聯台灣智慧基金,AA1,TWD,124.2
202403,73982057,宏利臺灣股息收益基金A類型,AA1,TWD,65.1
202403,73987671,匯豐台灣精典基金,AA1,TWD,55.21
202403,73988876,日盛小而美基金,AA1,TWD,41.18
202403,73989002,第一金小型精選基金,AA1,TWD,78.19
202403,73989256,景順台灣科技基金,AA1,TWD,71.24
202403,73989501,摩根中小基金,AA1,TWD,50.56
202403,73990253,統一奔騰基金,AA1,TWD,243.78
202403,73990649,PGIM保德信科技島基金,AA1,TWD,66.11
202403,73991751,兆豐電子基金,AA1,TWD,72.38
202403,73992013,永豐領航科技基金,AA1,TWD,60.31
202403,73998071,新光店頭基金,AA1,TWD,67.58
202403,73998086,復華高成長基金,AA1,TWD,150.55
202403,76941376,匯豐成功基金,AA1,TWD,56.27
202403,76959044,元大台灣高股息優質龍頭基金-新台幣I類型累積級別,AA1,TWD,18.21
202403,77074486,永豐臺灣ESG永續優選基金-A累積類型,AA1,TWD,20.36
202403,77537493,統一統信基金,AA1,TWD,91.54
202403,77713842,合庫台灣高科技基金,AA1,TWD,19.19
202403,80892778,街口中小型基金,AA1,TWD,53.22
202403,80894446,台新中國通基金,AA1,TWD,124.53
202403,81581724,統一經建基金,AA1,TWD,130.34
202403,81584335,元大高科技基金,AA1,TWD,38.82
202403,81584975,日盛上選基金(A類型),AA1,TWD,99.95
202403,81585242,新光創新科技基金,AA1,TWD,40.93
202403,81585475,富邦高成長基金,AA1,TWD,69.56
202403,81587889,復華復華基金,AA1,TWD,38.7
202403,81588536,台新台灣中小基金,AA1,TWD,84.67
202403,81591434,群益長安基金,AA1,TWD,70.47
202403,81594690,永豐永豐基金-A類型,AA1,TWD,56.76
202403,81595924,瀚亞中小型股基金,AA1,TWD,53.23
202403,83863951,元大經貿基金,AA1,TWD,61.41
202403,83864683,富邦科技基金,AA1,TWD,66.58
202403,83866508,PGIM保德信中小型股基金,AA1,TWD,95.28
202403,88090408,兆豐台灣先進通訊基金,AA1,TWD,20.23
202403,88090934,國泰台灣高股息傘型基金之台灣高股息基金-新台幣A(不配息),AA1,TWD,28.17
202403,88095396,富邦台灣高股息基金-A類型,AA1,TWD,17.17
202403,88122295,復華台灣好收益基金,AA1,TWD,11.51
202403,88175551,日盛台灣永續成長股息基金,AA1,TWD,17.66
202403,88198077,兆豐台灣金傳精選股息基金-累積型,AA1,TWD,10.23
202403,88271077,第一金台灣核心戰略建設基金-累積型-新臺幣,AA1,TWD,14.78
202403,88315292,台中銀台灣優息基金A(累積型-新台幣),AA1,TWD,16.9
202403,88316721,新光臺灣高股息基金(A累)新台幣,AA1,TWD,13.4
202403,92001765,元大多多基金,AA1,TWD,37.09
202403,92002244,統一黑馬基金,AA1,TWD,217.81
202403,92002384,富邦精準基金,AA1,TWD,133.32
202403,92003102,瀚亞高科技基金,AA1,TWD,199.39
202403,92010477,富邦長紅基金,AA1,TWD,167.72
202403,92012025,摩根新興科技基金-一般型,AA1,TWD,131.21
202403,92012572,瀚亞外銷基金,AA1,TWD,96.86
202403,92012762,統一龍馬基金,AA1,TWD,176.96
202403,92013967,PGIM保德信金滿意基金,AA1,TWD,85.26
202403,92017794,匯豐龍騰電子基金,AA1,TWD,89.85
202403,92019786,景順潛力基金,AA1,TWD,58.35
202403,92026219,元大卓越基金,AA1,TWD,68.94
202403,92028997,群益中小型股基金,AA1,TWD,93.51
202403,93110333,統一台灣高息優選基金-累積型,AA1,TWD,12.6
202403,93150600,華南永昌未來科技基金,AA1,TWD,10.98
202403,94991068,日盛新台商基金,AA1,TWD,123.25
202403,97972846,台中銀大發基金,AA1,TWD,61.24
202403,97977878,統一中小基金,AA1,TWD,65.35
202403,97984293,群益馬拉松基金,AA1,TWD,198.37
202403,97988636,PGIM保德信店頭市場基金,AA1,TWD,74.28
202403,97990696,瀚亞菁華基金,AA1,TWD,57.54
202403,97997635,聯博大利基金,AA1,TWD,83.26
202403,99973878,野村台灣高股息基金,AA1,TWD,63.99
202406,00965469,兆豐第一基金,AA1,TWD,31.6
202406,00968493,野村鴻運基金,AA1,TWD,79.13
202406,00973762,華南永昌永昌基金,AA1,TWD,51.45
202406,00974018,富邦基金A類型,AA1,TWD,29.71
202406,00974066,元大2001基金,AA1,TWD,160.51
202406,00974241,新光台灣富貴基金,AA1,TWD,70.69
202406,00988316,野村台灣運籌基金,AA1,TWD,128.71
202406,01031298,匯豐龍鳳基金-A類型,AA1,TWD,127.0
202406,01031564,野村積極成長基金,AA1,TWD,52.36
202406,01031699,統一全天候基金-A類型,AA1,TWD,326.05
202406,01031874,國泰小龍基金-新台幣,AA1,TWD,40.81
202406,01032058,元大多福基金,AA1,TWD,112.92
202406,01032162,摩根台灣增長基金,AA1,TWD,99.7
202406,01032183,PGIM保德信高成長基金,AA1,TWD,227.55
202406,01050148,兆豐國民基金,AA1,TWD,45.88
202406,10341837,兆豐豐台灣基金,AA1,TWD,80.48
202406,13539952,凱基開創基金,AA1,TWD,74.59
202406,13984165,富達台灣成長基金,AA1,TWD,81.04
202406,13986924,新光大三通基金,AA1,TWD,64.05
202406,13998344,永豐中小基金-A類型,AA1,TWD,109.5
202406,14694495,街口台灣基金,AA1,TWD,57.06
202406,14705562,國泰科技生化基金,AA1,TWD,101.26
202406,15733973,富蘭克林華美第一富基金,AA1,TWD,114.04
202406,17139204,元大新主流基金,AA1,TWD,61.6
202406,17140568,景順主流基金,AA1,TWD,43.72
202406,17144889,宏利台灣動力基金A類型,AA1,TWD,85.79
202406,17146752,野村成長基金,AA1,TWD,124.05
202406,17147078,日盛精選五虎基金,AA1,TWD,103.8
202406,17148301,富邦台灣心基金,AA1,TWD,70.02
202406,17597236,聯邦精選科技基金,AA1,TWD,35.46
202406,17600534,野村高科技基金,AA1,TWD,39.8
202406,17602625,PGIM保德信新世紀基金,AA1,TWD,17.64
202406,17602821,台新2000高科技基金,AA1,TWD,93.82
202406,17604124,安聯台灣大壩基金-A類型-新臺幣,AA1,TWD,101.44
202406,17605622,統一大滿貫基金-A類型,AA1,TWD,89.56
202406,17607591,日盛高科技基金,AA1,TWD,42.11
202406,17608487,復華數位經濟基金,AA1,TWD,94.6
202406,17612497,國泰國泰基金-新台幣A,AA1,TWD,71.54
202406,18033138,台中銀數位時代基金,AA1,TWD,94.85
202406,18037937,野村ｅ科技基金,AA1,TWD,71.7
202406,18043059,國泰中小成長基金-新台幣,AA1,TWD,135.22
202406,18480065,安聯台灣科技基金,AA1,TWD,221.96
202406,18488279,復華中小精選基金,AA1,TWD,167.95
202406,18488469,野村中小基金-累積類型,AA1,TWD,185.11
202406,18496290,聯邦中國龍基金,AA1,TWD,64.72
202406,18499732,德銀遠東DWS台灣旗艦基金,AA1,TWD,54.18
202406,19291128,國泰大中華基金,AA1,TWD,61.5
202406,19330712,貝萊德寶利基金,AA1,TWD,68.74
202406,19330754,野村優質基金-累積類型新臺幣計價,AA1,TWD,152.45
202406,19339782,群益創新科技基金,AA1,TWD,74.42
202406,19341318,第一金電子基金,AA1,TWD,91.51
202406,20080023,元大店頭基金,AA1,TWD,21.56
202406,20081352,群益店頭市場基金,AA1,TWD,195.43
202406,20084317,日盛日盛基金,AA1,TWD,16.04
202406,20089755,富邦精銳中小基金,AA1,TWD,39.83
202406,20092528,第一金店頭市場基金,AA1,TWD,18.47
202406,20094820,柏瑞巨人基金-A類型,AA1,TWD,27.1
202406,21759676,復華全方位基金,AA1,TWD,70.62
202406,25612029,凱基台灣精五門基金,AA1,TWD,55.92
202406,25636367,摩根台灣金磚基金-累積型,AA1,TWD,48.39
202406,26202396,第一金創新趨勢基金-A類型,AA1,TWD,53.06
202406,26273336,日盛MIT主流基金,AA1,TWD,56.21
202406,26310297,富蘭克林華美台股傘型基金之高科技基金,AA1,TWD,64.77
202406,26320632,合庫台灣基金－A類（累積型）台幣,AA1,TWD,26.39
202406,42532205,路博邁台灣5G股票基金T累積級別(新臺幣),AA1,TWD,31.67
202406,48675778,群益奧斯卡基金,AA1,TWD,66.43
202406,48749899,群益葛萊美基金,AA1,TWD,58.2
202406,48858663,台新主流基金,AA1,TWD,59.04
202406,48893417,中國信託台灣活力基金,AA1,TWD,22.88
202406,48934304,統一台灣動力基金,AA1,TWD,73.16
202406,48948481,日盛首選基金,AA1,TWD,41.92
202406,48948834,施羅德台灣樂活中小基金-A類型,AA1,TWD,59.03
202406,48997911,安聯台灣智慧基金,AA1,TWD,139.9
202406,73982057,宏利臺灣股息收益基金A類型,AA1,TWD,70.85
202406,73987671,匯豐台灣精典基金,AA1,TWD,60.36
202406,73988876,日盛小而美基金,AA1,TWD,44.91
202406,73989002,第一金小型精選基金,AA1,TWD,85.13
202406,73989256,景順台灣科技基金,AA1,TWD,79.17
202406,73989501,摩根中小基金,AA1,TWD,56.25
202406,73990253,統一奔騰基金,AA1,TWD,266.01
202406,73990649,PGIM保德信科技島基金,AA1,TWD,69.57
202406,73991751,兆豐電子基金,AA1,TWD,73.83
202406,73992013,永豐領航科技基金,AA1,TWD,64.94
202406,73998071,新光店頭基金,AA1,TWD,74.32
202406,73998086,復華高成長基金,AA1,TWD,167.53
202406,76941376,匯豐成功基金,AA1,TWD,57.1
202406,76959044,元大台灣高股息優質龍頭基金-新台幣I類型累積級別,AA1,TWD,19.2
202406,77074486,永豐臺灣ESG永續優選基金-A累積類型,AA1,TWD,21.66
202406,77537493,統一統信基金,AA1,TWD,99.9
202406,77713842,合庫台灣高科技基金,AA1,TWD,20.97
202406,80892778,街口中小型基金,AA1,TWD,56.72
202406,80894446,台新中國通基金,AA1,TWD,140.74
202406,81581724,統一經建基金,AA1,TWD,144.2
202406,81584335,元大高科技基金,AA1,TWD,39.61
202406,81584975,日盛上選基金(A類型),AA1,TWD,109.5
202406,81585242,新光創新科技基金,AA1,TWD,44.0
202406,81585475,富邦高成長基金,AA1,TWD,74.44
202406,81587889,復華復華基金,AA1,TWD,43.86
202406,81588536,台新台灣中小基金,AA1,TWD,96.78
202406,81591434,群益長安基金,AA1,TWD,73.7
202406,81594690,永豐永豐基金-A類型,AA1,TWD,60.16
202406,81595924,瀚亞中小型股基金,AA1,TWD,56.84
202406,83863951,元大經貿基金,AA1,TWD,65.74
202406,83864683,富邦科技基金,AA1,TWD,73.13
202406,83866508,PGIM保德信中小型股基金,AA1,TWD,106.72
202406,88090408,兆豐台灣先進通訊基金,AA1,TWD,20.56
202406,88090934,國泰台灣高股息傘型基金之台灣高股息基金-新台幣A(不配息),AA1,TWD,31.57
202406,88095396,富邦台灣高股息基金-A類型,AA1,TWD,18.81
202406,88122295,復華台灣好收益基金,AA1,TWD,11.8
202406,88175551,日盛台灣永續成長股息基金,AA1,TWD,19.5
202406,88198077,兆豐台灣金傳精選股息基金-累積型,AA1,TWD,10.8
202406,88271077,第一金台灣核心戰略建設基金-累積型-新臺幣,AA1,TWD,15.68
202406,88315292,台中銀台灣優息基金A(累積型-新台幣),AA1,TWD,18.26
202406,88316721,新光臺灣高股息基金(A累)新台幣,AA1,TWD,14.39
202406,92001765,元大多多基金,AA1,TWD,39.72
202406,92002244,統一黑馬基金,AA1,TWD,228.89
202406,92002384,富邦精準基金,AA1,TWD,147.04
202406,92003102,瀚亞高科技基金,AA1,TWD,215.95
202406,92010477,富邦長紅基金,AA1,TWD,184.85
202406,92012025,摩根新興科技基金-一般型,AA1,TWD,146.33
202406,92012572,瀚亞外銷基金,AA1,TWD,105.64
202406,92012762,統一龍馬基金,AA1,TWD,200.94
202406,92013967,PGIM保德信金滿意基金,AA1,TWD,94.78
202406,92017794,匯豐龍騰電子基金,AA1,TWD,95.72
202406,92019786,景順潛力基金,AA1,TWD,63.68
202406,92026219,元大卓越基金,AA1,TWD,73.26
202406,92028997,群益中小型股基金,AA1,TWD,99.48
202406,93110333,統一台灣高息優選基金-累積型,AA1,TWD,13.64
202406,93150600,華南永昌未來科技基金,AA1,TWD,11.33
202406,93212009,復華台灣科技高股息基金A類型,AA1,TWD,10.39
202406,94991068,日盛新台商基金,AA1,TWD,134.04
202406,97972846,台中銀大發基金,AA1,TWD,68.59
202406,97977878,統一中小基金,AA1,TWD,70.54
202406,97984293,群益馬拉松基金,AA1,TWD,218.9
202406,97988636,PGIM保德信店頭市場基金,AA1,TWD,79.81
202406,97990696,瀚亞菁華基金,AA1,TWD,61.96
202406,97997635,聯博大利基金,AA1,TWD,90.88
202406,99973878,野村台灣高股息基金-累積類型,AA1,TWD,72.99
202409,00965469,兆豐第一基金,AA1,TWD,28.95
202409,00968493,野村鴻運基金,AA1,TWD,73.89
202409,00973762,華南永昌永昌基金,AA1,TWD,48.01
202409,00974018,富邦基金A類型,AA1,TWD,28.11
202409,00974066,元大2001基金,AA1,TWD,151.51
202409,00974241,新光台灣富貴基金,AA1,TWD,65.89
202409,00988316,野村台灣運籌基金,AA1,TWD,120.39
202409,01031298,匯豐龍鳳基金-A類型,AA1,TWD,115.71
202409,01031564,野村積極成長基金,AA1,TWD,48.85
202409,01031699,統一全天候基金-A類型,AA1,TWD,292.47
202409,01031874,國泰小龍基金-新台幣,AA1,TWD,39.12
202409,01032058,元大多福基金,AA1,TWD,106.7
202409,01032162,摩根台灣增長基金,AA1,TWD,97.29
202409,01032183,PGIM保德信高成長基金,AA1,TWD,210.11
202409,01050148,兆豐國民基金,AA1,TWD,44.48
202409,10341837,兆豐豐台灣基金,AA1,TWD,73.32
202409,13539952,凱基開創基金,AA1,TWD,68.5
202409,13984165,富達台灣成長基金,AA1,TWD,76.7
202409,13986924,新光大三通基金,AA1,TWD,57.04
202409,13998344,永豐中小基金-A類型,AA1,TWD,106.95
202409,14694495,街口台灣基金,AA1,TWD,52.51
202409,14705562,國泰科技生化基金,AA1,TWD,98.54
202409,15733973,富蘭克林華美第一富基金,AA1,TWD,105.3
202409,17139204,元大新主流基金,AA1,TWD,57.35
202409,17140568,景順主流基金,AA1,TWD,41.86
202409,17144889,宏利台灣動力基金A類型,AA1,TWD,77.6
202409,17146752,野村成長基金,AA1,TWD,115.81
202409,17147078,日盛精選五虎基金,AA1,TWD,96.27
202409,17148301,富邦台灣心基金,AA1,TWD,67.16
202409,17597236,聯邦精選科技基金-A累積型(新臺幣),AA1,TWD,32.5
202409,17600534,野村高科技基金,AA1,TWD,36.9
202409,17602625,PGIM保德信新世紀基金,AA1,TWD,17.29
202409,17602821,台新2000高科技基金,AA1,TWD,91.59
202409,17604124,安聯台灣大壩基金-A類型-新臺幣,AA1,TWD,95.74
202409,17605622,統一大滿貫基金-A類型,AA1,TWD,84.19
202409,17607591,日盛高科技基金,AA1,TWD,38.45
202409,17608487,復華數位經濟基金,AA1,TWD,89.83
202409,17612497,國泰國泰基金-新台幣A,AA1,TWD,68.63
202409,18033138,台中銀數位時代基金,AA1,TWD,96.61
202409,18037937,野村ｅ科技基金,AA1,TWD,66.32
202409,18043059,國泰中小成長基金-新台幣,AA1,TWD,126.97
202409,18480065,安聯台灣科技基金,AA1,TWD,208.59
202409,18488279,復華中小精選基金,AA1,TWD,159.48
202409,18488469,野村中小基金-累積類型,AA1,TWD,173.68
202409,18496290,聯邦中國龍基金-A累積型(新臺幣),AA1,TWD,60.33
202409,18499732,德銀遠東DWS台灣旗艦基金,AA1,TWD,49.54
202409,19291128,國泰大中華基金,AA1,TWD,57.69
202409,19330712,貝萊德寶利基金,AA1,TWD,65.37
202409,19330754,野村優質基金-累積類型新臺幣計價,AA1,TWD,141.22
202409,19339782,群益創新科技基金,AA1,TWD,63.53
202409,19341318,第一金電子基金,AA1,TWD,85.8
202409,20080023,元大店頭基金,AA1,TWD,22.03
202409,20081352,群益店頭市場基金,AA1,TWD,176.98
202409,20084317,日盛日盛基金,AA1,TWD,14.31
202409,20089755,富邦精銳中小基金,AA1,TWD,38.1
202409,20092528,第一金店頭市場基金,AA1,TWD,18.76
202409,20094820,柏瑞巨人基金-A類型,AA1,TWD,24.34
202409,21759676,復華全方位基金,AA1,TWD,69.06
202409,25612029,凱基台灣精五門基金,AA1,TWD,55.77
202409,25636367,摩根台灣金磚基金-累積型,AA1,TWD,45.69
202409,26202396,第一金創新趨勢基金-A類型,AA1,TWD,50.15
202409,26273336,日盛MIT主流基金,AA1,TWD,55.34
202409,26310297,富蘭克林華美台股傘型基金之高科技基金,AA1,TWD,62.26
202409,26320632,合庫台灣基金－A類（累積型）台幣,AA1,TWD,25.84
202409,42532205,路博邁台灣5G股票基金T累積級別(新臺幣),AA1,TWD,29.49
202409,48675778,群益奧斯卡基金,AA1,TWD,59.89
202409,48749899,群益葛萊美基金,AA1,TWD,52.61
202409,48858663,台新主流基金,AA1,TWD,58.36
202409,48893417,中國信託台灣活力基金,AA1,TWD,21.31
202409,48934304,統一台灣動力基金,AA1,TWD,66.42
202409,48948481,日盛首選基金,AA1,TWD,39.38
202409,48948834,施羅德台灣樂活中小基金-A類型,AA1,TWD,53.13
202409,48997911,安聯台灣智慧基金,AA1,TWD,130.37
202409,73982057,宏利臺灣股息收益基金A類型,AA1,TWD,65.85
202409,73987671,匯豐台灣精典基金,AA1,TWD,53.13
202409,73988876,日盛小而美基金,AA1,TWD,42.2
202409,73989002,第一金小型精選基金,AA1,TWD,84.16
202409,73989256,景順台灣科技基金,AA1,TWD,74.61
202409,73989501,摩根中小基金,AA1,TWD,54.37
202409,73990253,統一奔騰基金,AA1,TWD,243.25
202409,73990649,PGIM保德信科技島基金,AA1,TWD,67.08
202409,73991751,兆豐電子基金,AA1,TWD,70.63
202409,73992013,永豐領航科技基金,AA1,TWD,61.26
202409,73998071,新光店頭基金,AA1,TWD,72.3
202409,73998086,復華高成長基金,AA1,TWD,155.54
202409,76941376,匯豐成功基金,AA1,TWD,54.9
202409,76959044,元大台灣高股息優質龍頭基金-新台幣R類型,AA1,TWD,18.1
202409,77074486,永豐臺灣ESG永續優選基金-A累積類型,AA1,TWD,20.45
202409,77537493,統一統信基金,AA1,TWD,91.58
202409,77713842,合庫台灣高科技基金,AA1,TWD,20.79
202409,80892778,街口中小型基金,AA1,TWD,52.4
202409,80894446,台新中國通基金,AA1,TWD,139.27
202409,81581724,統一經建基金,AA1,TWD,126.91
202409,81584335,元大高科技基金,AA1,TWD,37.4
202409,81584975,日盛上選基金(A類型),AA1,TWD,106.54
202409,81585242,新光創新科技基金,AA1,TWD,38.75
202409,81585475,富邦高成長基金,AA1,TWD,71.37
202409,81587889,復華復華基金,AA1,TWD,42.76
202409,81588536,台新台灣中小基金,AA1,TWD,99.09
202409,81591434,群益長安基金,AA1,TWD,72.51
202409,81594690,永豐永豐基金-A類型,AA1,TWD,59.23
202409,81595924,瀚亞中小型股基金,AA1,TWD,51.14
202409,83863951,元大經貿基金,AA1,TWD,61.34
202409,83864683,富邦科技基金,AA1,TWD,74.74
202409,83866508,PGIM保德信中小型股基金,AA1,TWD,104.26
202409,88090408,兆豐台灣先進通訊基金,AA1,TWD,19.64
202409,88090934,國泰台灣高股息傘型基金之台灣高股息基金-新台幣A(不配息),AA1,TWD,29.55
202409,88095396,富邦台灣高股息基金-A類型,AA1,TWD,17.67
202409,88122295,復華台灣好收益基金,AA1,TWD,10.86
202409,88175551,日盛台灣永續成長股息基金,AA1,TWD,19.27
202409,88198077,兆豐台灣金傳精選股息基金-累積型,AA1,TWD,10.8
202409,88271077,第一金台灣核心戰略建設基金-累積型-新臺幣-N,AA1,TWD,14.68
202409,88315292,台中銀台灣優息基金A(累積型-新台幣),AA1,TWD,18.54
202409,88316721,新光臺灣高股息基金(A累)新台幣,AA1,TWD,14.18
202409,92001765,元大多多基金,AA1,TWD,37.63
202409,92002244,統一黑馬基金,AA1,TWD,217.74
202409,92002384,富邦精準基金,AA1,TWD,149.64
202409,92003102,瀚亞高科技基金,AA1,TWD,204.69
202409,92010477,富邦長紅基金,AA1,TWD,176.01
202409,92012025,摩根新興科技基金-一般型,AA1,TWD,138.93
202409,92012572,瀚亞外銷基金,AA1,TWD,98.05
202409,92012762,統一龍馬基金,AA1,TWD,178.1
202409,92013967,PGIM保德信金滿意基金,AA1,TWD,87.46
202409,92017794,匯豐龍騰電子基金,AA1,TWD,86.56
202409,92019786,景順潛力基金,AA1,TWD,60.36
202409,92026219,元大卓越基金,AA1,TWD,69.33
202409,92028997,群益中小型股基金,AA1,TWD,87.05
202409,93110333,統一台灣高息優選基金-累積型,AA1,TWD,12.57
202409,93150600,華南永昌未來科技基金,AA1,TWD,10.57
202409,93212009,復華台灣科技高股息基金A類型,AA1,TWD,9.47
202409,94991068,日盛新台商基金,AA1,TWD,119.85
202409,97972846,台中銀大發基金,AA1,TWD,67.44
202409,97977878,統一中小基金,AA1,TWD,67.13
202409,97984293,群益馬拉松基金,AA1,TWD,203.08
202409,97988636,PGIM保德信店頭市場基金,AA1,TWD,80.81
202409,97990696,瀚亞菁華基金,AA1,TWD,54.27
202409,97997635,聯博大利基金,AA1,TWD,87.41
202409,99973878,野村台灣高股息基金-累積類型,AA1,TWD,69.32
202412,00965469,兆豐第一基金,AA1,TWD,30.13
202412,00968493,野村鴻運基金,AA1,TWD,83.1
202412,00973762,華南永昌永昌基金,AA1,TWD,48.22
202412,00974018,富邦基金A類型,AA1,TWD,31.14
202412,00974066,元大2001基金,AA1,TWD,155.73
202412,00974241,新光台灣富貴基金,AA1,TWD,70.49
202412,00988316,野村台灣運籌基金,AA1,TWD,135.19
202412,01031298,匯豐龍鳳基金-A類型,AA1,TWD,128.49
202412,01031564,野村積極成長基金,AA1,TWD,53.67
202412,01031699,統一全天候基金-A類型,AA1,TWD,317.95
202412,01031874,國泰小龍基金-新台幣,AA1,TWD,41.86
202412,01032058,元大多福基金,AA1,TWD,114.09
202412,01032162,摩根台灣增長基金,AA1,TWD,99.24
202412,01032183,PGIM保德信高成長基金,AA1,TWD,228.0
202412,01050148,兆豐國民基金,AA1,TWD,46.02
202412,10341837,兆豐豐台灣基金,AA1,TWD,74.57
202412,13539952,凱基開創基金,AA1,TWD,70.32
202412,13984165,富達台灣成長基金,AA1,TWD,81.35
202412,13986924,新光大三通基金,AA1,TWD,61.08
202412,13998344,永豐中小基金-A類型,AA1,TWD,114.47
202412,14694495,街口台灣基金,AA1,TWD,59.0
202412,14705562,國泰科技生化基金,AA1,TWD,104.41
202412,15733973,富蘭克林華美第一富基金,AA1,TWD,110.44
202412,17139204,元大新主流基金,AA1,TWD,58.31
202412,17140568,景順主流基金,AA1,TWD,42.16
202412,17144889,宏利台灣動力基金A類型,AA1,TWD,85.17
202412,17146752,野村成長基金,AA1,TWD,127.15
202412,17147078,日盛精選五虎基金,AA1,TWD,99.14
202412,17148301,富邦台灣心基金,AA1,TWD,72.89
202412,17597236,聯邦精選科技基金-A累積型(新臺幣),AA1,TWD,35.06
202412,17600534,野村高科技基金,AA1,TWD,40.52
202412,17602625,PGIM保德信新世紀基金,AA1,TWD,16.95
202412,17602821,台新2000高科技基金,AA1,TWD,96.64
202412,17604124,安聯台灣大壩基金-A類型-新臺幣,AA1,TWD,104.07
202412,17605622,統一大滿貫基金-A類型,AA1,TWD,91.24
202412,17607591,日盛高科技基金,AA1,TWD,39.82
202412,17608487,復華數位經濟基金,AA1,TWD,92.05
202412,17612497,國泰國泰基金-新台幣A,AA1,TWD,73.23
202412,18033138,台中銀數位時代基金A(累積型-新台幣),AA1,TWD,98.19
202412,18037937,野村ｅ科技基金,AA1,TWD,72.76
202412,18043059,國泰中小成長基金-新台幣,AA1,TWD,135.07
202412,18480065,安聯台灣科技基金,AA1,TWD,229.24
202412,18488279,復華中小精選基金,AA1,TWD,163.36
202412,18488469,野村中小基金-累積類型,AA1,TWD,186.2
202412,18496290,聯邦中國龍基金-A累積型(新臺幣),AA1,TWD,62.53
202412,18499732,德銀遠東DWS台灣旗艦基金,AA1,TWD,51.29
202412,19291128,國泰大中華基金,AA1,TWD,61.68
202412,19330712,貝萊德寶利基金,AA1,TWD,70.5
202412,19330754,野村優質基金-累積類型新臺幣計價,AA1,TWD,153.0
202412,19339782,群益創新科技基金,AA1,TWD,71.02
202412,19341318,第一金電子基金,AA1,TWD,90.4
202412,20080023,元大店頭基金,AA1,TWD,21.08
202412,20081352,群益店頭市場基金,AA1,TWD,174.16
202412,20084317,日盛日盛基金,AA1,TWD,15.23
202412,20089755,富邦精銳中小基金,AA1,TWD,41.45
202412,20092528,第一金店頭市場基金,AA1,TWD,17.8
202412,20094820,柏瑞巨人基金-A類型,AA1,TWD,26.38
202412,21759676,復華全方位基金,AA1,TWD,72.15
202412,25612029,凱基台灣精五門基金,AA1,TWD,60.51
202412,25636367,摩根台灣金磚基金-累積型,AA1,TWD,48.03
202412,26202396,第一金創新趨勢基金-A類型,AA1,TWD,52.22
202412,26273336,日盛MIT主流基金,AA1,TWD,57.57
202412,26310297,富蘭克林華美台股傘型基金之高科技基金,AA1,TWD,67.95
202412,26320632,合庫台灣基金－A類（累積型）台幣,AA1,TWD,26.66
202412,42532205,路博邁台灣5G股票基金T累積級別(新臺幣),AA1,TWD,32.18
202412,48675778,群益奧斯卡基金,AA1,TWD,62.26
202412,48749899,群益葛萊美基金,AA1,TWD,57.96
202412,48858663,台新主流基金,AA1,TWD,62.68
202412,48893417,中國信託台灣活力基金,AA1,TWD,22.29
202412,48934304,統一台灣動力基金,AA1,TWD,70.29
202412,48948481,日盛首選基金,AA1,TWD,40.77
202412,48948834,施羅德台灣樂活中小基金-A類型,AA1,TWD,58.32
202412,48997911,安聯台灣智慧基金,AA1,TWD,142.31
202412,73982057,宏利臺灣股息收益基金A類型,AA1,TWD,70.23
202412,73987671,匯豐台灣精典基金,AA1,TWD,59.38
202412,73988876,日盛小而美基金,AA1,TWD,46.23
202412,73989002,第一金小型精選基金,AA1,TWD,81.99
202412,73989256,景順台灣科技基金,AA1,TWD,75.72
202412,73989501,摩根中小基金,AA1,TWD,55.6
202412,73990253,統一奔騰基金,AA1,TWD,269.96
202412,73990649,PGIM保德信科技島基金,AA1,TWD,70.0
202412,73991751,兆豐電子基金,AA1,TWD,77.42
202412,73992013,永豐領航科技基金,AA1,TWD,65.77
202412,73998071,新光店頭基金,AA1,TWD,71.95
202412,73998086,復華高成長基金,AA1,TWD,161.94
202412,76941376,匯豐成功基金,AA1,TWD,52.46
202412,76959044,元大台灣高股息優質龍頭基金-新台幣A類型不配息(本基金之配息來源可能為收益平準金且並無保證收益及配息),AA1,TWD,18.66
202412,77074486,永豐臺灣ESG永續優選基金-A累積類型,AA1,TWD,20.81
202412,77537493,統一統信基金,AA1,TWD,100.84
202412,77713842,合庫台灣高科技基金,AA1,TWD,21.82
202412,80892778,街口中小型基金,AA1,TWD,58.77
202412,80894446,台新中國通基金,AA1,TWD,144.29
202412,81581724,統一經建基金,AA1,TWD,140.81
202412,81584335,元大高科技基金,AA1,TWD,41.03
202412,81584975,日盛上選基金(A類型),AA1,TWD,111.75
202412,81585242,新光創新科技基金,AA1,TWD,41.91
202412,81585475,富邦高成長基金,AA1,TWD,76.45
202412,81587889,復華復華基金,AA1,TWD,44.68
202412,81588536,台新台灣中小基金,AA1,TWD,109.29
202412,81591434,群益長安基金,AA1,TWD,76.28
202412,81594690,永豐永豐基金-A類型,AA1,TWD,63.28
202412,81595924,瀚亞中小型股基金,AA1,TWD,57.38
202412,83863951,元大經貿基金,AA1,TWD,66.08
202412,83864683,富邦科技基金,AA1,TWD,80.82
202412,83866508,PGIM保德信中小型股基金,AA1,TWD,114.25
202412,88090408,兆豐台灣先進通訊基金,AA1,TWD,21.49
202412,88090934,國泰台灣高股息傘型基金之台灣高股息基金-新台幣A(不配息),AA1,TWD,31.81
202412,88095396,富邦台灣高股息基金-A類型,AA1,TWD,19.04
202412,88122295,復華台灣好收益基金,AA1,TWD,11.47
202412,88175551,日盛台灣永續成長股息基金,AA1,TWD,20.06
202412,88198077,兆豐台灣金傳精選股息基金-累積型,AA1,TWD,10.7
202412,88271077,第一金台灣核心戰略建設基金-累積型-新臺幣-N,AA1,TWD,15.17
202412,88315292,台中銀台灣優息基金A(累積型-新台幣),AA1,TWD,19.45
202412,88316721,新光臺灣高股息基金(A累)新台幣,AA1,TWD,14.25
202412,92001765,元大多多基金,AA1,TWD,40.43
202412,92002244,統一黑馬基金,AA1,TWD,231.42
202412,92002384,富邦精準基金,AA1,TWD,162.48
202412,92003102,瀚亞高科技基金,AA1,TWD,232.25
202412,92010477,富邦長紅基金,AA1,TWD,193.53
202412,92012025,摩根新興科技基金-一般型,AA1,TWD,149.36
202412,92012572,瀚亞外銷基金,AA1,TWD,105.12
202412,92012762,統一龍馬基金,AA1,TWD,198.61
202412,92013967,PGIM保德信金滿意基金,AA1,TWD,95.63
202412,92017794,匯豐龍騰電子基金,AA1,TWD,92.04
202412,92019786,景順潛力基金,AA1,TWD,61.05
202412,92026219,元大卓越基金,AA1,TWD,75.45
202412,92028997,群益中小型股基金,AA1,TWD,93.67
202412,93110333,統一台灣高息優選基金-累積型,AA1,TWD,13.67
202412,93150600,華南永昌未來科技基金,AA1,TWD,10.88
202412,93212009,復華台灣科技高股息基金A類型(本基金並無保證收益及配息),AA1,TWD,9.88
202412,94991068,日盛新台商基金,AA1,TWD,129.81
202412,97972846,台中銀大發基金A(累積型-新台幣),AA1,TWD,72.18
202412,97977878,統一中小基金,AA1,TWD,73.24
202412,97984293,群益馬拉松基金,AA1,TWD,214.19
202412,97988636,PGIM保德信店頭市場基金,AA1,TWD,77.63
202412,97990696,瀚亞菁華基金,AA1,TWD,57.49
202412,97997635,聯博大利基金,AA1,TWD,91.53
202412,99973878,野村台灣高股息基金-累積類型(本基金並無保證收益),AA1,TWD,75.72
202503,00965469,兆豐第一基金,AA1,TWD,25.73
202503,00968493,野村鴻運基金,AA1,TWD,64.39
202503,00973762,華南永昌永昌基金,AA1,TWD,41.2
202503,00974018,富邦基金A類型,AA1,TWD,25.06
202503,00974066,元大2001基金,AA1,TWD,125.51
202503,00974241,新光台灣富貴基金,AA1,TWD,59.06
202503,00988316,野村台灣運籌基金,AA1,TWD,105.37
202503,01031298,匯豐龍鳳基金-A類型,AA1,TWD,105.35
202503,01031564,野村積極成長基金,AA1,TWD,43.11
202503,01031699,統一全天候基金-A類型,AA1,TWD,259.01
202503,01031874,國泰小龍基金-新台幣,AA1,TWD,32.48
202503,01032058,元大多福基金,AA1,TWD,90.75
202503,01032162,摩根台灣增長基金,AA1,TWD,90.91
202503,01032183,PGIM保德信高成長基金,AA1,TWD,189.22
202503,01050148,兆豐國民基金,AA1,TWD,37.74
202503,10341837,兆豐豐台灣基金,AA1,TWD,61.32
202503,13539952,凱基開創基金,AA1,TWD,62.28
202503,13984165,富達台灣成長基金,AA1,TWD,67.73
202503,13986924,新光大三通基金,AA1,TWD,50.75
202503,13998344,永豐中小基金-A類型,AA1,TWD,93.3
202503,14694495,街口台灣基金,AA1,TWD,45.02
202503,14705562,國泰科技生化基金,AA1,TWD,81.31
202503,15733973,富蘭克林華美第一富基金,AA1,TWD,95.79
202503,17139204,元大新主流基金,AA1,TWD,47.31
202503,17140568,景順主流基金,AA1,TWD,37.8
202503,17144889,宏利台灣動力基金A類型,AA1,TWD,68.92
202503,17146752,野村成長基金,AA1,TWD,100.57
202503,17147078,日盛精選五虎基金,AA1,TWD,83.22
202503,17148301,富邦台灣心基金,AA1,TWD,62.08
202503,17597236,聯邦精選科技基金-A累積型(新臺幣),AA1,TWD,29.09
202503,17600534,野村高科技基金,AA1,TWD,32.46
202503,17602625,PGIM保德信新世紀基金,AA1,TWD,15.68
202503,17602821,台新2000高科技基金,AA1,TWD,76.11
202503,17604124,安聯台灣大壩基金-A類型-新臺幣,AA1,TWD,87.13
202503,17605622,統一大滿貫基金-A類型,AA1,TWD,74.7
202503,17607591,日盛高科技基金,AA1,TWD,32.87
202503,17608487,復華數位經濟基金,AA1,TWD,74.75
202503,17612497,國泰國泰基金-新台幣A,AA1,TWD,56.54
202503,18033138,台中銀數位時代基金A(累積型-新台幣),AA1,TWD,90.48
202503,18037937,野村ｅ科技基金,AA1,TWD,58.26
202503,18043059,國泰中小成長基金-新台幣,AA1,TWD,104.91
202503,18480065,安聯台灣科技基金,AA1,TWD,187.62
202503,18488279,復華中小精選基金,AA1,TWD,131.84
202503,18488469,野村中小基金-累積類型,AA1,TWD,148.59
202503,18496290,聯邦中國龍基金-A累積型(新臺幣),AA1,TWD,55.43
202503,18499732,德銀遠東DWS台灣旗艦基金,AA1,TWD,43.67
202503,19291128,國泰大中華基金,AA1,TWD,47.06
202503,19330712,貝萊德寶利基金,AA1,TWD,59.03
202503,19330754,野村優質基金-累積類型新臺幣計價,AA1,TWD,122.66
202503,19339782,群益創新科技基金,AA1,TWD,57.36
202503,19341318,第一金電子基金,AA1,TWD,75.08
202503,20080023,元大店頭基金,AA1,TWD,16.95
202503,20081352,群益店頭市場基金,AA1,TWD,149.9
202503,20084317,日盛日盛基金,AA1,TWD,12.36
202503,20089755,富邦精銳中小基金,AA1,TWD,33.91
202503,20092528,第一金店頭市場基金,AA1,TWD,15.6
202503,20094820,柏瑞巨人基金-A類型,AA1,TWD,21.72
202503,21759676,復華全方位基金,AA1,TWD,58.8
202503,25612029,凱基台灣精五門基金,AA1,TWD,54.37
202503,25636367,摩根台灣金磚基金-累積型,AA1,TWD,38.88
202503,26202396,第一金創新趨勢基金-A類型,AA1,TWD,43.84
202503,26273336,日盛MIT主流基金,AA1,TWD,45.96
202503,26310297,富蘭克林華美台股傘型基金之高科技基金,AA1,TWD,56.25
202503,26320632,合庫台灣基金－A類（累積型）台幣,AA1,TWD,22.42
202503,42532205,路博邁台灣5G股票基金T累積級別(新臺幣),AA1,TWD,27.2
202503,48675778,群益奧斯卡基金,AA1,TWD,54.51
202503,48749899,群益葛萊美基金,AA1,TWD,50.07
202503,48858663,台新主流基金,AA1,TWD,52.23
202503,48893417,中國信託台灣活力基金,AA1,TWD,18.24
202503,48934304,統一台灣動力基金,AA1,TWD,57.6
202503,48948481,日盛首選基金,AA1,TWD,33.69
202503,48948834,施羅德台灣樂活中小基金-A類型,AA1,TWD,49.31
202503,48997911,安聯台灣智慧基金,AA1,TWD,116.78
202503,73982057,宏利臺灣股息收益基金A類型,AA1,TWD,62.29
202503,73987671,匯豐台灣精典基金,AA1,TWD,46.66
202503,73988876,日盛小而美基金,AA1,TWD,35.24
202503,73989002,第一金小型精選基金,AA1,TWD,71.35
202503,73989256,景順台灣科技基金,AA1,TWD,67.5
202503,73989501,摩根中小基金,AA1,TWD,45.49
202503,73990253,統一奔騰基金,AA1,TWD,216.16
202503,73990649,PGIM保德信科技島基金,AA1,TWD,57.84
202503,73991751,兆豐電子基金,AA1,TWD,64.31
202503,73992013,永豐領航科技基金,AA1,TWD,53.3
202503,73998071,新光店頭基金,AA1,TWD,59.24
202503,73998086,復華高成長基金,AA1,TWD,128.96
202503,76941376,匯豐成功基金,AA1,TWD,49.6
202503,76959044,元大台灣高股息優質龍頭基金-新台幣A類型不配息(本基金之配息來源可能為收益平準金且並無保證收益及配息),AA1,TWD,17.56
202503,77074486,永豐臺灣ESG永續優選基金-A累積類型,AA1,TWD,19.22
202503,77537493,統一統信基金,AA1,TWD,80.78
202503,77713842,合庫台灣高科技基金,AA1,TWD,18.04
202503,80892778,街口中小型基金,AA1,TWD,44.64
202503,80894446,台新中國通基金,AA1,TWD,113.88
202503,81581724,統一經建基金,AA1,TWD,114.86
202503,81584335,元大高科技基金,AA1,TWD,32.9
202503,81584975,日盛上選基金(A類型),AA1,TWD,88.8
202503,81585242,新光創新科技基金,AA1,TWD,34.91
202503,81585475,富邦高成長基金,AA1,TWD,66.77
202503,81587889,復華復華基金,AA1,TWD,36.33
202503,81588536,台新台灣中小基金,AA1,TWD,92.03
202503,81591434,群益長安基金,AA1,TWD,65.58
202503,81594690,永豐永豐基金-A類型,AA1,TWD,51.79
202503,81595924,瀚亞中小型股基金,AA1,TWD,45.49
202503,83863951,元大經貿基金,AA1,TWD,54.38
202503,83864683,富邦科技基金,AA1,TWD,64.46
202503,83866508,PGIM保德信中小型股基金,AA1,TWD,95.5
202503,88090408,兆豐台灣先進通訊基金,AA1,TWD,17.9
202503,88090934,國泰台灣高股息傘型基金之台灣高股息基金-新台幣A(不配息),AA1,TWD,27.71
202503,88095396,富邦台灣高股息基金-A類型,AA1,TWD,16.91
202503,88122295,復華台灣好收益基金,AA1,TWD,8.86
202503,88175551,日盛台灣永續成長股息基金,AA1,TWD,16.09
202503,88198077,兆豐台灣金傳精選股息基金-累積型,AA1,TWD,9.6
202503,88271077,第一金台灣核心戰略建設基金-累積型-新臺幣-N,AA1,TWD,13.07
202503,88315292,台中銀台灣優息基金A(累積型-新台幣),AA1,TWD,18.02
202503,88316721,新光臺灣高股息基金(A累)新台幣,AA1,TWD,14.09
202503,92001765,元大多多基金,AA1,TWD,33.41
202503,92002244,統一黑馬基金,AA1,TWD,188.28
202503,92002384,富邦精準基金,AA1,TWD,130.17
202503,92003102,瀚亞高科技基金,AA1,TWD,197.77
202503,92010477,富邦長紅基金,AA1,TWD,157.18
202503,92012025,摩根新興科技基金-一般型,AA1,TWD,118.38
202503,92012572,瀚亞外銷基金,AA1,TWD,87.15
202503,92012762,統一龍馬基金,AA1,TWD,161.59
202503,92013967,PGIM保德信金滿意基金,AA1,TWD,79.43
202503,92017794,匯豐龍騰電子基金,AA1,TWD,73.21
202503,92019786,景順潛力基金,AA1,TWD,55.2
202503,92026219,元大卓越基金,AA1,TWD,65.02
202503,92028997,群益中小型股基金,AA1,TWD,72.71
202503,93110333,統一台灣高息優選基金-累積型,AA1,TWD,11.72
202503,93150600,華南永昌未來科技基金,AA1,TWD,9.04
202503,93212009,復華台灣科技高股息基金A類型(本基金並無保證收益及配息),AA1,TWD,9.05
202503,94991068,日盛新台商基金,AA1,TWD,105.58
202503,97972846,台中銀大發基金A(累積型-新台幣),AA1,TWD,65.59
202503,97977878,統一中小基金,AA1,TWD,55.19
202503,97984293,群益馬拉松基金,AA1,TWD,186.23
202503,97988636,PGIM保德信店頭市場基金,AA1,TWD,64.49
202503,97990696,瀚亞菁華基金,AA1,TWD,46.72
202503,97997635,聯博大利基金,AA1,TWD,77.31
202503,99973878,野村台灣高股息基金-累積類型(本基金並無保證收益),AA1,TWD,71.22
202506,00965469,兆豐第一基金,AA1,TWD,25.68
202506,00968493,野村鴻運基金,AA1,TWD,80.65
202506,00973762,華南永昌永昌基金,AA1,TWD,44.92
202506,00974018,富邦基金A類型,AA1,TWD,21.81
202506,00974066,元大2001基金,AA1,TWD,146.29
202506,00974241,新光台灣富貴基金,AA1,TWD,64.13
202506,00988316,野村台灣運籌基金,AA1,TWD,131.78
202506,01031298,匯豐龍鳳基金-A類型,AA1,TWD,118.69
202506,01031564,野村積極成長基金,AA1,TWD,52.69
202506,01031699,統一全天候基金-A類型,AA1,TWD,299.15
202506,01031874,國泰小龍基金-新台幣,AA1,TWD,39.19
202506,01032058,元大多福基金,AA1,TWD,107.47
202506,01032162,摩根台灣增長基金,AA1,TWD,96.43
202506,01032183,PGIM保德信高成長基金,AA1,TWD,217.9
202506,01050148,兆豐國民基金-TISA類型,AA1,TWD,10.0
202506,10341837,兆豐豐台灣基金,AA1,TWD,70.13
202506,13539952,凱基開創基金,AA1,TWD,67.77
202506,13984165,富達台灣成長基金,AA1,TWD,77.23
202506,13986924,新光大三通基金,AA1,TWD,54.62
202506,13998344,永豐中小基金-A類型,AA1,TWD,104.73
202506,14694495,街口台灣基金,AA1,TWD,56.75
202506,14705562,國泰科技生化基金,AA1,TWD,95.29
202506,15733973,富蘭克林華美第一富基金,AA1,TWD,104.28
202506,17139204,元大新主流基金,AA1,TWD,54.04
202506,17140568,景順主流基金,AA1,TWD,42.07
202506,17144889,宏利台灣動力基金A類型,AA1,TWD,73.03
202506,17146752,野村成長基金,AA1,TWD,122.38
202506,17147078,日盛精選五虎基金,AA1,TWD,90.03
202506,17148301,富邦台灣心基金,AA1,TWD,67.69
202506,17597236,聯邦精選科技基金-A累積型(新臺幣),AA1,TWD,33.6
202506,17600534,野村高科技基金,AA1,TWD,41.47
202506,17602625,PGIM保德信新世紀基金,AA1,TWD,15.51
202506,17602821,台新2000高科技基金,AA1,TWD,93.82
202506,17604124,安聯台灣大壩基金-A類型-新臺幣,AA1,TWD,97.25
202506,17605622,統一大滿貫基金-A類型,AA1,TWD,86.18
202506,17607591,日盛高科技基金,AA1,TWD,37.52
202506,17608487,復華數位經濟基金,AA1,TWD,85.8
202506,17612497,國泰國泰基金-新台幣A,AA1,TWD,67.53
202506,18033138,台中銀數位時代基金A(累積型-新台幣),AA1,TWD,90.13
202506,18037937,野村ｅ科技基金,AA1,TWD,75.09
202506,18043059,國泰中小成長基金-新台幣,AA1,TWD,125.32
202506,18480065,安聯台灣科技基金,AA1,TWD,220.54
202506,18488279,復華中小精選基金,AA1,TWD,154.75
202506,18488469,野村中小基金-累積類型,AA1,TWD,180.99
202506,18496290,聯邦中國龍基金-A累積型(新臺幣),AA1,TWD,64.08
202506,18499732,德銀遠東DWS台灣旗艦基金,AA1,TWD,50.58
202506,19291128,國泰大中華基金,AA1,TWD,56.34
202506,19330712,貝萊德寶利基金,AA1,TWD,66.76
202506,19330754,野村優質基金-累積類型新臺幣計價,AA1,TWD,150.11
202506,19339782,群益創新科技基金,AA1,TWD,62.97
202506,19341318,第一金電子基金,AA1,TWD,89.17
202506,20080023,元大店頭基金,AA1,TWD,19.29
202506,20081352,群益店頭市場基金,AA1,TWD,147.65
202506,20084317,日盛日盛基金,AA1,TWD,14.31
202506,20089755,富邦精銳中小基金-A類型,AA1,TWD,40.19
202506,20092528,第一金店頭市場基金,AA1,TWD,15.95
202506,20094820,柏瑞巨人基金-A類型,AA1,TWD,26.55
202506,21759676,復華全方位基金,AA1,TWD,66.13
202506,25612029,凱基台灣精五門基金,AA1,TWD,58.69
202506,25636367,摩根台灣金磚基金-累積型,AA1,TWD,48.27
202506,26202396,第一金創新趨勢基金-A類型,AA1,TWD,51.49
202506,26273336,日盛MIT主流基金,AA1,TWD,51.3
202506,26310297,富蘭克林華美台股傘型基金之高科技基金,AA1,TWD,66.71
202506,26320632,合庫台灣基金－A類（累積型）台幣,AA1,TWD,25.93
202506,42532205,路博邁台灣5G股票基金T累積級別(新臺幣),AA1,TWD,31.15
202506,48675778,群益奧斯卡基金,AA1,TWD,61.29
202506,48749899,群益葛萊美基金,AA1,TWD,50.72
202506,48858663,台新主流基金,AA1,TWD,58.16
202506,48893417,中國信託台灣活力基金,AA1,TWD,21.43
202506,48934304,統一台灣動力基金-A類型,AA1,TWD,67.12
202506,48948481,日盛首選基金,AA1,TWD,37.68
202506,48948834,施羅德台灣樂活中小基金-A類型,AA1,TWD,55.05
202506,48997911,安聯台灣智慧基金,AA1,TWD,130.55
202506,73982057,宏利臺灣股息收益基金A類型,AA1,TWD,67.34
202506,73987671,匯豐台灣精典基金,AA1,TWD,55.93
202506,73988876,日盛小而美基金,AA1,TWD,41.98
202506,73989002,第一金小型精選基金,AA1,TWD,78.8
202506,73989256,景順台灣科技基金,AA1,TWD,76.1
202506,73989501,摩根中小基金,AA1,TWD,57.09
202506,73990253,統一奔騰基金,AA1,TWD,258.19
202506,73990649,PGIM保德信科技島基金,AA1,TWD,62.65
202506,73991751,兆豐電子基金,AA1,TWD,72.33
202506,73992013,永豐領航科技基金,AA1,TWD,60.0
202506,73998071,新光店頭基金,AA1,TWD,61.88
202506,73998086,復華高成長基金,AA1,TWD,148.57
202506,76941376,匯豐成功基金,AA1,TWD,49.36
202506,76959044,元大台灣高股息優質龍頭基金-新台幣A類型不配息(本基金之配息來源可能為收益平準金且並無保證收益及配息),AA1,TWD,18.43
202506,77074486,永豐臺灣ESG永續優選基金-A累積類型,AA1,TWD,19.24
202506,77537493,統一統信基金,AA1,TWD,97.93
202506,77713842,合庫台灣高科技基金,AA1,TWD,20.91
202506,80892778,街口中小型基金,AA1,TWD,56.26
202506,80894446,台新中國通基金,AA1,TWD,135.8
202506,81581724,統一經建基金,AA1,TWD,136.73
202506,81584335,元大高科技基金,AA1,TWD,38.71
202506,81584975,日盛上選基金(A類型),AA1,TWD,100.33
202506,81585242,新光創新科技基金,AA1,TWD,37.73
202506,81585475,富邦高成長基金,AA1,TWD,73.34
202506,81587889,復華復華基金,AA1,TWD,42.13
202506,81588536,台新台灣中小基金,AA1,TWD,104.54
202506,81591434,群益長安基金,AA1,TWD,76.74
202506,81594690,永豐永豐基金-A類型,AA1,TWD,59.71
202506,81595924,瀚亞中小型股基金,AA1,TWD,54.04
202506,83863951,元大經貿基金,AA1,TWD,64.5
202506,83864683,富邦科技基金,AA1,TWD,70.71
202506,83866508,PGIM保德信中小型股基金,AA1,TWD,107.52
202506,88090408,兆豐台灣先進通訊基金,AA1,TWD,20.17
202506,88090934,國泰台灣高股息傘型基金之台灣高股息基金-新台幣A(不配息),AA1,TWD,30.63
202506,88095396,富邦台灣高股息基金-A類型,AA1,TWD,17.96
202506,88122295,復華台灣好收益基金,AA1,TWD,10.49
202506,88175551,日盛台灣永續成長股息基金,AA1,TWD,18.16
202506,88198077,兆豐台灣金傳精選股息基金-累積型,AA1,TWD,9.29
202506,88271077,第一金台灣核心戰略建設基金-累積型-新臺幣,AA1,TWD,14.58
202506,88315292,台中銀台灣優息基金A(累積型-新台幣),AA1,TWD,18.66
202506,88316721,新光臺灣高股息基金(A累)新台幣,AA1,TWD,14.13
202506,92001765,元大多多基金,AA1,TWD,40.24
202506,92002244,統一黑馬基金,AA1,TWD,219.99
202506,92002384,富邦精準基金,AA1,TWD,147.11
202506,92003102,瀚亞高科技基金,AA1,TWD,232.14
202506,92010477,富邦長紅基金,AA1,TWD,178.65
202506,92012025,摩根新興科技基金-一般型,AA1,TWD,149.8
202506,92012572,瀚亞外銷基金,AA1,TWD,103.86
202506,92012762,統一龍馬基金,AA1,TWD,186.11
202506,92013967,PGIM保德信金滿意基金,AA1,TWD,92.94
202506,92017794,匯豐龍騰電子基金,AA1,TWD,84.63
202506,92019786,景順潛力基金,AA1,TWD,60.93
202506,92026219,元大卓越基金,AA1,TWD,73.33
202506,92028997,群益中小型股基金,AA1,TWD,81.4
202506,93110333,統一台灣高息優選基金-累積型,AA1,TWD,13.38
202506,93150600,華南永昌未來科技基金,AA1,TWD,10.04
202506,93212009,復華台灣科技高股息基金A類型(本基金並無保證收益及配息),AA1,TWD,9.42
202506,94991068,日盛新台商基金,AA1,TWD,134.06
202506,97972846,台中銀大發基金A(累積型-新台幣),AA1,TWD,69.89
202506,97977878,統一中小基金,AA1,TWD,62.87
202506,97984293,群益馬拉松基金,AA1,TWD,208.62
202506,97988636,PGIM保德信店頭市場基金,AA1,TWD,72.88
202506,97990696,瀚亞菁華基金,AA1,TWD,55.54
202506,97997635,聯博大利基金,AA1,TWD,83.93
202506,99973878,野村台灣高股息基金-累積類型(本基金並無保證收益),AA1,TWD,70.43
202509,00965469,兆豐第一基金,AA1,TWD,31.1
202509,00968493,野村鴻運基金,AA1,TWD,107.71
202509,00973762,華南永昌永昌基金,AA1,TWD,54.64
202509,00974018,富邦基金A類型,AA1,TWD,27.69
202509,00974066,元大2001基金,AA1,TWD,182.33
202509,00974241,新光台灣富貴基金,AA1,TWD,77.88
202509,00988316,野村台灣運籌基金,AA1,TWD,175.43
202509,01031298,匯豐龍鳳基金-A類型,AA1,TWD,142.8
202509,01031564,野村積極成長基金,AA1,TWD,69.15
202509,01031699,統一全天候基金-A類型,AA1,TWD,393.6
202509,01031874,國泰小龍基金-新台幣,AA1,TWD,51.14
202509,01032058,元大多福基金,AA1,TWD,141.69
202509,01032162,摩根台灣增長基金,AA1,TWD,110.82
202509,01032183,PGIM保德信高成長基金,AA1,TWD,270.24
202509,01050148,兆豐國民基金-TISA類型,AA1,TWD,12.04
202509,10341837,兆豐豐台灣基金,AA1,TWD,91.48
202509,13539952,凱基開創基金,AA1,TWD,88.39
202509,13984165,富達台灣成長基金,AA1,TWD,99.35
202509,13986924,新光大三通基金,AA1,TWD,65.93
202509,13998344,永豐中小基金-A類型,AA1,TWD,137.27
202509,14694495,街口台灣基金,AA1,TWD,77.91
202509,14705562,國泰科技生化基金,AA1,TWD,123.31
202509,15733973,富蘭克林華美第一富基金-A類型,AA1,TWD,132.2
202509,17139204,元大新主流基金,AA1,TWD,70.05
202509,17140568,景順主流基金,AA1,TWD,50.34
202509,17144889,宏利台灣動力基金A類型,AA1,TWD,89.31
202509,17146752,野村成長基金,AA1,TWD,165.59
202509,17147078,富邦精選五虎基金,AA1,TWD,101.87
202509,17148301,富邦台灣心基金,AA1,TWD,76.07
202509,17597236,聯邦精選科技基金-A累積型(新臺幣),AA1,TWD,43.58
202509,17600534,野村高科技基金,AA1,TWD,50.79
202509,17602625,PGIM保德信新世紀基金,AA1,TWD,17.31
202509,17602821,台新2000高科技基金,AA1,TWD,114.93
202509,17604124,安聯台灣大壩基金-A類型-新臺幣,AA1,TWD,127.61
202509,17605622,統一大滿貫基金-A類型,AA1,TWD,108.11
202509,17607591,富邦高科技基金,AA1,TWD,49.13
202509,17608487,復華數位經濟基金,AA1,TWD,102.64
202509,17612497,國泰國泰基金-新台幣A,AA1,TWD,88.71
202509,18033138,台中銀數位時代基金A(累積型-新台幣),AA1,TWD,103.43
202509,18037937,野村ｅ科技基金,AA1,TWD,91.58
202509,18043059,國泰中小成長基金-新台幣,AA1,TWD,164.12
202509,18480065,安聯台灣科技基金,AA1,TWD,281.65
202509,18488279,復華中小精選基金,AA1,TWD,193.22
202509,18488469,野村中小基金-累積類型,AA1,TWD,229.5
202509,18496290,聯邦中國龍基金-A累積型(新臺幣),AA1,TWD,74.82
202509,18499732,德銀遠東DWS台灣旗艦基金,AA1,TWD,60.99
202509,19291128,國泰大中華基金,AA1,TWD,77.0
202509,19330712,貝萊德寶利基金,AA1,TWD,81.88
202509,19330754,野村優質基金-累積類型新臺幣計價,AA1,TWD,197.74
202509,19339782,群益創新科技基金,AA1,TWD,82.11
202509,19341318,第一金電子基金,AA1,TWD,115.27
202509,20080023,元大店頭基金,AA1,TWD,24.57
202509,20081352,群益店頭市場基金,AA1,TWD,173.79
202509,20084317,富邦日盛基金,AA1,TWD,18.21
202509,20089755,富邦精銳中小基金-A類型,AA1,TWD,49.18
202509,20092528,第一金店頭市場基金,AA1,TWD,20.28
202509,20094820,柏瑞巨人基金-A類型,AA1,TWD,33.07
202509,21759676,復華全方位基金A類型,AA1,TWD,82.03
202509,25612029,凱基台灣精五門基金,AA1,TWD,77.57
202509,25636367,摩根台灣金磚基金-累積型,AA1,TWD,59.22
202509,26202396,第一金創新趨勢基金-A類型,AA1,TWD,66.33
202509,26273336,富邦MIT主流基金,AA1,TWD,62.72
202509,26310297,富蘭克林華美台股傘型基金之高科技基金,AA1,TWD,83.95
202509,26320632,合庫台灣基金－A類（累積型）台幣,AA1,TWD,35.84
202509,42532205,路博邁台灣5G股票基金T累積級別(新臺幣),AA1,TWD,41.31
202509,48675778,群益奧斯卡基金,AA1,TWD,73.17
202509,48749899,群益葛萊美基金,AA1,TWD,59.47
202509,48858663,台新主流基金,AA1,TWD,79.15
202509,48893417,中國信託台灣活力基金,AA1,TWD,27.92
202509,48934304,統一台灣動力基金-A類型,AA1,TWD,86.04
202509,48948481,富邦首選基金,AA1,TWD,46.97
202509,48948834,施羅德台灣樂活中小基金-A類型,AA1,TWD,65.81
202509,48997911,安聯台灣智慧基金,AA1,TWD,170.66
202509,73982057,宏利臺灣股息收益基金A類型,AA1,TWD,78.67
202509,73987671,匯豐台灣精典基金,AA1,TWD,72.88
202509,73988876,富邦小而美基金,AA1,TWD,54.13
202509,73989002,第一金小型精選基金-A類型,AA1,TWD,98.88
202509,73989256,景順台灣科技基金,AA1,TWD,95.62
202509,73989501,摩根中小基金,AA1,TWD,68.6
202509,73990253,統一奔騰基金,AA1,TWD,332.25
202509,73990649,PGIM保德信科技島基金,AA1,TWD,80.0
202509,73991751,兆豐電子基金,AA1,TWD,83.25
202509,73992013,永豐領航科技基金,AA1,TWD,77.03
202509,73998071,新光店頭基金,AA1,TWD,77.34
202509,73998086,復華高成長基金,AA1,TWD,190.54
202509,76941376,匯豐成功基金,AA1,TWD,50.75
202509,76959044,元大台灣高股息優質龍頭基金-新台幣A類型不配息(本基金之配息來源可能為收益平準金且並無保證收益及配息),AA1,TWD,21.11
202509,77074486,永豐臺灣ESG永續優選基金-A累積類型,AA1,TWD,21.12
202509,77537493,統一統信基金,AA1,TWD,122.89
202509,77713842,合庫台灣高科技基金,AA1,TWD,29.24
202509,80892778,街口中小型基金,AA1,TWD,77.83
202509,80894446,台新中國通基金,AA1,TWD,174.45
202509,81581724,統一經建基金,AA1,TWD,180.26
202509,81584335,元大高科技基金,AA1,TWD,50.06
202509,81584975,富邦上選基金(A類型),AA1,TWD,123.61
202509,81585242,新光創新科技基金,AA1,TWD,45.61
202509,81585475,富邦高成長基金,AA1,TWD,82.15
202509,81587889,復華復華基金,AA1,TWD,54.09
202509,81588536,台新台灣中小基金,AA1,TWD,128.39
202509,81591434,群益長安基金,AA1,TWD,98.45
202509,81594690,永豐永豐基金-A類型,AA1,TWD,77.32
202509,81595924,瀚亞中小型股基金,AA1,TWD,66.47
202509,83863951,元大經貿基金,AA1,TWD,80.45
202509,83864683,富邦科技基金,AA1,TWD,92.91
202509,83866508,PGIM保德信中小型股基金,AA1,TWD,136.0
202509,88090408,兆豐台灣先進通訊基金,AA1,TWD,23.11
202509,88090934,國泰台灣高股息傘型基金之台灣高股息基金-新台幣TISA,AA1,TWD,38.64
202509,88095396,富邦台灣高股息基金-A類型,AA1,TWD,19.68
202509,88122295,復華台灣好收益基金,AA1,TWD,12.34
202509,88175551,富邦台灣永續成長股息基金,AA1,TWD,23.33
202509,88198077,兆豐台灣金傳精選股息基金-累積型,AA1,TWD,10.17
202509,88271077,第一金台灣核心戰略建設基金-累積型-新臺幣,AA1,TWD,19.15
202509,88315292,台中銀台灣優息基金A(累積型-新台幣),AA1,TWD,20.56
202509,88316721,新光臺灣高股息基金(A累)新台幣,AA1,TWD,15.36
202509,92001765,元大多多基金,AA1,TWD,50.78
202509,92002244,統一黑馬基金,AA1,TWD,280.95
202509,92002384,富邦精準基金,AA1,TWD,179.61
202509,92003102,瀚亞高科技基金,AA1,TWD,294.18
202509,92010477,富邦長紅基金,AA1,TWD,226.82
202509,92012025,摩根新興科技基金-一般型,AA1,TWD,188.59
202509,92012572,瀚亞外銷基金,AA1,TWD,128.88
202509,92012762,統一龍馬基金,AA1,TWD,235.6
202509,92013967,PGIM保德信金滿意基金,AA1,TWD,116.71
202509,92017794,匯豐龍騰電子基金,AA1,TWD,104.72
202509,92019786,景順潛力基金,AA1,TWD,75.24
202509,92026219,元大卓越基金,AA1,TWD,92.14
202509,92028997,群益中小型股基金,AA1,TWD,103.41
202509,93110333,統一台灣高息優選基金-累積型,AA1,TWD,16.0
202509,93150600,華南永昌未來科技基金,AA1,TWD,12.55
202509,93212009,復華台灣科技高股息基金A類型(本基金並無保證收益及配息),AA1,TWD,10.52
202509,94991068,富邦新台商基金,AA1,TWD,174.18
202509,97972846,台中銀大發基金A(累積型-新台幣),AA1,TWD,82.42
202509,97977878,統一中小基金,AA1,TWD,77.78
202509,97984293,群益馬拉松基金,AA1,TWD,247.62
202509,97988636,PGIM保德信店頭市場基金,AA1,TWD,87.15
202509,97990696,瀚亞菁華基金,AA1,TWD,69.16
202509,97997635,聯博大利基金,AA1,TWD,101.43
202509,99973878,野村台灣高股息基金-累積類型(本基金並無保證收益),AA1,TWD,81.23
202512,00965469,兆豐第一基金,AA1,TWD,37.12
202512,00968493,野村鴻運基金,AA1,TWD,137.66
202512,00973762,華南永昌永昌基金,AA1,TWD,67.15
202512,00974018,富邦基金A類型,AA1,TWD,35.58
202512,00974066,元大2001基金,AA1,TWD,228.34
202512,00974241,新光台灣富貴基金,AA1,TWD,98.23
202512,00988316,野村台灣運籌基金,AA1,TWD,224.42
202512,01031298,匯豐龍鳳基金-A類型,AA1,TWD,171.23
202512,01031564,野村積極成長基金,AA1,TWD,83.83
202512,01031699,統一全天候基金-A類型,AA1,TWD,499.96
202512,01031874,國泰小龍基金-新台幣,AA1,TWD,63.34
202512,01032058,元大多福基金,AA1,TWD,173.13
202512,01032162,摩根台灣增長基金,AA1,TWD,120.81
202512,01032183,PGIM保德信高成長基金,AA1,TWD,330.09
202512,01050148,兆豐國民基金-TISA類型,AA1,TWD,14.37
202512,10341837,兆豐豐台灣基金,AA1,TWD,114.09
202512,13539952,凱基開創基金,AA1,TWD,107.55
202512,13984165,富達台灣成長基金A股累積型新臺幣計價,AA1,TWD,123.68
202512,13986924,新光大三通基金,AA1,TWD,82.3
202512,13998344,永豐中小基金-A類型,AA1,TWD,173.28
202512,14694495,街口台灣基金,AA1,TWD,102.35
202512,14705562,國泰科技生化基金,AA1,TWD,152.15
202512,15733973,富蘭克林華美第一富基金-A類型,AA1,TWD,158.74
202512,17139204,元大新主流基金,AA1,TWD,87.11
202512,17140568,景順主流基金,AA1,TWD,56.06
202512,17144889,宏利台灣動力基金A類型,AA1,TWD,108.59
202512,17146752,野村成長基金,AA1,TWD,205.71
202512,17147078,富邦精選五虎基金,AA1,TWD,114.29
202512,17148301,富邦台灣心基金,AA1,TWD,87.77
202512,17597236,聯邦精選科技基金-A累積型(新臺幣),AA1,TWD,51.35
202512,17600534,野村高科技基金,AA1,TWD,65.34
202512,17602625,PGIM保德信新世紀基金,AA1,TWD,19.41
202512,17602821,台新2000高科技基金,AA1,TWD,140.58
202512,17604124,安聯台灣大壩基金-A類型-新臺幣,AA1,TWD,164.4
202512,17605622,統一大滿貫基金-A類型,AA1,TWD,135.25
202512,17607591,富邦高科技基金,AA1,TWD,59.81
202512,17608487,復華數位經濟基金,AA1,TWD,112.38
202512,17612497,國泰國泰基金-新台幣A,AA1,TWD,105.93
202512,18033138,台中銀數位時代基金A(累積型-新台幣),AA1,TWD,107.79
202512,18037937,野村ｅ科技基金,AA1,TWD,119.27
202512,18043059,國泰中小成長基金-新台幣,AA1,TWD,194.52
202512,18480065,安聯台灣科技基金,AA1,TWD,387.53
202512,18488279,復華中小精選基金,AA1,TWD,243.33
202512,18488469,野村中小基金-累積類型,AA1,TWD,290.38
202512,18496290,聯邦中國龍基金-A累積型(新臺幣),AA1,TWD,83.92
202512,18499732,德銀遠東DWS台灣旗艦基金,AA1,TWD,71.48
202512,19291128,國泰大中華基金,AA1,TWD,96.51
202512,19330712,貝萊德寶利基金,AA1,TWD,91.55
202512,19330754,野村優質基金-累積類型新臺幣計價,AA1,TWD,230.45
202512,19339782,群益創新科技基金,AA1,TWD,100.31
202512,19341318,第一金電子基金,AA1,TWD,142.76
202512,20080023,元大店頭基金,AA1,TWD,27.94
202512,20081352,群益店頭市場基金,AA1,TWD,202.52
202512,20084317,富邦日盛基金,AA1,TWD,22.72
202512,20089755,富邦精銳中小基金-A類型,AA1,TWD,63.09
202512,20092528,第一金店頭市場基金,AA1,TWD,24.02
202512,20094820,柏瑞巨人基金-A類型,AA1,TWD,39.37
202512,21759676,復華全方位基金A類型,AA1,TWD,104.75
202512,25612029,凱基台灣精五門基金,AA1,TWD,97.67
202512,25636367,摩根台灣金磚基金-累積型,AA1,TWD,69.78
202512,26202396,第一金創新趨勢基金-A類型,AA1,TWD,80.88
202512,26273336,富邦MIT主流基金,AA1,TWD,71.33
202512,26310297,富蘭克林華美台股傘型基金之高科技基金,AA1,TWD,100.38
202512,26320632,合庫台灣基金－A類（累積型）台幣,AA1,TWD,44.59
202512,42532205,路博邁台灣5G股票基金T累積級別(新臺幣),AA1,TWD,51.05
202512,48675778,群益奧斯卡基金,AA1,TWD,86.31
202512,48749899,群益葛萊美基金,AA1,TWD,71.85
202512,48858663,台新主流基金,AA1,TWD,96.54
202512,48893417,中國信託台灣活力基金,AA1,TWD,33.12
202512,48934304,統一台灣動力基金-A類型,AA1,TWD,107.74
202512,48948481,富邦首選基金,AA1,TWD,54.4
202512,48948834,施羅德台灣樂活中小基金-A類型,AA1,TWD,79.65
202512,48997911,安聯台灣智慧基金,AA1,TWD,219.75
202512,73982057,宏利臺灣股息收益基金A類型,AA1,TWD,93.01
202512,73987671,匯豐台灣精典基金-台幣不配息A類型,AA1,TWD,85.23
202512,73988876,富邦小而美基金,AA1,TWD,65.5
202512,73989002,第一金小型精選基金-A類型,AA1,TWD,115.75
202512,73989256,景順台灣科技基金,AA1,TWD,115.49
202512,73989501,摩根中小基金,AA1,TWD,80.41
202512,73990253,統一奔騰基金,AA1,TWD,418.62
202512,73990649,PGIM保德信科技島基金,AA1,TWD,103.31
202512,73991751,兆豐電子基金,AA1,TWD,96.69
202512,73992013,永豐領航科技基金,AA1,TWD,98.47
202512,73998071,新光店頭基金,AA1,TWD,92.35
202512,73998086,復華高成長基金,AA1,TWD,246.98
202512,76941376,匯豐成功基金,AA1,TWD,49.92
202512,76959044,元大台灣高股息優質龍頭基金-新台幣A類型不配息(本基金之配息來源可能為收益平準金且並無保證收益及配息),AA1,TWD,23.12
202512,77074486,永豐臺灣ESG永續優選基金-A累積類型,AA1,TWD,22.4
202512,77537493,統一統信基金,AA1,TWD,151.23
202512,77713842,合庫台灣高科技基金,AA1,TWD,36.31
202512,80892778,街口中小型基金,AA1,TWD,101.93
202512,80894446,台新中國通基金,AA1,TWD,218.1
202512,81581724,統一經建基金-A類型,AA1,TWD,225.0
202512,81584335,元大高科技基金,AA1,TWD,63.42
202512,81584975,富邦上選基金(A類型),AA1,TWD,153.4
202512,81585242,新光創新科技基金,AA1,TWD,57.6
202512,81585475,富邦高成長基金,AA1,TWD,94.22
202512,81587889,復華復華基金,AA1,TWD,69.53
202512,81588536,台新台灣中小基金,AA1,TWD,156.49
202512,81591434,群益長安基金,AA1,TWD,117.18
202512,81594690,永豐永豐基金-A類型,AA1,TWD,98.54
202512,81595924,瀚亞中小型股基金,AA1,TWD,85.71
202512,83863951,元大經貿基金,AA1,TWD,98.15
202512,83864683,富邦科技基金,AA1,TWD,113.18
202512,83866508,PGIM保德信中小型股基金,AA1,TWD,172.68
202512,88090408,兆豐台灣先進通訊基金,AA1,TWD,26.67
202512,88090934,國泰台灣高股息傘型基金之台灣高股息基金-新台幣TISA,AA1,TWD,44.93
202512,88095396,富邦台灣高股息基金-A類型,AA1,TWD,22.37
202512,88122295,復華台灣好收益基金,AA1,TWD,14.14
202512,88175551,富邦台灣永續成長股息基金,AA1,TWD,29.66
202512,88198077,兆豐台灣金傳精選股息基金-累積型,AA1,TWD,12.15
202512,88271077,第一金台灣核心戰略建設基金-累積型-新臺幣,AA1,TWD,23.83
202512,88315292,台中銀台灣優息基金A(累積型-新台幣),AA1,TWD,22.56
202512,88316721,新光臺灣高股息基金(A累)新台幣,AA1,TWD,15.92
202512,92001765,元大多多基金,AA1,TWD,65.15
202512,92002244,統一黑馬基金,AA1,TWD,352.68
202512,92002384,富邦精準基金,AA1,TWD,229.33
202512,92003102,瀚亞高科技基金,AA1,TWD,329.33
202512,92010477,富邦長紅基金,AA1,TWD,291.12
202512,92012025,摩根新興科技基金-一般型,AA1,TWD,225.73
202512,92012572,瀚亞外銷基金,AA1,TWD,156.86
202512,92012762,統一龍馬基金,AA1,TWD,298.71
202512,92013967,PGIM保德信金滿意基金,AA1,TWD,140.06
202512,92017794,匯豐龍騰電子基金,AA1,TWD,125.33
202512,92019786,景順潛力基金累積型新台幣,AA1,TWD,89.85
202512,92026219,元大卓越基金,AA1,TWD,114.47
202512,92028997,群益中小型股基金,AA1,TWD,124.45
202512,93110333,統一台灣高息優選基金-累積型,AA1,TWD,18.57
202512,93150600,華南永昌未來科技基金,AA1,TWD,15.43
202512,93212009,復華台灣科技高股息基金A類型(本基金並無保證收益及配息),AA1,TWD,11.84
202512,94991068,富邦新台商基金,AA1,TWD,209.0
202512,97972846,台中銀大發基金A(累積型-新台幣),AA1,TWD,91.17
202512,97977878,統一中小基金,AA1,TWD,101.51
202512,97984293,群益馬拉松基金,AA1,TWD,292.67
202512,97988636,PGIM保德信店頭市場基金,AA1,TWD,100.16
202512,97990696,瀚亞菁華基金,AA1,TWD,88.33
202512,97997635,聯博大利基金-A2類型(新台幣),AA1,TWD,117.42
202512,99973878,野村台灣高股息基金-累積類型(本基金並無保證收益),AA1,TWD,86.34
202603,00965469,兆豐第一基金,AA1,TWD,44.45
202603,00968493,野村鴻運基金,AA1,TWD,182.07
202603,00973762,華南永昌永昌基金,AA1,TWD,75.45
202603,00974018,富邦基金A類型,AA1,TWD,41.98
202603,00974066,元大2001基金,AA1,TWD,310.18
202603,00974241,新光台灣富貴基金,AA1,TWD,121.44
202603,00988316,野村台灣運籌基金,AA1,TWD,296.95
202603,01031298,匯豐龍鳳基金-A類型,AA1,TWD,203.18
202603,01031564,野村積極成長基金,AA1,TWD,106.41
202603,01031699,統一全天候基金-A類型,AA1,TWD,604.6
202603,01031874,國泰小龍基金-新台幣,AA1,TWD,78.89
202603,01032058,元大多福基金,AA1,TWD,230.05
202603,01032162,摩根台灣增長基金,AA1,TWD,129.29
202603,01032183,PGIM保德信高成長基金,AA1,TWD,407.41
202603,01050148,兆豐國民基金-TISA類型,AA1,TWD,18.39
202603,10341837,兆豐豐台灣基金,AA1,TWD,122.82
202603,13539952,凱基開創基金,AA1,TWD,140.4
202603,13984165,富達台灣成長基金A股累積型新臺幣計價級別,AA1,TWD,150.12
202603,13986924,新光大三通基金,AA1,TWD,98.64
202603,13998344,永豐中小基金-A類型,AA1,TWD,218.53
202603,14694495,街口台灣基金,AA1,TWD,130.7
202603,14705562,國泰科技生化基金,AA1,TWD,187.89
202603,15733973,富蘭克林華美第一富基金-A類型,AA1,TWD,198.94
202603,17139204,元大新主流基金,AA1,TWD,128.22
202603,17140568,景順主流基金,AA1,TWD,60.2
202603,17144889,宏利台灣動力基金A類型,AA1,TWD,129.55
202603,17146752,野村成長基金,AA1,TWD,266.21
202603,17147078,富邦精選五虎基金,AA1,TWD,132.57
202603,17148301,富邦台灣心基金,AA1,TWD,104.3
202603,17597236,聯邦精選科技基金-A累積型(新臺幣),AA1,TWD,57.42
202603,17600534,野村高科技基金-累積類型,AA1,TWD,84.54
202603,17602625,PGIM保德信新世紀基金,AA1,TWD,20.84
202603,17602821,台新2000高科技基金,AA1,TWD,187.45
202603,17604124,安聯台灣大壩基金-A類型-新臺幣,AA1,TWD,212.12
202603,17605622,統一大滿貫基金-A類型,AA1,TWD,166.93
202603,17607591,富邦高科技基金,AA1,TWD,72.91
202603,17608487,復華數位經濟基金,AA1,TWD,124.75
202603,17612497,國泰國泰基金-新台幣A,AA1,TWD,127.1
202603,18033138,台中銀數位時代基金A(累積型-新台幣),AA1,TWD,133.91
202603,18037937,野村ｅ科技基金,AA1,TWD,153.94
202603,18043059,國泰中小成長基金-新台幣,AA1,TWD,236.68
202603,18480065,安聯台灣科技基金,AA1,TWD,486.98
202603,18488279,復華中小精選基金,AA1,TWD,290.32
202603,18488469,野村中小基金-累積類型,AA1,TWD,375.96
202603,18496290,聯邦中國龍基金-A累積型(新臺幣),AA1,TWD,105.86
202603,18499732,德銀遠東DWS台灣旗艦基金,AA1,TWD,82.11
202603,19291128,國泰大中華基金,AA1,TWD,115.4
202603,19330712,貝萊德寶利基金,AA1,TWD,109.62
202603,19330754,野村優質基金-累積類型新臺幣計價,AA1,TWD,288.29
202603,19339782,群益創新科技基金,AA1,TWD,120.04
202603,19341318,第一金電子基金,AA1,TWD,177.63
202603,20080023,元大店頭基金,AA1,TWD,33.92
202603,20081352,群益店頭市場基金,AA1,TWD,219.76
202603,20084317,富邦日盛基金,AA1,TWD,26.87
202603,20089755,富邦精銳中小基金-A類型,AA1,TWD,77.56
202603,20092528,第一金店頭市場基金,AA1,TWD,29.71
202603,20094820,柏瑞巨人基金-A類型,AA1,TWD,45.58
202603,21759676,復華全方位基金A類型,AA1,TWD,115.16
202603,25612029,凱基台灣精五門基金,AA1,TWD,126.15
202603,25636367,摩根台灣金磚基金-累積型,AA1,TWD,86.51
202603,26202396,第一金創新趨勢基金-A類型,AA1,TWD,98.62
202603,26273336,富邦MIT主流基金,AA1,TWD,78.14
202603,26310297,富蘭克林華美台股傘型基金之高科技基金,AA1,TWD,128.17
202603,26320632,合庫台灣基金－A類（累積型）台幣,AA1,TWD,53.86
202603,42532205,路博邁台灣5G股票基金T累積級別(新臺幣),AA1,TWD,61.12
202603,48675778,群益奧斯卡基金,AA1,TWD,99.36
202603,48749899,群益葛萊美基金,AA1,TWD,80.38
202603,48858663,台新主流基金,AA1,TWD,123.8
202603,48893417,中國信託台灣活力基金,AA1,TWD,41.55
202603,48934304,統一台灣動力基金-A類型,AA1,TWD,133.45
202603,48948481,富邦首選基金,AA1,TWD,61.27
202603,48948834,施羅德台灣樂活中小基金-A類型,AA1,TWD,109.72
202603,48997911,安聯台灣智慧基金,AA1,TWD,269.09
202603,73982057,宏利臺灣股息收益基金A類型,AA1,TWD,99.88
202603,73987671,匯豐台灣精典基金-台幣不配息A類型,AA1,TWD,103.48
202603,73988876,富邦小而美基金,AA1,TWD,86.95
202603,73989002,第一金小型精選基金-A類型,AA1,TWD,141.21
202603,73989256,景順台灣科技基金,AA1,TWD,136.07
202603,73989501,摩根中小基金,AA1,TWD,102.62
202603,73990253,統一奔騰基金,AA1,TWD,497.91
202603,73990649,PGIM保德信科技島基金,AA1,TWD,139.82
202603,73991751,兆豐電子基金,AA1,TWD,102.5
202603,73992013,永豐領航科技基金,AA1,TWD,119.4
202603,73998071,新光店頭基金,AA1,TWD,113.97
202603,73998086,復華高成長基金,AA1,TWD,272.82
202603,76941376,匯豐成功基金,AA1,TWD,49.96
202603,76959044,元大台灣高股息優質龍頭基金-新台幣A類型不配息(本基金之配息來源可能為收益平準金且並無保證收益及配息),AA1,TWD,29.56
202603,77074486,永豐臺灣ESG永續優選基金-A累積類型,AA1,TWD,23.55
202603,77537493,統一統信基金,AA1,TWD,186.95
202603,77713842,合庫台灣高科技基金,AA1,TWD,43.36
202603,80892778,街口中小型基金,AA1,TWD,131.39
202603,80894446,台新中國通基金,AA1,TWD,283.22
202603,81581724,統一經建基金-A類型,AA1,TWD,277.71
202603,81584335,元大高科技基金,AA1,TWD,80.49
202603,81584975,富邦上選基金(A類型),AA1,TWD,182.23
202603,81585242,新光創新科技基金,AA1,TWD,72.25
202603,81585475,富邦高成長基金,AA1,TWD,111.58
202603,81587889,復華復華基金,AA1,TWD,77.86
202603,81588536,台新台灣中小基金,AA1,TWD,199.88
202603,81591434,群益長安基金,AA1,TWD,140.87
202603,81594690,永豐永豐基金-A類型,AA1,TWD,119.8
202603,81595924,瀚亞中小型股基金,AA1,TWD,108.92
202603,83863951,元大經貿基金,AA1,TWD,132.34
202603,83864683,富邦科技基金,AA1,TWD,138.16
202603,83866508,PGIM保德信中小型股基金,AA1,TWD,227.82
202603,88090408,兆豐台灣先進通訊基金,AA1,TWD,28.15
202603,88090934,國泰台灣高股息傘型基金之台灣高股息基金-新台幣TISA,AA1,TWD,53.2
202603,88095396,富邦台灣高股息基金-A類型,AA1,TWD,24.18
202603,88122295,復華台灣好收益基金,AA1,TWD,13.89
202603,88175551,富邦台灣永續成長股息基金,AA1,TWD,32.93
202603,88198077,兆豐台灣金傳精選股息基金-累積型,AA1,TWD,13.52
202603,88271077,第一金台灣核心戰略建設基金-累積型-新臺幣,AA1,TWD,29.29
202603,88315292,台中銀台灣優息基金A(累積型-新台幣),AA1,TWD,24.45
202603,88316721,新光臺灣高股息基金(A累)新台幣,AA1,TWD,18.39
202603,92001765,元大多多基金,AA1,TWD,84.76
202603,92002244,統一黑馬基金,AA1,TWD,438.87
202603,92002384,富邦精準基金,AA1,TWD,282.37
202603,92003102,瀚亞高科技基金,AA1,TWD,385.44
202603,92010477,富邦長紅基金,AA1,TWD,343.75
202603,92012025,摩根新興科技基金-一般型,AA1,TWD,296.56
202603,92012572,瀚亞外銷基金A類型-新台幣,AA1,TWD,197.17
202603,92012762,統一龍馬基金,AA1,TWD,369.02
202603,92013967,PGIM保德信金滿意基金,AA1,TWD,178.13
202603,92017794,匯豐龍騰電子基金,AA1,TWD,155.09
202603,92019786,景順潛力基金累積型新台幣,AA1,TWD,104.66
202603,92026219,元大卓越基金,AA1,TWD,154.91
202603,92028997,群益中小型股基金,AA1,TWD,150.28
202603,93110333,統一台灣高息優選基金-累積型,AA1,TWD,20.88
202603,93150600,華南永昌未來科技基金,AA1,TWD,17.97
202603,93212009,復華台灣科技高股息基金A類型(本基金並無保證收益及配息),AA1,TWD,12.19
202603,94991068,富邦新台商基金,AA1,TWD,275.93
202603,97972846,台中銀大發基金A(累積型-新台幣),AA1,TWD,114.0
202603,97977878,統一中小基金,AA1,TWD,130.89
202603,97984293,群益馬拉松基金,AA1,TWD,340.93
202603,97988636,PGIM保德信店頭市場基金,AA1,TWD,130.69
202603,97990696,瀚亞菁華基金,AA1,TWD,108.02
202603,97997635,聯博大利基金-A2類型(新台幣),AA1,TWD,139.82
202603,99973878,野村台灣高股息基金-累積類型(本基金並無保證收益),AA1,TWD,91.48
